diff_wins,diff_losses,diff_total_yel_card,diff_total_red_card,diff_total_scoring_att,diff_ontarget_scoring_att,diff_hit_woodwork,diff_att_hd_goal,diff_att_pen_goal,diff_att_freekick_goal,diff_att_ibox_goal,diff_att_obox_goal,diff_goal_fastbreak,diff_total_offside,diff_clean_sheet,diff_goals_conceded,diff_saves,diff_outfielder_block,diff_interception,diff_total_tackle,diff_last_man_tackle,diff_total_clearance,diff_head_clearance,diff_own_goals,diff_penalty_conceded,diff_pen_goals_conceded,diff_total_pass,diff_total_through_ball,diff_total_long_balls,diff_backward_pass,diff_total_cross,diff_corner_taken,diff_touches,diff_big_chance_missed,diff_clearance_off_line,diff_dispossessed,diff_penalty_save,diff_total_high_claim,diff_punches
-5.0,-1.0,-20.0,-3.0,111.0,14.0,-1.0,6.0,-3.0,-2.0,-11.0,6.0,1.0,-44.0,-10.0,13.0,-2.0,9.0,32.0,-72.0,12.0,157.0,120.0,1.0,2.0,1.0,-977.0,-59.0,686.0,-327.0,192.0,34.0,-454.0,0.0,4.0,40.0,1.0,2.0,23.0
5.0,-5.0,12.0,1.0,-66.0,-9.0,1.0,4.0,-1.0,2.0,4.0,1.0,3.0,-28.0,2.0,-11.0,0.0,-1.0,84.0,61.0,3.0,-237.0,-102.0,-1.0,-2.0,-1.0,1244.0,-3.0,-156.0,-2.0,159.0,49.0,858.0,13.0,-2.0,-224.0,-1.0,-9.0,-16.0
-2.0,7.0,10.0,0.0,-127.0,-46.0,2.0,-5.0,-2.0,0.0,-4.0,-1.0,-3.0,9.0,-1.0,14.0,0.0,34.0,264.0,-20.0,-1.0,256.0,147.0,-1.0,6.0,4.0,-3193.0,-18.0,-175.0,-531.0,-198.0,-72.0,-3207.0,-3.0,6.0,-168.0,0.0,-1.0,-4.0
1.0,5.0,15.0,4.0,23.0,1.0,-1.0,-5.0,2.0,-1.0,2.0,1.0,1.0,-43.0,-9.0,13.0,0.0,30.0,-41.0,140.0,12.0,-47.0,-24.0,-5.0,5.0,3.0,-3641.0,-15.0,301.0,-984.0,-15.0,6.0,-3445.0,4.0,-2.0,-141.0,1.0,-36.0,-15.0
4.0,0.0,0.0,2.0,131.0,33.0,-1.0,-3.0,2.0,1.0,6.0,2.0,1.0,7.0,4.0,-2.0,0.0,-45.0,121.0,152.0,10.0,30.0,-85.0,-3.0,0.0,0.0,130.0,47.0,-437.0,-149.0,79.0,31.0,976.0,5.0,7.0,66.0,-1.0,-9.0,19.0
-1.0,-5.0,20.0,2.0,-20.0,9.0,-2.0,-5.0,-5.0,2.0,-12.0,-3.0,2.0,-26.0,1.0,-17.0,-3.0,-90.0,312.0,134.0,13.0,-420.0,-232.0,-5.0,3.0,2.0,67.0,36.0,-365.0,-360.0,-216.0,-14.0,-99.0,-7.0,-11.0,41.0,1.0,1.0,-4.0
-2.0,2.0,-6.0,0.0,-23.0,-4.0,-6.0,-1.0,0.0,-1.0,-1.0,1.0,-3.0,19.0,-4.0,18.0,0.0,-5.0,-12.0,-39.0,-2.0,-111.0,-128.0,0.0,-1.0,1.0,4474.0,24.0,288.0,874.0,338.0,50.0,4577.0,-10.0,2.0,-23.0,-2.0,20.0,-1.0
9.0,-6.0,7.0,-6.0,148.0,60.0,9.0,2.0,2.0,1.0,11.0,2.0,1.0,11.0,13.0,-38.0,0.0,1.0,-46.0,44.0,9.0,-326.0,-139.0,-4.0,-3.0,-4.0,4984.0,151.0,-242.0,327.0,188.0,70.0,5202.0,27.0,-1.0,49.0,1.0,46.0,-1.0
-2.0,6.0,-2.0,-4.0,-72.0,-33.0,-11.0,-1.0,2.0,0.0,-13.0,0.0,0.0,-6.0,1.0,1.0,0.0,34.0,-117.0,136.0,-1.0,-4.0,-17.0,2.0,-1.0,1.0,-3422.0,-225.0,576.0,222.0,-104.0,-40.0,-3688.0,-45.0,2.0,-108.0,-2.0,18.0,1.0
12.0,-10.0,-22.0,1.0,111.0,44.0,5.0,3.0,-2.0,1.0,21.0,1.0,4.0,20.0,6.0,-20.0,0.0,-27.0,38.0,27.0,6.0,28.0,36.0,-1.0,0.0,0.0,4676.0,117.0,175.0,370.0,-17.0,41.0,4563.0,-12.0,-5.0,-56.0,0.0,-11.0,-10.0
9.0,-11.0,18.0,4.0,123.0,77.0,12.0,1.0,-3.0,-2.0,23.0,-6.0,0.0,-4.0,7.0,-35.0,-3.0,-112.0,258.0,-8.0,-4.0,-539.0,-280.0,-4.0,6.0,4.0,5037.0,298.0,-1120.0,-265.0,92.0,69.0,5013.0,42.0,-12.0,102.0,2.0,7.0,-4.0
-3.0,-2.0,-8.0,-2.0,-52.0,-14.0,1.0,1.0,1.0,-2.0,-5.0,-4.0,0.0,4.0,1.0,-1.0,0.0,-4.0,-161.0,-80.0,-4.0,-260.0,-28.0,3.0,-2.0,-1.0,2858.0,28.0,600.0,663.0,-37.0,-23.0,2231.0,-14.0,1.0,18.0,1.0,21.0,-5.0
2.0,-10.0,-7.0,3.0,121.0,42.0,-6.0,4.0,0.0,1.0,2.0,3.0,3.0,-15.0,4.0,-21.0,0.0,-2.0,-50.0,91.0,1.0,60.0,-11.0,0.0,-2.0,-2.0,-452.0,-10.0,-118.0,-167.0,-85.0,4.0,-144.0,18.0,-5.0,99.0,0.0,-33.0,11.0
-3.0,10.0,17.0,0.0,-175.0,-48.0,5.0,1.0,-2.0,2.0,2.0,-11.0,1.0,15.0,1.0,2.0,0.0,17.0,-129.0,-38.0,-3.0,-47.0,-9.0,1.0,-1.0,-1.0,-6442.0,-53.0,-345.0,-760.0,-188.0,-65.0,-7243.0,-12.0,-1.0,-111.0,0.0,-4.0,-30.0
0.0,0.0,-5.0,2.0,65.0,30.0,2.0,3.0,0.0,0.0,10.0,1.0,1.0,4.0,-11.0,15.0,0.0,-8.0,-32.0,-95.0,-7.0,-203.0,-77.0,4.0,0.0,1.0,86.0,-28.0,66.0,66.0,-56.0,6.0,-404.0,8.0,-8.0,83.0,0.0,-24.0,-17.0
-5.0,3.0,-8.0,-4.0,2.0,1.0,9.0,-1.0,1.0,-1.0,-6.0,-3.0,-2.0,63.0,0.0,14.0,0.0,34.0,-44.0,-156.0,-4.0,-113.0,-131.0,2.0,0.0,2.0,663.0,22.0,-234.0,324.0,-36.0,-16.0,472.0,2.0,-1.0,156.0,-1.0,-7.0,19.0
-12.0,5.0,8.0,3.0,-234.0,-74.0,-12.0,-9.0,-4.0,3.0,-29.0,0.0,1.0,-42.0,-8.0,28.0,0.0,-11.0,147.0,145.0,1.0,434.0,158.0,-1.0,3.0,2.0,-4056.0,-141.0,173.0,-282.0,-375.0,-88.0,-3909.0,-31.0,-2.0,-33.0,0.0,-34.0,3.0
-1.0,0.0,7.0,0.0,1.0,3.0,-9.0,2.0,1.0,-2.0,8.0,0.0,-3.0,-10.0,2.0,-2.0,0.0,-49.0,-59.0,-178.0,-5.0,-91.0,-23.0,1.0,2.0,1.0,-417.0,-28.0,134.0,140.0,49.0,-28.0,-573.0,5.0,0.0,177.0,0.0,26.0,1.0
-12.0,7.0,-4.0,-2.0,-71.0,-40.0,-5.0,-3.0,-1.0,1.0,-29.0,0.0,-3.0,-2.0,-1.0,6.0,0.0,13.0,22.0,106.0,-12.0,460.0,244.0,4.0,-5.0,-5.0,-2525.0,-93.0,-220.0,152.0,-140.0,-52.0,-1875.0,-12.0,10.0,88.0,1.0,37.0,21.0
4.0,-5.0,8.0,3.0,-36.0,-28.0,4.0,-4.0,2.0,1.0,-3.0,4.0,-1.0,16.0,4.0,-11.0,2.0,2.0,37.0,-82.0,2.0,133.0,117.0,-3.0,-4.0,-4.0,1040.0,22.0,-317.0,-31.0,-62.0,10.0,951.0,8.0,-4.0,27.0,1.0,-8.0,1.0
-8.0,9.0,0.0,-1.0,-201.0,-103.0,-13.0,0.0,-3.0,1.0,-28.0,2.0,-2.0,-6.0,-5.0,16.0,0.0,89.0,25.0,-24.0,8.0,444.0,219.0,0.0,-1.0,0.0,-8972.0,-319.0,595.0,-720.0,-107.0,-79.0,-9208.0,-44.0,4.0,-244.0,-2.0,-6.0,1.0
-1.0,8.0,-5.0,1.0,-16.0,-11.0,1.0,-7.0,5.0,1.0,2.0,4.0,1.0,-3.0,-8.0,35.0,3.0,86.0,-217.0,-19.0,2.0,103.0,-18.0,0.0,2.0,2.0,-1232.0,-44.0,523.0,-20.0,-29.0,-8.0,-1180.0,8.0,4.0,-60.0,-1.0,-33.0,-8.0
8.0,-9.0,-9.0,-1.0,263.0,101.0,1.0,1.0,3.0,0.0,19.0,4.0,0.0,39.0,6.0,-15.0,0.0,-29.0,84.0,53.0,6.0,-554.0,-321.0,-1.0,-2.0,-1.0,8887.0,194.0,-18.0,1083.0,229.0,66.0,9231.0,31.0,2.0,124.0,-1.0,20.0,2.0
7.0,-6.0,-16.0,-2.0,146.0,21.0,6.0,7.0,3.0,-5.0,8.0,7.0,-2.0,-12.0,1.0,-15.0,0.0,23.0,-102.0,-160.0,-4.0,167.0,172.0,1.0,0.0,0.0,1611.0,0.0,190.0,-41.0,334.0,87.0,1921.0,12.0,1.0,20.0,1.0,18.0,25.0
0.0,6.0,-16.0,0.0,-48.0,-29.0,4.0,-5.0,-2.0,1.0,-9.0,-1.0,0.0,11.0,-4.0,9.0,0.0,17.0,-88.0,11.0,0.0,180.0,65.0,0.0,-2.0,-1.0,629.0,-13.0,246.0,215.0,82.0,39.0,664.0,-33.0,0.0,-101.0,0.0,28.0,-7.0
16.0,-15.0,-3.0,2.0,46.0,38.0,-3.0,9.0,-2.0,1.0,33.0,2.0,4.0,-18.0,10.0,-33.0,0.0,-77.0,63.0,-90.0,4.0,-300.0,-89.0,-1.0,0.0,0.0,5503.0,86.0,153.0,508.0,191.0,62.0,4848.0,6.0,-7.0,-103.0,-1.0,6.0,-25.0
4.0,1.0,10.0,2.0,169.0,52.0,-2.0,0.0,2.0,1.0,10.0,5.0,2.0,-34.0,-4.0,-2.0,0.0,-29.0,54.0,271.0,10.0,205.0,83.0,-4.0,0.0,-2.0,-1332.0,22.0,-297.0,-642.0,66.0,47.0,-301.0,12.0,1.0,43.0,1.0,-25.0,1.0
5.0,-1.0,11.0,-5.0,-15.0,21.0,0.0,-2.0,2.0,0.0,4.0,-1.0,0.0,-15.0,12.0,-27.0,0.0,2.0,-70.0,183.0,-8.0,-15.0,-46.0,-2.0,2.0,1.0,2476.0,47.0,-248.0,362.0,17.0,25.0,2717.0,0.0,-2.0,-31.0,0.0,36.0,3.0
-9.0,6.0,-14.0,0.0,-14.0,-23.0,-6.0,3.0,-4.0,-1.0,-11.0,-4.0,0.0,-5.0,-5.0,23.0,-2.0,4.0,65.0,-6.0,13.0,85.0,6.0,1.0,2.0,2.0,-3602.0,-41.0,499.0,-397.0,101.0,-41.0,-3264.0,-16.0,14.0,-79.0,-1.0,-4.0,13.0
-1.0,4.0,16.0,-3.0,-74.0,-16.0,11.0,-1.0,1.0,0.0,-1.0,-2.0,0.0,14.0,-2.0,14.0,0.0,34.0,197.0,76.0,4.0,-149.0,-31.0,-1.0,2.0,2.0,240.0,51.0,-262.0,-188.0,-46.0,-15.0,53.0,10.0,5.0,-175.0,0.0,-21.0,-5.0
-10.0,6.0,-1.0,2.0,-38.0,-31.0,-7.0,-4.0,0.0,1.0,-28.0,1.0,-1.0,-24.0,-6.0,8.0,0.0,42.0,-176.0,75.0,-5.0,212.0,18.0,1.0,-4.0,-3.0,-4499.0,-140.0,-47.0,-322.0,14.0,2.0,-4043.0,-3.0,0.0,54.0,0.0,6.0,14.0
7.0,-8.0,-2.0,1.0,84.0,65.0,14.0,-1.0,0.0,0.0,23.0,-3.0,0.0,36.0,8.0,-13.0,0.0,-56.0,82.0,-167.0,-14.0,-389.0,-274.0,1.0,3.0,3.0,7446.0,269.0,-898.0,699.0,78.0,55.0,7278.0,46.0,-6.0,183.0,0.0,10.0,3.0
0.0,-9.0,-10.0,-1.0,88.0,33.0,-4.0,5.0,-1.0,1.0,1.0,2.0,1.0,7.0,9.0,-23.0,0.0,-31.0,148.0,122.0,-6.0,308.0,215.0,3.0,-3.0,-4.0,1522.0,37.0,-291.0,307.0,-239.0,-50.0,2024.0,9.0,5.0,133.0,1.0,-2.0,18.0
10.0,-8.0,6.0,0.0,93.0,42.0,6.0,-5.0,7.0,0.0,12.0,2.0,1.0,16.0,10.0,-26.0,2.0,-53.0,-105.0,78.0,-7.0,-315.0,-119.0,-1.0,-4.0,-3.0,6590.0,116.0,-336.0,911.0,-59.0,49.0,6471.0,7.0,-6.0,163.0,1.0,16.0,1.0
1.0,-5.0,31.0,0.0,-24.0,7.0,-1.0,7.0,-2.0,-3.0,6.0,-5.0,-2.0,-15.0,3.0,-21.0,-3.0,-72.0,157.0,-114.0,4.0,-591.0,-262.0,-3.0,3.0,3.0,-919.0,20.0,-478.0,-502.0,186.0,19.0,-1508.0,16.0,-9.0,28.0,0.0,7.0,-3.0
-4.0,7.0,1.0,5.0,-60.0,-7.0,-3.0,0.0,-1.0,1.0,10.0,-9.0,0.0,43.0,-6.0,25.0,0.0,-13.0,1.0,-29.0,-6.0,-275.0,-191.0,4.0,0.0,2.0,-2539.0,-10.0,-121.0,-4.0,-147.0,-69.0,-3214.0,-8.0,2.0,-36.0,-2.0,-30.0,-27.0
-14.0,10.0,0.0,0.0,-173.0,-70.0,-3.0,-3.0,-1.0,-2.0,-23.0,-3.0,-3.0,7.0,-10.0,37.0,0.0,57.0,-33.0,14.0,-6.0,591.0,253.0,1.0,3.0,3.0,-5869.0,-126.0,82.0,-562.0,-181.0,-76.0,-5603.0,-26.0,2.0,1.0,0.0,-45.0,19.0
-3.0,-1.0,10.0,-1.0,-21.0,16.0,-1.0,-4.0,-2.0,4.0,-8.0,3.0,3.0,-27.0,-6.0,5.0,0.0,-18.0,69.0,94.0,3.0,-95.0,-58.0,-1.0,0.0,-1.0,1014.0,-18.0,-3.0,111.0,-243.0,-12.0,889.0,4.0,-11.0,99.0,1.0,-12.0,-15.0
-9.0,1.0,-6.0,1.0,-181.0,-84.0,-1.0,2.0,-4.0,-1.0,-20.0,-2.0,-2.0,4.0,-5.0,14.0,0.0,51.0,-19.0,-240.0,5.0,188.0,208.0,1.0,-2.0,-2.0,-2692.0,-66.0,619.0,-279.0,-40.0,-62.0,-3289.0,-13.0,3.0,-118.0,1.0,-3.0,-5.0
1.0,4.0,-3.0,0.0,-24.0,-22.0,1.0,-2.0,-1.0,0.0,0.0,-2.0,0.0,-18.0,2.0,-11.0,0.0,-27.0,-135.0,-128.0,-3.0,200.0,170.0,1.0,1.0,-1.0,-4262.0,-65.0,92.0,-519.0,-207.0,-39.0,-4486.0,-18.0,-2.0,99.0,2.0,34.0,-5.0
6.0,-1.0,9.0,1.0,-90.0,-31.0,2.0,2.0,-2.0,2.0,4.0,-1.0,3.0,-46.0,4.0,-22.0,0.0,-28.0,-51.0,-67.0,0.0,-37.0,68.0,0.0,-1.0,-2.0,-3018.0,-68.0,-64.0,-521.0,-48.0,10.0,-3628.0,-5.0,-4.0,-125.0,1.0,25.0,-21.0
0.0,-2.0,4.0,-3.0,-64.0,-8.0,10.0,3.0,0.0,1.0,-2.0,-2.0,1.0,35.0,2.0,3.0,0.0,33.0,40.0,-95.0,-1.0,-350.0,-233.0,1.0,-2.0,1.0,1907.0,19.0,-390.0,322.0,123.0,33.0,1330.0,15.0,-3.0,-68.0,-2.0,-16.0,3.0
0.0,6.0,13.0,4.0,-94.0,-37.0,0.0,-6.0,-1.0,0.0,-3.0,0.0,-1.0,-13.0,-6.0,16.0,0.0,63.0,66.0,-51.0,6.0,8.0,-79.0,-4.0,7.0,6.0,-5167.0,-65.0,-2.0,-1005.0,-44.0,-18.0,-5375.0,6.0,-4.0,-202.0,-1.0,-32.0,-11.0
2.0,-4.0,-23.0,3.0,73.0,13.0,-2.0,-1.0,-2.0,2.0,-7.0,2.0,3.0,-4.0,0.0,-12.0,0.0,15.0,-138.0,102.0,1.0,240.0,54.0,0.0,-4.0,-3.0,177.0,-23.0,128.0,48.0,-3.0,43.0,520.0,-15.0,-5.0,-2.0,0.0,-5.0,4.0
5.0,-12.0,-11.0,0.0,198.0,52.0,1.0,0.0,2.0,-1.0,-1.0,10.0,2.0,-34.0,3.0,-20.0,0.0,-12.0,141.0,77.0,5.0,158.0,137.0,-1.0,2.0,0.0,1968.0,29.0,57.0,-114.0,-150.0,15.0,2666.0,22.0,-1.0,134.0,2.0,-16.0,31.0
4.0,0.0,-5.0,4.0,196.0,63.0,1.0,0.0,2.0,1.0,16.0,3.0,2.0,11.0,-7.0,13.0,0.0,-53.0,89.0,57.0,3.0,-173.0,-162.0,1.0,0.0,1.0,216.0,19.0,-371.0,-83.0,23.0,37.0,572.0,13.0,-1.0,149.0,-1.0,-33.0,2.0
-7.0,7.0,-8.0,-1.0,-122.0,-84.0,-13.0,-2.0,0.0,0.0,-27.0,0.0,-1.0,5.0,0.0,13.0,0.0,40.0,-15.0,48.0,14.0,214.0,106.0,0.0,-3.0,-1.0,-5984.0,-244.0,758.0,-206.0,-65.0,-71.0,-6001.0,-53.0,12.0,-160.0,-2.0,6.0,15.0
6.0,-10.0,-7.0,1.0,36.0,7.0,3.0,10.0,-3.0,0.0,17.0,2.0,2.0,15.0,1.0,-7.0,0.0,-21.0,54.0,-215.0,15.0,-20.0,71.0,-2.0,-2.0,-2.0,2142.0,64.0,241.0,-89.0,181.0,31.0,1730.0,7.0,-4.0,-22.0,0.0,-29.0,-10.0
-12.0,5.0,-4.0,-1.0,-35.0,-7.0,-7.0,-1.0,-6.0,3.0,-19.0,-1.0,3.0,-32.0,-11.0,28.0,-2.0,-14.0,134.0,88.0,16.0,-10.0,-52.0,0.0,2.0,1.0,-2588.0,-59.0,496.0,-286.0,-142.0,-53.0,-2375.0,-12.0,3.0,20.0,0.0,-16.0,-2.0
11.0,-10.0,12.0,-1.0,214.0,83.0,10.0,4.0,-1.0,-1.0,17.0,-3.0,1.0,16.0,9.0,-45.0,-3.0,-79.0,165.0,-11.0,12.0,-854.0,-390.0,-4.0,0.0,0.0,4123.0,177.0,-538.0,-78.0,159.0,74.0,3810.0,24.0,-9.0,74.0,1.0,35.0,-7.0
0.0,0.0,12.0,4.0,-199.0,-67.0,-5.0,-8.0,2.0,0.0,-10.0,1.0,-2.0,-10.0,3.0,0.0,2.0,3.0,13.0,57.0,-15.0,444.0,210.0,-1.0,1.0,1.0,-1468.0,-82.0,-323.0,4.0,-233.0,-35.0,-1534.0,-19.0,-5.0,-53.0,0.0,-18.0,5.0
7.0,-7.0,13.0,-1.0,57.0,54.0,11.0,-1.0,0.0,0.0,17.0,-1.0,0.0,-9.0,11.0,-28.0,0.0,-32.0,47.0,47.0,-7.0,-11.0,-29.0,-4.0,3.0,0.0,5898.0,272.0,-824.0,140.0,121.0,65.0,6405.0,45.0,-4.0,77.0,2.0,18.0,2.0
-1.0,1.0,-10.0,-1.0,-110.0,-49.0,2.0,7.0,0.0,-5.0,2.0,-5.0,-4.0,20.0,2.0,-3.0,0.0,63.0,-190.0,-246.0,-13.0,65.0,143.0,4.0,0.0,1.0,-1144.0,-29.0,440.0,38.0,164.0,-19.0,-1865.0,-9.0,4.0,-165.0,0.0,21.0,-4.0
-1.0,2.0,-18.0,-3.0,78.0,26.0,1.0,-1.0,6.0,1.0,5.0,4.0,2.0,10.0,-2.0,19.0,3.0,23.0,-283.0,32.0,-4.0,95.0,61.0,4.0,-5.0,-4.0,3935.0,21.0,525.0,985.0,15.0,10.0,4195.0,2.0,8.0,142.0,0.0,-1.0,3.0
-2.0,1.0,-3.0,-4.0,-33.0,-9.0,2.0,1.0,-1.0,0.0,-1.0,-1.0,-2.0,22.0,5.0,-2.0,0.0,-29.0,198.0,31.0,-7.0,248.0,226.0,3.0,-1.0,-2.0,1974.0,47.0,-173.0,474.0,-154.0,-54.0,2168.0,-9.0,10.0,34.0,1.0,31.0,7.0
5.0,-1.0,6.0,-3.0,50.0,51.0,2.0,1.0,2.0,0.0,14.0,0.0,1.0,-11.0,1.0,-12.0,0.0,-6.0,-102.0,88.0,-15.0,-218.0,-123.0,2.0,2.0,2.0,2562.0,19.0,-182.0,428.0,-39.0,31.0,2313.0,8.0,-10.0,52.0,0.0,12.0,-14.0
-9.0,11.0,8.0,-1.0,-85.0,-17.0,3.0,-1.0,0.0,0.0,-2.0,-10.0,-2.0,61.0,-3.0,24.0,0.0,45.0,-78.0,29.0,-3.0,-10.0,-77.0,1.0,0.0,1.0,-3424.0,15.0,-281.0,-239.0,-140.0,-75.0,-3615.0,-7.0,3.0,14.0,-1.0,-29.0,-9.0
-11.0,12.0,11.0,2.0,-48.0,-39.0,-6.0,-8.0,1.0,0.0,-27.0,1.0,-2.0,-45.0,-10.0,19.0,0.0,43.0,-19.0,246.0,0.0,413.0,220.0,-1.0,0.0,-2.0,-6166.0,-108.0,81.0,-832.0,-155.0,-46.0,-5320.0,-8.0,8.0,-53.0,2.0,1.0,6.0
-1.0,6.0,-9.0,0.0,-47.0,-26.0,-5.0,-3.0,-1.0,-1.0,-1.0,-1.0,-3.0,1.0,-2.0,7.0,0.0,-32.0,-147.0,-167.0,-5.0,89.0,42.0,1.0,0.0,0.0,212.0,-41.0,380.0,355.0,131.0,11.0,91.0,-28.0,0.0,76.0,0.0,54.0,-6.0
-2.0,-4.0,10.0,0.0,25.0,25.0,-10.0,4.0,2.0,-2.0,8.0,2.0,-3.0,8.0,0.0,9.0,0.0,-22.0,76.0,-50.0,-2.0,-291.0,-193.0,0.0,1.0,2.0,3845.0,37.0,42.0,659.0,256.0,11.0,3913.0,23.0,2.0,78.0,-2.0,-8.0,6.0
-2.0,-6.0,5.0,2.0,52.0,31.0,-5.0,-7.0,-1.0,4.0,-9.0,3.0,4.0,-22.0,2.0,-5.0,0.0,-35.0,243.0,237.0,9.0,-9.0,-35.0,-2.0,2.0,0.0,357.0,29.0,-133.0,-73.0,-484.0,-72.0,745.0,10.0,-2.0,114.0,1.0,-34.0,6.0
-5.0,5.0,2.0,-2.0,-179.0,-60.0,3.0,-4.0,-1.0,-2.0,-9.0,-5.0,-3.0,13.0,0.0,13.0,0.0,30.0,103.0,-100.0,-5.0,-4.0,119.0,2.0,4.0,3.0,-335.0,10.0,425.0,132.0,-235.0,-95.0,-976.0,-17.0,7.0,-150.0,1.0,20.0,-9.0
2.0,1.0,3.0,-3.0,29.0,8.0,10.0,2.0,2.0,0.0,3.0,-3.0,3.0,-13.0,1.0,-11.0,0.0,-27.0,-202.0,-32.0,2.0,-205.0,-8.0,1.0,-3.0,-3.0,-829.0,4.0,5.0,-176.0,-55.0,18.0,-1226.0,-5.0,-3.0,92.0,2.0,14.0,-6.0
-11.0,11.0,1.0,2.0,-86.0,-58.0,-5.0,-11.0,1.0,0.0,-31.0,-2.0,-3.0,-4.0,-2.0,19.0,0.0,27.0,48.0,127.0,0.0,238.0,52.0,0.0,0.0,0.0,-4704.0,-83.0,-59.0,-339.0,-142.0,-62.0,-4043.0,-15.0,14.0,-30.0,0.0,17.0,24.0
4.0,-6.0,-20.0,0.0,151.0,26.0,-4.0,-3.0,1.0,-2.0,-2.0,9.0,-1.0,-33.0,1.0,-13.0,0.0,-44.0,-6.0,-90.0,0.0,247.0,179.0,0.0,2.0,0.0,2180.0,-12.0,437.0,241.0,-19.0,26.0,2757.0,-6.0,-1.0,210.0,2.0,38.0,25.0
0.0,-1.0,-15.0,2.0,27.0,11.0,3.0,0.0,0.0,0.0,6.0,-2.0,0.0,45.0,-3.0,15.0,0.0,-24.0,35.0,-214.0,-7.0,-378.0,-245.0,5.0,0.0,3.0,1548.0,-3.0,-74.0,559.0,-43.0,-10.0,873.0,1.0,-2.0,106.0,-2.0,-8.0,1.0
-4.0,8.0,7.0,0.0,25.0,2.0,8.0,-6.0,3.0,-2.0,-4.0,-2.0,-1.0,20.0,-9.0,27.0,0.0,64.0,-85.0,-16.0,8.0,-160.0,-155.0,-3.0,5.0,5.0,-2978.0,7.0,67.0,-660.0,-51.0,-10.0,-2973.0,6.0,-3.0,15.0,0.0,-43.0,4.0
10.0,-5.0,-7.0,3.0,39.0,9.0,6.0,-11.0,3.0,2.0,1.0,3.0,1.0,21.0,9.0,-24.0,2.0,-4.0,21.0,160.0,-7.0,181.0,82.0,-2.0,-2.0,-2.0,3574.0,75.0,-383.0,428.0,-260.0,20.0,3784.0,-11.0,-5.0,-7.0,1.0,10.0,1.0
7.0,-5.0,16.0,0.0,51.0,44.0,1.0,0.0,-1.0,-2.0,10.0,-6.0,0.0,-10.0,8.0,-34.0,-3.0,-78.0,141.0,128.0,-5.0,-543.0,-297.0,-2.0,5.0,5.0,1615.0,73.0,-544.0,-43.0,-12.0,29.0,1325.0,-3.0,-10.0,-6.0,0.0,25.0,-3.0
2.0,1.0,-6.0,-5.0,91.0,6.0,-2.0,3.0,2.0,1.0,-6.0,3.0,1.0,20.0,2.0,-10.0,0.0,33.0,-93.0,-3.0,16.0,-315.0,-110.0,0.0,-6.0,-4.0,-914.0,-121.0,582.0,187.0,67.0,5.0,-1203.0,-18.0,3.0,-28.0,-1.0,28.0,-3.0
11.0,-7.0,8.0,3.0,253.0,117.0,12.0,-1.0,2.0,1.0,33.0,2.0,2.0,2.0,4.0,-15.0,0.0,-85.0,136.0,104.0,-4.0,-184.0,-191.0,-3.0,3.0,1.0,6114.0,291.0,-1195.0,57.0,144.0,102.0,6977.0,58.0,-5.0,226.0,1.0,-15.0,4.0
-1.0,-2.0,-1.0,3.0,88.0,30.0,-11.0,-1.0,1.0,-1.0,2.0,4.0,-1.0,-17.0,-4.0,8.0,0.0,-6.0,95.0,223.0,4.0,150.0,63.0,-2.0,1.0,0.0,2355.0,46.0,298.0,197.0,84.0,6.0,3156.0,3.0,5.0,-31.0,0.0,-18.0,2.0
-5.0,3.0,1.0,-1.0,-110.0,-19.0,-5.0,5.0,-3.0,2.0,2.0,-8.0,-1.0,41.0,6.0,-3.0,0.0,-19.0,7.0,45.0,-11.0,150.0,78.0,4.0,-5.0,-4.0,-446.0,8.0,-348.0,421.0,-89.0,-65.0,-642.0,-13.0,6.0,-1.0,-1.0,14.0,-13.0
11.0,-11.0,4.0,-4.0,21.0,28.0,3.0,8.0,-1.0,0.0,21.0,1.0,2.0,0.0,13.0,-34.0,0.0,-19.0,-16.0,-32.0,7.0,-35.0,25.0,-4.0,0.0,-1.0,4618.0,111.0,-7.0,273.0,198.0,56.0,4447.0,7.0,-6.0,-53.0,0.0,7.0,-7.0
2.0,0.0,11.0,-2.0,-4.0,-2.0,1.0,12.0,3.0,-5.0,18.0,-2.0,-4.0,11.0,2.0,-4.0,0.0,18.0,-155.0,-248.0,-9.0,-171.0,-30.0,2.0,0.0,1.0,-986.0,-16.0,-113.0,-142.0,402.0,33.0,-1409.0,23.0,2.0,-13.0,-1.0,6.0,1.0
4.0,1.0,3.0,1.0,-113.0,-35.0,-4.0,1.0,-2.0,1.0,3.0,0.0,0.0,-27.0,0.0,-4.0,0.0,-33.0,-63.0,-106.0,-2.0,-148.0,-60.0,0.0,-2.0,-1.0,1456.0,-44.0,224.0,353.0,290.0,60.0,949.0,-15.0,-2.0,-148.0,-1.0,45.0,-22.0
-9.0,5.0,12.0,1.0,-239.0,-79.0,-2.0,1.0,-2.0,0.0,-19.0,-2.0,0.0,-21.0,-8.0,26.0,0.0,56.0,51.0,75.0,-3.0,354.0,151.0,0.0,1.0,2.0,-4625.0,-129.0,-74.0,-564.0,-22.0,-27.0,-4745.0,-13.0,0.0,-223.0,-1.0,-54.0,3.0
-4.0,-4.0,-8.0,3.0,-2.0,-24.0,-4.0,6.0,-3.0,1.0,-11.0,3.0,1.0,-9.0,-5.0,1.0,0.0,21.0,-122.0,-140.0,10.0,192.0,89.0,-1.0,-6.0,-5.0,-2357.0,-76.0,194.0,-411.0,195.0,33.0,-2313.0,4.0,-4.0,32.0,0.0,-23.0,4.0
-11.0,10.0,-24.0,-3.0,-15.0,-16.0,-5.0,4.0,-1.0,1.0,-7.0,2.0,1.0,-6.0,-12.0,45.0,1.0,76.0,-178.0,-46.0,3.0,410.0,180.0,5.0,-1.0,-1.0,-2655.0,-95.0,861.0,74.0,74.0,-39.0,-2276.0,-5.0,14.0,-21.0,-1.0,-17.0,2.0
-1.0,2.0,8.0,0.0,-79.0,-19.0,0.0,2.0,-3.0,1.0,-1.0,2.0,-1.0,-11.0,-5.0,3.0,0.0,49.0,40.0,-72.0,-6.0,230.0,113.0,0.0,2.0,1.0,-2988.0,-75.0,-163.0,-514.0,-42.0,-8.0,-3207.0,9.0,-8.0,-84.0,0.0,-12.0,-14.0
3.0,-2.0,-4.0,-3.0,77.0,10.0,7.0,-4.0,2.0,-2.0,-3.0,7.0,-1.0,-19.0,-1.0,1.0,0.0,-10.0,191.0,-14.0,4.0,98.0,148.0,-1.0,4.0,2.0,2420.0,39.0,175.0,53.0,-65.0,11.0,2810.0,4.0,4.0,35.0,2.0,17.0,20.0
-2.0,-4.0,10.0,1.0,-130.0,-40.0,0.0,2.0,-5.0,-3.0,-10.0,-8.0,-2.0,-6.0,3.0,-20.0,-3.0,-27.0,122.0,-112.0,0.0,-355.0,-89.0,-1.0,3.0,3.0,-1077.0,7.0,75.0,-322.0,-52.0,-33.0,-1964.0,-16.0,-7.0,-124.0,1.0,22.0,-8.0
10.0,-11.0,-3.0,-1.0,286.0,105.0,7.0,2.0,3.0,1.0,20.0,3.0,3.0,20.0,10.0,-33.0,0.0,-24.0,96.0,92.0,8.0,-443.0,-193.0,-1.0,-1.0,-2.0,4413.0,170.0,-306.0,209.0,-109.0,16.0,4654.0,41.0,0.0,147.0,1.0,0.0,3.0
0.0,1.0,-14.0,3.0,26.0,-11.0,-9.0,-6.0,0.0,-1.0,-2.0,-1.0,-2.0,6.0,6.0,-3.0,0.0,-49.0,27.0,-24.0,1.0,175.0,65.0,0.0,2.0,1.0,-445.0,6.0,250.0,171.0,-110.0,-49.0,-53.0,-22.0,9.0,91.0,0.0,32.0,15.0
1.0,4.0,0.0,6.0,50.0,12.0,2.0,-5.0,2.0,-1.0,8.0,-1.0,1.0,2.0,-12.0,28.0,0.0,6.0,-6.0,-74.0,5.0,-425.0,-269.0,0.0,5.0,6.0,-2093.0,-18.0,227.0,-425.0,-58.0,-4.0,-2572.0,5.0,-4.0,-35.0,-1.0,-44.0,-14.0
-3.0,-2.0,0.0,-1.0,-59.0,-3.0,0.0,-7.0,-2.0,4.0,-12.0,0.0,2.0,14.0,2.0,5.0,0.0,-34.0,136.0,-25.0,3.0,-270.0,-226.0,0.0,0.0,1.0,2476.0,7.0,-143.0,604.0,-230.0,-28.0,2166.0,-3.0,-5.0,122.0,-1.0,4.0,3.0
-4.0,5.0,-19.0,-1.0,65.0,6.0,8.0,-6.0,0.0,0.0,-12.0,-1.0,0.0,38.0,-4.0,13.0,0.0,50.0,-25.0,117.0,2.0,328.0,125.0,0.0,0.0,0.0,-827.0,31.0,22.0,-138.0,-208.0,-21.0,-285.0,-18.0,2.0,47.0,1.0,-17.0,15.0
-10.0,14.0,12.0,-1.0,-136.0,-69.0,5.0,-7.0,0.0,1.0,-29.0,-3.0,-1.0,-28.0,-6.0,11.0,0.0,49.0,-114.0,23.0,-4.0,263.0,157.0,1.0,-1.0,-2.0,-8521.0,-154.0,-217.0,-1029.0,-239.0,-52.0,-8476.0,-11.0,3.0,-22.0,2.0,19.0,4.0
6.0,-3.0,-2.0,-3.0,129.0,70.0,2.0,-1.0,5.0,-1.0,15.0,-2.0,2.0,0.0,6.0,-15.0,0.0,-55.0,-142.0,160.0,-9.0,-448.0,-236.0,2.0,0.0,1.0,5550.0,94.0,-19.0,942.0,3.0,39.0,5520.0,-1.0,-2.0,136.0,0.0,24.0,0.0
2.0,1.0,6.0,-1.0,-108.0,-61.0,-7.0,-5.0,4.0,1.0,-16.0,4.0,-1.0,10.0,5.0,-10.0,2.0,36.0,-80.0,54.0,1.0,129.0,100.0,-1.0,-5.0,-3.0,-2382.0,-203.0,259.0,191.0,-166.0,-30.0,-2737.0,-37.0,-2.0,-81.0,-1.0,10.0,2.0
12.0,-11.0,6.0,5.0,82.0,64.0,5.0,0.0,-1.0,1.0,29.0,0.0,2.0,-27.0,8.0,-27.0,0.0,-90.0,126.0,-11.0,-10.0,-276.0,-143.0,-1.0,3.0,1.0,6783.0,247.0,-664.0,375.0,114.0,71.0,6806.0,44.0,-5.0,27.0,1.0,17.0,-16.0
-10.0,8.0,6.0,4.0,-292.0,-109.0,-11.0,-3.0,-5.0,0.0,-22.0,-1.0,-3.0,-26.0,-7.0,26.0,0.0,56.0,118.0,-21.0,-8.0,759.0,329.0,0.0,5.0,4.0,-8058.0,-198.0,13.0,-907.0,-174.0,-84.0,-8005.0,-26.0,1.0,-216.0,-1.0,-34.0,4.0
0.0,-8.0,-13.0,3.0,98.0,38.0,-12.0,3.0,0.0,0.0,1.0,4.0,0.0,4.0,0.0,-3.0,0.0,-7.0,-62.0,52.0,-1.0,-51.0,-139.0,0.0,-3.0,-1.0,4022.0,14.0,170.0,707.0,253.0,54.0,4433.0,8.0,-3.0,76.0,-2.0,-13.0,10.0
2.0,-3.0,-15.0,-3.0,36.0,2.0,1.0,12.0,0.0,-3.0,10.0,-1.0,-3.0,29.0,7.0,-18.0,0.0,4.0,-95.0,-115.0,-15.0,317.0,250.0,5.0,-5.0,-4.0,1165.0,8.0,-158.0,380.0,245.0,22.0,1279.0,-1.0,7.0,19.0,0.0,32.0,12.0
-10.0,11.0,-9.0,-3.0,-87.0,-38.0,-2.0,6.0,-5.0,-1.0,-10.0,-4.0,-1.0,-10.0,-13.0,33.0,-2.0,21.0,-109.0,-149.0,7.0,-1.0,-17.0,2.0,0.0,1.0,-2945.0,-88.0,629.0,-213.0,342.0,19.0,-3120.0,-22.0,5.0,-94.0,-1.0,18.0,-8.0
7.0,-4.0,5.0,1.0,-39.0,21.0,0.0,8.0,-2.0,1.0,31.0,-8.0,2.0,43.0,7.0,-9.0,0.0,-32.0,-15.0,-61.0,1.0,-310.0,-166.0,0.0,0.0,1.0,2079.0,101.0,-128.0,269.0,51.0,-13.0,1233.0,-1.0,-4.0,-89.0,-2.0,-23.0,-34.0
4.0,-1.0,14.0,-1.0,105.0,44.0,8.0,3.0,2.0,2.0,8.0,3.0,3.0,1.0,-2.0,1.0,0.0,4.0,94.0,176.0,9.0,-145.0,-150.0,-3.0,-2.0,-1.0,575.0,41.0,-687.0,-320.0,189.0,80.0,1029.0,27.0,-2.0,-25.0,-1.0,-41.0,4.0
-1.0,-1.0,21.0,-3.0,-25.0,14.0,0.0,8.0,1.0,-1.0,10.0,1.0,-1.0,-16.0,-4.0,1.0,0.0,0.0,-86.0,-154.0,-6.0,-266.0,-88.0,1.0,0.0,0.0,28.0,-34.0,-116.0,-31.0,159.0,21.0,-520.0,27.0,-9.0,86.0,0.0,-6.0,-14.0
-5.0,2.0,4.0,3.0,-12.0,-32.0,-3.0,2.0,-2.0,0.0,-10.0,3.0,0.0,-30.0,-9.0,12.0,0.0,22.0,35.0,31.0,15.0,393.0,291.0,-3.0,-2.0,-4.0,-4024.0,-44.0,322.0,-921.0,26.0,-15.0,-3590.0,-1.0,4.0,-75.0,2.0,-28.0,-4.0
-2.0,4.0,-5.0,-5.0,-66.0,-23.0,-1.0,-2.0,3.0,2.0,-6.0,5.0,0.0,-5.0,4.0,7.0,3.0,80.0,-211.0,55.0,-3.0,528.0,251.0,0.0,-3.0,-4.0,861.0,-26.0,296.0,405.0,29.0,-4.0,1392.0,3.0,8.0,-25.0,0.0,11.0,6.0
-4.0,8.0,16.0,3.0,-87.0,-18.0,-6.0,0.0,-1.0,1.0,4.0,-7.0,0.0,-2.0,-3.0,10.0,0.0,11.0,-34.0,185.0,1.0,103.0,54.0,-1.0,0.0,-1.0,-4087.0,-7.0,-47.0,-563.0,-104.0,-59.0,-4087.0,-9.0,4.0,-142.0,0.0,-22.0,-28.0
1.0,-4.0,-2.0,2.0,-171.0,-53.0,-7.0,1.0,-3.0,0.0,-4.0,-2.0,0.0,-29.0,4.0,-12.0,0.0,-5.0,-10.0,-115.0,-6.0,-92.0,48.0,2.0,0.0,0.0,669.0,-44.0,531.0,318.0,-30.0,-31.0,-171.0,-14.0,0.0,-199.0,0.0,32.0,-20.0
2.0,3.0,-2.0,1.0,-58.0,-35.0,1.0,6.0,-1.0,-3.0,7.0,-1.0,-4.0,16.0,1.0,-2.0,0.0,67.0,-29.0,-166.0,-9.0,325.0,171.0,1.0,2.0,2.0,-4002.0,-57.0,-160.0,-625.0,201.0,4.0,-4096.0,5.0,3.0,-183.0,-1.0,0.0,1.0
-3.0,9.0,-8.0,-3.0,-49.0,-20.0,3.0,-6.0,4.0,1.0,1.0,3.0,-1.0,19.0,-3.0,33.0,3.0,57.0,-19.0,12.0,-5.0,351.0,208.0,3.0,1.0,0.0,742.0,3.0,350.0,454.0,-183.0,-62.0,988.0,-1.0,14.0,-26.0,0.0,-2.0,-1.0
-1.0,-3.0,-19.0,-1.0,41.0,7.0,-9.0,2.0,-2.0,0.0,0.0,1.0,-2.0,8.0,7.0,-16.0,0.0,-63.0,1.0,-45.0,-11.0,397.0,257.0,4.0,-3.0,-4.0,1734.0,-4.0,89.0,662.0,-108.0,-39.0,2115.0,-19.0,5.0,209.0,1.0,52.0,12.0
12.0,-16.0,-6.0,1.0,159.0,73.0,1.0,8.0,0.0,0.0,30.0,2.0,4.0,9.0,10.0,-29.0,0.0,-44.0,126.0,16.0,6.0,-152.0,-29.0,-1.0,2.0,1.0,4047.0,130.0,-71.0,155.0,-99.0,2.0,3899.0,21.0,-5.0,45.0,0.0,-39.0,-3.0
-1.0,-3.0,-11.0,3.0,50.0,11.0,-10.0,-4.0,1.0,-1.0,-2.0,1.0,-2.0,24.0,4.0,8.0,0.0,-22.0,162.0,104.0,4.0,-25.0,-105.0,-1.0,1.0,2.0,3817.0,71.0,158.0,690.0,97.0,-10.0,4433.0,-4.0,11.0,-8.0,-2.0,-2.0,20.0
8.0,-6.0,-13.0,4.0,147.0,70.0,13.0,-6.0,-1.0,1.0,17.0,-1.0,2.0,11.0,4.0,-14.0,0.0,-40.0,101.0,106.0,-8.0,52.0,-18.0,-1.0,3.0,1.0,5956.0,278.0,-642.0,237.0,-94.0,50.0,6521.0,26.0,-3.0,74.0,2.0,0.0,-1.0
-9.0,6.0,-19.0,2.0,51.0,7.0,-4.0,6.0,-4.0,-1.0,-1.0,-3.0,1.0,-1.0,-16.0,38.0,-2.0,-4.0,33.0,-101.0,6.0,-118.0,-71.0,5.0,2.0,3.0,-3516.0,-69.0,565.0,-331.0,45.0,-35.0,-3668.0,-8.0,6.0,4.0,-1.0,-28.0,-4.0
-4.0,5.0,4.0,1.0,-163.0,-39.0,-9.0,-4.0,0.0,-1.0,-7.0,-3.0,-1.0,-26.0,-1.0,11.0,0.0,1.0,-24.0,139.0,-17.0,311.0,93.0,2.0,5.0,5.0,-2508.0,-104.0,-6.0,35.0,-171.0,-45.0,-2485.0,-27.0,-1.0,-80.0,-1.0,-10.0,4.0
5.0,3.0,11.0,-1.0,81.0,22.0,9.0,1.0,1.0,2.0,8.0,1.0,3.0,-17.0,0.0,-10.0,0.0,-23.0,-41.0,48.0,6.0,55.0,20.0,-2.0,-1.0,-2.0,-3687.0,-24.0,-595.0,-839.0,-18.0,41.0,-3457.0,9.0,-4.0,74.0,1.0,-7.0,-1.0
4.0,-7.0,-6.0,-3.0,125.0,37.0,5.0,3.0,1.0,-1.0,0.0,10.0,1.0,-39.0,-5.0,-10.0,0.0,5.0,-33.0,-66.0,-1.0,72.0,114.0,0.0,0.0,-1.0,2625.0,-18.0,187.0,70.0,91.0,75.0,2810.0,16.0,-10.0,119.0,2.0,6.0,10.0
2.0,-5.0,24.0,0.0,-25.0,4.0,8.0,5.0,-3.0,-1.0,-2.0,-5.0,1.0,-5.0,1.0,-19.0,-3.0,-23.0,216.0,64.0,9.0,-500.0,-239.0,-4.0,1.0,2.0,-502.0,48.0,-612.0,-642.0,137.0,47.0,-935.0,11.0,-9.0,-149.0,0.0,-19.0,-4.0
10.0,-2.0,7.0,0.0,198.0,72.0,11.0,-3.0,4.0,0.0,19.0,1.0,2.0,13.0,1.0,-10.0,0.0,7.0,-52.0,-30.0,14.0,-751.0,-408.0,-4.0,2.0,2.0,2891.0,133.0,-15.0,-98.0,130.0,66.0,2630.0,32.0,-5.0,14.0,0.0,2.0,-15.0
0.0,-3.0,13.0,-3.0,54.0,33.0,0.0,6.0,4.0,-2.0,11.0,-1.0,0.0,-5.0,1.0,-2.0,0.0,-49.0,-126.0,-82.0,0.0,-496.0,-201.0,1.0,-2.0,-1.0,3016.0,41.0,47.0,483.0,201.0,29.0,2687.0,18.0,-1.0,170.0,0.0,6.0,0.0
-5.0,4.0,7.0,-6.0,-25.0,-10.0,6.0,-1.0,1.0,-1.0,-12.0,-1.0,-2.0,18.0,3.0,-1.0,0.0,58.0,-79.0,58.0,3.0,265.0,114.0,-3.0,0.0,-1.0,-885.0,25.0,-160.0,-235.0,7.0,-6.0,-401.0,1.0,1.0,50.0,1.0,1.0,18.0
-8.0,0.0,4.0,2.0,-71.0,-35.0,-3.0,-5.0,-4.0,4.0,-22.0,3.0,2.0,-16.0,-7.0,17.0,0.0,-12.0,171.0,6.0,18.0,123.0,65.0,-3.0,-2.0,-3.0,-1548.0,-37.0,179.0,-317.0,-204.0,-43.0,-1424.0,-4.0,-1.0,47.0,1.0,-24.0,-1.0
-8.0,12.0,-3.0,-4.0,-195.0,-99.0,-9.0,1.0,-1.0,0.0,-26.0,0.0,-2.0,0.0,-8.0,23.0,0.0,57.0,-189.0,-95.0,8.0,128.0,83.0,1.0,-5.0,-2.0,-5327.0,-291.0,888.0,-22.0,176.0,-11.0,-5857.0,-59.0,3.0,-175.0,-2.0,28.0,-6.0
1.0,-6.0,-12.0,0.0,10.0,8.0,-1.0,4.0,-1.0,1.0,-1.0,0.0,1.0,21.0,4.0,-11.0,0.0,-1.0,-157.0,-171.0,-5.0,-201.0,-202.0,2.0,-4.0,-1.0,1667.0,-32.0,-128.0,510.0,169.0,48.0,1277.0,5.0,-8.0,107.0,-2.0,5.0,8.0
-2.0,5.0,15.0,2.0,-72.0,-35.0,1.0,-14.0,5.0,1.0,-20.0,2.0,-3.0,1.0,3.0,-4.0,2.0,23.0,-17.0,133.0,-13.0,153.0,46.0,-1.0,-2.0,-2.0,-1102.0,-42.0,-558.0,58.0,-243.0,-21.0,-779.0,1.0,0.0,49.0,1.0,21.0,11.0
-11.0,10.0,15.0,-1.0,-112.0,-47.0,4.0,-5.0,1.0,1.0,-29.0,-1.0,-1.0,-10.0,-8.0,22.0,0.0,76.0,21.0,151.0,-1.0,63.0,-13.0,0.0,-2.0,-1.0,-4259.0,-89.0,-309.0,-510.0,-32.0,-13.0,-3990.0,7.0,5.0,-121.0,0.0,-15.0,9.0
13.0,-6.0,14.0,2.0,145.0,56.0,5.0,-6.0,6.0,2.0,17.0,6.0,1.0,12.0,9.0,-25.0,2.0,-49.0,56.0,158.0,-3.0,-55.0,-91.0,-4.0,-2.0,-2.0,3732.0,88.0,-936.0,248.0,-22.0,72.0,4240.0,21.0,-7.0,145.0,0.0,-5.0,6.0
0.0,3.0,26.0,1.0,-40.0,-4.0,0.0,0.0,3.0,-2.0,8.0,-1.0,-1.0,-18.0,-5.0,14.0,0.0,14.0,-60.0,-133.0,6.0,-488.0,-280.0,-3.0,5.0,5.0,-2151.0,-24.0,45.0,-522.0,157.0,11.0,-2688.0,24.0,-5.0,-32.0,-1.0,-26.0,-11.0
5.0,-9.0,-14.0,-3.0,204.0,56.0,5.0,1.0,4.0,-2.0,1.0,8.0,2.0,-28.0,0.0,-13.0,0.0,-44.0,-73.0,6.0,5.0,-158.0,1.0,0.0,-2.0,-2.0,5613.0,57.0,350.0,584.0,133.0,83.0,6017.0,7.0,-2.0,203.0,2.0,18.0,24.0
-3.0,0.0,12.0,-1.0,41.0,13.0,7.0,1.0,-2.0,-3.0,-6.0,-6.0,-2.0,23.0,-1.0,-8.0,-3.0,-22.0,132.0,3.0,6.0,-263.0,-137.0,-3.0,3.0,3.0,-1746.0,51.0,-456.0,-640.0,-22.0,-2.0,-1793.0,-2.0,-7.0,75.0,1.0,-10.0,12.0
-3.0,-1.0,15.0,-3.0,-86.0,-14.0,-3.0,-7.0,-2.0,4.0,-18.0,2.0,2.0,-31.0,5.0,-10.0,0.0,-10.0,101.0,189.0,10.0,108.0,19.0,-5.0,0.0,-2.0,928.0,10.0,-69.0,45.0,-187.0,-18.0,1293.0,-4.0,-3.0,16.0,1.0,12.0,2.0
-1.0,4.0,-5.0,-3.0,-111.0,-34.0,5.0,0.0,-1.0,0.0,-3.0,-3.0,-2.0,36.0,0.0,10.0,0.0,1.0,-107.0,-262.0,-6.0,-261.0,-191.0,2.0,-2.0,1.0,2119.0,-22.0,-10.0,677.0,254.0,44.0,1421.0,-13.0,-3.0,8.0,-2.0,38.0,-3.0
-4.0,4.0,5.0,0.0,-100.0,-62.0,8.0,3.0,-3.0,1.0,-12.0,-1.0,1.0,-13.0,-5.0,4.0,0.0,28.0,-60.0,-192.0,11.0,243.0,228.0,-1.0,-3.0,-4.0,-6379.0,-90.0,24.0,-1118.0,-58.0,-21.0,-6746.0,-4.0,-1.0,-44.0,2.0,-10.0,-6.0
-6.0,2.0,-10.0,-1.0,-74.0,-57.0,-15.0,5.0,-1.0,1.0,-24.0,3.0,1.0,-15.0,-4.0,2.0,0.0,55.0,-239.0,-4.0,9.0,188.0,72.0,1.0,-7.0,-4.0,-5779.0,-301.0,770.0,-189.0,91.0,-7.0,-6001.0,-41.0,-2.0,-76.0,-2.0,-5.0,5.0
9.0,-6.0,2.0,-4.0,213.0,90.0,11.0,5.0,2.0,1.0,21.0,3.0,2.0,15.0,2.0,-23.0,0.0,-7.0,-78.0,-51.0,2.0,-529.0,-216.0,0.0,-3.0,-3.0,5070.0,123.0,-176.0,393.0,132.0,76.0,4798.0,35.0,-9.0,132.0,1.0,22.0,-18.0
3.0,0.0,14.0,4.0,-3.0,47.0,8.0,-1.0,-1.0,1.0,27.0,-10.0,0.0,34.0,5.0,-3.0,0.0,-45.0,48.0,18.0,-13.0,-286.0,-220.0,0.0,3.0,2.0,3359.0,262.0,-945.0,136.0,-26.0,-4.0,3191.0,37.0,-2.0,41.0,0.0,-12.0,-25.0
-13.0,6.0,-2.0,2.0,-344.0,-123.0,-10.0,-2.0,-4.0,-2.0,-27.0,-5.0,-3.0,-22.0,-6.0,25.0,0.0,52.0,-43.0,-101.0,-12.0,499.0,301.0,3.0,3.0,3.0,-5200.0,-170.0,613.0,-244.0,-211.0,-107.0,-5774.0,-40.0,2.0,-198.0,0.0,-13.0,-1.0
-1.0,-1.0,-15.0,0.0,72.0,22.0,-3.0,-2.0,4.0,2.0,3.0,6.0,2.0,4.0,1.0,12.0,3.0,55.0,-69.0,103.0,-4.0,411.0,197.0,3.0,-1.0,-2.0,290.0,-7.0,232.0,287.0,-268.0,-58.0,844.0,17.0,9.0,73.0,0.0,-35.0,10.0
1.0,2.0,-11.0,3.0,63.0,5.0,-1.0,-5.0,-1.0,1.0,-6.0,2.0,2.0,-25.0,-4.0,-1.0,0.0,16.0,19.0,273.0,6.0,441.0,256.0,-2.0,0.0,-2.0,-1490.0,9.0,256.0,-462.0,-172.0,-5.0,-757.0,-20.0,3.0,-109.0,2.0,-10.0,-4.0
14.0,-10.0,-11.0,-1.0,107.0,42.0,6.0,15.0,1.0,-4.0,39.0,-1.0,0.0,31.0,8.0,-24.0,0.0,-9.0,-117.0,-221.0,-3.0,-143.0,6.0,1.0,0.0,1.0,3690.0,101.0,62.0,228.0,385.0,74.0,3154.0,11.0,-3.0,-69.0,-1.0,-5.0,-9.0
-1.0,-3.0,-16.0,5.0,115.0,41.0,-8.0,-1.0,1.0,-1.0,8.0,2.0,-1.0,28.0,-7.0,23.0,0.0,-30.0,130.0,9.0,-3.0,-228.0,-182.0,3.0,1.0,3.0,3903.0,43.0,224.0,756.0,41.0,-4.0,4029.0,4.0,3.0,75.0,-2.0,-26.0,3.0
10.0,-5.0,4.0,1.0,10.0,31.0,-6.0,-1.0,1.0,1.0,16.0,0.0,2.0,-33.0,9.0,-26.0,0.0,-56.0,9.0,125.0,-11.0,-280.0,-160.0,1.0,2.0,2.0,3361.0,22.0,-88.0,597.0,10.0,31.0,3118.0,-1.0,-3.0,-81.0,-1.0,35.0,-15.0
-1.0,3.0,-6.0,3.0,-53.0,-30.0,-9.0,-4.0,-3.0,0.0,-3.0,1.0,-3.0,-5.0,1.0,0.0,0.0,0.0,67.0,-96.0,-5.0,405.0,178.0,0.0,4.0,2.0,-3433.0,-69.0,87.0,-343.0,-152.0,-57.0,-3260.0,-13.0,1.0,7.0,0.0,20.0,1.0
-10.0,2.0,-19.0,-4.0,1.0,-5.0,-6.0,11.0,-6.0,0.0,-9.0,-2.0,0.0,-3.0,-4.0,10.0,-2.0,-10.0,39.0,-27.0,1.0,307.0,198.0,5.0,-3.0,-3.0,-1423.0,-51.0,338.0,94.0,103.0,-31.0,-1096.0,-13.0,10.0,39.0,0.0,16.0,10.0
-1.0,5.0,2.0,0.0,-48.0,-27.0,2.0,-7.0,1.0,-1.0,-3.0,-3.0,-2.0,20.0,4.0,11.0,0.0,-15.0,224.0,52.0,5.0,26.0,34.0,-1.0,4.0,3.0,-205.0,57.0,-12.0,-17.0,-156.0,-64.0,0.0,-12.0,14.0,-84.0,0.0,11.0,10.0
-7.0,6.0,6.0,-4.0,-148.0,-73.0,-4.0,4.0,0.0,1.0,-25.0,1.0,1.0,-1.0,-6.0,16.0,0.0,89.0,-42.0,72.0,13.0,39.0,41.0,0.0,-5.0,-2.0,-5539.0,-250.0,508.0,-377.0,45.0,-22.0,-5948.0,-31.0,3.0,-251.0,-2.0,-26.0,0.0
2.0,-3.0,20.0,3.0,39.0,12.0,-2.0,2.0,-3.0,-2.0,0.0,-3.0,0.0,-40.0,-1.0,-22.0,-3.0,-56.0,176.0,159.0,10.0,-150.0,-6.0,-5.0,3.0,1.0,-2409.0,29.0,-222.0,-964.0,14.0,14.0,-2265.0,-4.0,-6.0,-81.0,2.0,-3.0,-7.0
1.0,-5.0,3.0,-2.0,-17.0,-3.0,-4.0,4.0,-1.0,1.0,-7.0,2.0,1.0,-24.0,7.0,-26.0,0.0,23.0,-192.0,43.0,2.0,177.0,43.0,-3.0,-4.0,-4.0,119.0,-29.0,-54.0,-49.0,212.0,58.0,404.0,4.0,-6.0,1.0,0.0,13.0,7.0
3.0,-4.0,-5.0,-2.0,146.0,51.0,-1.0,5.0,0.0,2.0,8.0,4.0,1.0,9.0,5.0,-15.0,0.0,-59.0,95.0,131.0,-2.0,252.0,107.0,1.0,-5.0,-5.0,2309.0,37.0,-598.0,342.0,81.0,41.0,3144.0,8.0,3.0,184.0,0.0,11.0,16.0
12.0,-13.0,-9.0,-2.0,165.0,77.0,5.0,9.0,2.0,-1.0,32.0,0.0,4.0,15.0,7.0,-22.0,0.0,-76.0,-88.0,-55.0,6.0,-468.0,-165.0,0.0,-2.0,-1.0,7692.0,158.0,222.0,853.0,184.0,70.0,7250.0,6.0,-6.0,114.0,0.0,-5.0,-10.0
-8.0,9.0,-3.0,-3.0,-64.0,-34.0,4.0,7.0,-5.0,0.0,-9.0,-5.0,2.0,-29.0,-9.0,15.0,-2.0,26.0,-97.0,-110.0,9.0,110.0,111.0,2.0,1.0,0.0,-7419.0,-112.0,341.0,-1087.0,4.0,-31.0,-7697.0,-12.0,3.0,-71.0,1.0,-2.0,-7.0
-2.0,5.0,-8.0,-3.0,61.0,4.0,9.0,6.0,3.0,-5.0,6.0,-3.0,-4.0,49.0,-2.0,9.0,0.0,68.0,-180.0,-131.0,-7.0,157.0,95.0,2.0,0.0,1.0,-1813.0,15.0,-91.0,-280.0,194.0,12.0,-1694.0,5.0,4.0,34.0,0.0,-11.0,16.0
-1.0,5.0,5.0,-3.0,-73.0,-15.0,4.0,3.0,-1.0,0.0,1.0,0.0,-1.0,-5.0,-8.0,10.0,0.0,17.0,-174.0,-143.0,-6.0,-86.0,-23.0,1.0,-2.0,-1.0,657.0,-47.0,130.0,184.0,241.0,60.0,144.0,-6.0,-9.0,-15.0,0.0,22.0,-21.0
-10.0,5.0,19.0,1.0,-238.0,-76.0,-11.0,3.0,-1.0,-2.0,-11.0,-2.0,-3.0,-31.0,-6.0,24.0,0.0,7.0,-8.0,-103.0,-8.0,263.0,128.0,1.0,3.0,3.0,-5042.0,-157.0,60.0,-424.0,27.0,-55.0,-5318.0,-8.0,0.0,-46.0,-1.0,-28.0,4.0
-1.0,-6.0,-12.0,0.0,75.0,-14.0,3.0,2.0,-1.0,-1.0,-14.0,10.0,0.0,-28.0,-6.0,2.0,0.0,11.0,69.0,-154.0,14.0,290.0,237.0,-2.0,-2.0,-3.0,63.0,-37.0,369.0,-358.0,130.0,44.0,497.0,8.0,0.0,67.0,2.0,-6.0,24.0
8.0,-3.0,13.0,5.0,107.0,66.0,13.0,-6.0,2.0,-1.0,25.0,-2.0,1.0,-7.0,-1.0,0.0,0.0,-26.0,41.0,-27.0,-2.0,-436.0,-298.0,-4.0,8.0,6.0,3805.0,254.0,-597.0,-285.0,63.0,61.0,3833.0,50.0,-8.0,42.0,1.0,-26.0,-12.0
-8.0,7.0,6.0,1.0,-256.0,-70.0,-4.0,0.0,-3.0,0.0,-6.0,-12.0,-2.0,32.0,1.0,12.0,0.0,40.0,-88.0,-86.0,-9.0,-102.0,-29.0,3.0,0.0,1.0,-2755.0,-29.0,250.0,79.0,-170.0,-106.0,-3786.0,-21.0,3.0,-185.0,-1.0,3.0,-29.0
0.0,-3.0,3.0,3.0,-6.0,-4.0,-4.0,-1.0,-2.0,1.0,-2.0,2.0,0.0,-6.0,3.0,-7.0,0.0,32.0,214.0,71.0,0.0,316.0,136.0,-1.0,4.0,2.0,-3645.0,-28.0,-293.0,-698.0,-283.0,-68.0,-3351.0,15.0,1.0,-69.0,0.0,-34.0,7.0
8.0,-1.0,4.0,-4.0,165.0,63.0,13.0,-2.0,3.0,0.0,18.0,0.0,0.0,35.0,6.0,-12.0,0.0,-22.0,146.0,1.0,7.0,-503.0,-182.0,-1.0,1.0,0.0,4865.0,180.0,-188.0,376.0,-24.0,12.0,4798.0,23.0,5.0,48.0,1.0,33.0,-8.0
9.0,-7.0,4.0,0.0,-24.0,4.0,7.0,-6.0,4.0,1.0,7.0,1.0,-1.0,46.0,13.0,-23.0,2.0,-20.0,2.0,-113.0,-13.0,-260.0,-174.0,0.0,-2.0,0.0,5064.0,66.0,-639.0,890.0,-88.0,25.0,4541.0,9.0,-8.0,102.0,-1.0,20.0,5.0
-4.0,-4.0,-1.0,2.0,29.0,27.0,-11.0,-8.0,-1.0,3.0,-10.0,4.0,1.0,-3.0,-2.0,13.0,0.0,-40.0,231.0,198.0,7.0,-120.0,-163.0,-2.0,1.0,1.0,4831.0,53.0,155.0,801.0,-146.0,-22.0,5322.0,0.0,0.0,91.0,-1.0,-14.0,5.0
1.0,1.0,-26.0,5.0,90.0,16.0,2.0,-5.0,-1.0,1.0,0.0,0.0,2.0,20.0,-7.0,14.0,0.0,-8.0,54.0,59.0,-1.0,63.0,11.0,3.0,0.0,1.0,58.0,6.0,182.0,97.0,-215.0,-15.0,116.0,-19.0,1.0,-3.0,0.0,-18.0,-3.0
5.0,-4.0,-2.0,4.0,-40.0,-20.0,-8.0,-2.0,-1.0,1.0,2.0,0.0,1.0,-22.0,8.0,-14.0,0.0,-50.0,111.0,37.0,4.0,-62.0,-37.0,-1.0,0.0,0.0,799.0,3.0,94.0,169.0,49.0,0.0,805.0,-9.0,7.0,-133.0,-1.0,23.0,-1.0
5.0,0.0,-8.0,0.0,76.0,40.0,-7.0,-5.0,2.0,-1.0,12.0,-1.0,-1.0,-5.0,7.0,-15.0,0.0,-55.0,-75.0,64.0,-14.0,-43.0,-58.0,2.0,4.0,3.0,2117.0,25.0,68.0,599.0,-149.0,-18.0,2260.0,-14.0,-1.0,143.0,0.0,44.0,1.0
0.0,-1.0,19.0,-5.0,-91.0,-19.0,7.0,3.0,0.0,1.0,-8.0,0.0,1.0,-10.0,5.0,-12.0,0.0,57.0,5.0,119.0,6.0,28.0,12.0,-4.0,-2.0,-2.0,359.0,22.0,-316.0,-237.0,166.0,43.0,457.0,14.0,-1.0,-174.0,0.0,-8.0,2.0
4.0,-4.0,-12.0,1.0,69.0,11.0,-1.0,11.0,1.0,-3.0,11.0,0.0,-1.0,7.0,2.0,-16.0,0.0,33.0,-293.0,-146.0,-8.0,69.0,24.0,2.0,-4.0,-2.0,-809.0,-39.0,15.0,-94.0,399.0,76.0,-889.0,8.0,-3.0,-15.0,-1.0,1.0,5.0
-1.0,-4.0,-5.0,-4.0,15.0,18.0,0.0,8.0,-2.0,1.0,2.0,2.0,0.0,2.0,1.0,-13.0,0.0,-14.0,-26.0,-21.0,-12.0,222.0,192.0,4.0,-5.0,-5.0,2179.0,-10.0,-161.0,491.0,2.0,10.0,2168.0,3.0,-4.0,118.0,1.0,20.0,-3.0
3.0,-1.0,21.0,0.0,-49.0,-18.0,9.0,3.0,-4.0,-1.0,-2.0,-7.0,1.0,-23.0,3.0,-30.0,-3.0,-50.0,81.0,-64.0,6.0,-300.0,-69.0,-3.0,2.0,1.0,-4764.0,-17.0,-520.0,-1161.0,-70.0,8.0,-5421.0,-7.0,-11.0,-50.0,2.0,15.0,-9.0
-14.0,10.0,-12.0,-4.0,26.0,-3.0,2.0,5.0,-3.0,-2.0,-13.0,-4.0,-1.0,17.0,-13.0,37.0,-2.0,54.0,-46.0,-43.0,9.0,147.0,43.0,2.0,2.0,2.0,-4401.0,-44.0,405.0,-566.0,52.0,-41.0,-4069.0,-7.0,7.0,54.0,0.0,-27.0,14.0
-6.0,0.0,15.0,0.0,-75.0,-37.0,-2.0,7.0,-1.0,-1.0,-4.0,1.0,-2.0,-5.0,-5.0,13.0,0.0,6.0,16.0,-242.0,9.0,-48.0,35.0,-1.0,-2.0,-2.0,-2534.0,-53.0,66.0,-459.0,198.0,-10.0,-2833.0,19.0,1.0,34.0,0.0,-18.0,0.0
1.0,-1.0,2.0,0.0,117.0,38.0,-1.0,1.0,3.0,-1.0,5.0,1.0,2.0,-30.0,-3.0,-3.0,0.0,-33.0,-107.0,191.0,6.0,-55.0,55.0,-1.0,-2.0,-3.0,1526.0,50.0,303.0,21.0,29.0,24.0,1930.0,-2.0,2.0,61.0,2.0,-4.0,-4.0
3.0,5.0,5.0,-1.0,58.0,18.0,3.0,0.0,1.0,1.0,7.0,2.0,0.0,2.0,-4.0,8.0,0.0,-28.0,-53.0,9.0,4.0,-56.0,-108.0,-2.0,-2.0,-1.0,787.0,0.0,-307.0,35.0,320.0,91.0,1120.0,-1.0,-2.0,51.0,-1.0,13.0,-2.0
-5.0,-1.0,-8.0,1.0,-88.0,-53.0,-6.0,-2.0,-1.0,-2.0,-21.0,7.0,-1.0,-54.0,-7.0,13.0,0.0,12.0,45.0,-15.0,-3.0,601.0,330.0,0.0,3.0,2.0,-2445.0,-141.0,363.0,-323.0,-41.0,-1.0,-1988.0,-19.0,-1.0,-13.0,1.0,-16.0,28.0
4.0,-4.0,-9.0,-3.0,-36.0,-26.0,-8.0,9.0,-1.0,0.0,4.0,2.0,2.0,9.0,2.0,-6.0,0.0,13.0,-63.0,-79.0,14.0,-24.0,54.0,0.0,-3.0,-1.0,-1280.0,-161.0,817.0,133.0,77.0,-9.0,-1958.0,-38.0,-2.0,-130.0,-2.0,-11.0,-9.0
0.0,-1.0,-10.0,0.0,-38.0,-19.0,1.0,-3.0,0.0,0.0,-4.0,-3.0,-1.0,41.0,8.0,0.0,0.0,-16.0,67.0,-119.0,0.0,-175.0,-168.0,1.0,0.0,2.0,1462.0,25.0,-140.0,493.0,13.0,-16.0,1277.0,-7.0,6.0,23.0,-2.0,16.0,18.0
4.0,-2.0,6.0,4.0,-119.0,-39.0,-8.0,0.0,-4.0,2.0,1.0,2.0,0.0,-33.0,3.0,-11.0,0.0,-1.0,151.0,-35.0,-2.0,168.0,76.0,-1.0,2.0,1.0,-2189.0,-72.0,-69.0,-345.0,7.0,-8.0,-2402.0,0.0,-1.0,-217.0,-1.0,11.0,-15.0
8.0,-1.0,16.0,0.0,-34.0,-4.0,8.0,-10.0,5.0,0.0,8.0,1.0,-2.0,25.0,9.0,-12.0,2.0,-19.0,159.0,58.0,-8.0,-59.0,28.0,-2.0,2.0,1.0,3397.0,98.0,-511.0,380.0,-257.0,-23.0,3264.0,4.0,0.0,-5.0,1.0,15.0,-3.0
4.0,-8.0,-7.0,0.0,-25.0,-2.0,-8.0,6.0,-3.0,2.0,4.0,2.0,1.0,-20.0,9.0,-27.0,0.0,-64.0,85.0,16.0,-8.0,160.0,155.0,3.0,-5.0,-5.0,2978.0,-7.0,-67.0,660.0,51.0,10.0,2973.0,-6.0,3.0,-15.0,0.0,43.0,-4.0
-2.0,-1.0,-3.0,3.0,-29.0,-8.0,-10.0,-2.0,-2.0,0.0,-3.0,3.0,-3.0,13.0,-1.0,11.0,0.0,27.0,202.0,32.0,-2.0,205.0,8.0,-1.0,3.0,3.0,829.0,-4.0,-5.0,176.0,55.0,-18.0,1226.0,5.0,3.0,-92.0,-2.0,-14.0,6.0
0.0,1.0,15.0,-2.0,-27.0,-11.0,-3.0,0.0,0.0,0.0,-6.0,2.0,0.0,-45.0,3.0,-15.0,0.0,24.0,-35.0,214.0,7.0,378.0,245.0,-5.0,0.0,-3.0,-1548.0,3.0,74.0,-559.0,43.0,10.0,-873.0,-1.0,2.0,-106.0,2.0,8.0,-1.0
11.0,-11.0,-1.0,-2.0,86.0,58.0,5.0,11.0,-1.0,0.0,31.0,2.0,3.0,4.0,2.0,-19.0,0.0,-27.0,-48.0,-127.0,0.0,-238.0,-52.0,0.0,0.0,0.0,4704.0,83.0,59.0,339.0,142.0,62.0,4043.0,15.0,-14.0,30.0,0.0,-17.0,-24.0
-10.0,5.0,7.0,-3.0,-39.0,-9.0,-6.0,11.0,-3.0,-2.0,-1.0,-3.0,-1.0,-21.0,-9.0,24.0,-2.0,4.0,-21.0,-160.0,7.0,-181.0,-82.0,2.0,2.0,2.0,-3574.0,-75.0,383.0,-428.0,260.0,-20.0,-3784.0,11.0,5.0,7.0,-1.0,-10.0,-1.0
2.0,6.0,-5.0,-2.0,-52.0,-31.0,5.0,7.0,1.0,-4.0,9.0,-3.0,-4.0,22.0,-2.0,5.0,0.0,35.0,-243.0,-237.0,-9.0,9.0,35.0,2.0,-2.0,0.0,-357.0,-29.0,133.0,73.0,484.0,72.0,-745.0,-10.0,2.0,-114.0,-1.0,34.0,-6.0
-4.0,6.0,20.0,0.0,-151.0,-26.0,4.0,3.0,-1.0,2.0,2.0,-9.0,1.0,33.0,-1.0,13.0,0.0,44.0,6.0,90.0,0.0,-247.0,-179.0,0.0,-2.0,0.0,-2180.0,12.0,-437.0,-241.0,19.0,-26.0,-2757.0,6.0,1.0,-210.0,-2.0,-38.0,-25.0
-2.0,-1.0,6.0,5.0,-91.0,-6.0,2.0,-3.0,-2.0,-1.0,6.0,-3.0,-1.0,-20.0,-2.0,10.0,0.0,-33.0,93.0,3.0,-16.0,315.0,110.0,0.0,6.0,4.0,914.0,121.0,-582.0,-187.0,-67.0,-5.0,1203.0,18.0,-3.0,28.0,1.0,-28.0,3.0
9.0,-5.0,0.0,3.0,40.0,12.0,-3.0,-9.0,4.0,0.0,9.0,3.0,-2.0,11.0,11.0,-26.0,2.0,-53.0,-38.0,-18.0,-12.0,90.0,59.0,-1.0,0.0,-1.0,3157.0,47.0,-249.0,568.0,-211.0,-8.0,3211.0,-6.0,-5.0,170.0,1.0,36.0,2.0
2.0,7.0,16.0,1.0,-65.0,-29.0,10.0,-4.0,1.0,0.0,0.0,-3.0,2.0,-26.0,-5.0,5.0,0.0,36.0,-136.0,-83.0,8.0,-197.0,-87.0,-3.0,4.0,3.0,-5996.0,-61.0,3.0,-1181.0,-99.0,0.0,-6601.0,1.0,-7.0,-110.0,1.0,-18.0,-17.0
2.0,-4.0,10.0,3.0,1.0,-7.0,-1.0,-1.0,-3.0,-2.0,-4.0,-6.0,-1.0,1.0,7.0,-22.0,-3.0,-72.0,243.0,40.0,10.0,-325.0,-174.0,-4.0,3.0,3.0,-947.0,54.0,-362.0,-471.0,27.0,-2.0,-988.0,-11.0,0.0,-58.0,0.0,13.0,11.0
5.0,-6.0,-27.0,0.0,150.0,23.0,5.0,-5.0,0.0,0.0,-10.0,9.0,2.0,-23.0,-1.0,-11.0,0.0,5.0,53.0,88.0,5.0,338.0,202.0,-1.0,0.0,-1.0,2597.0,16.0,303.0,101.0,-68.0,54.0,3330.0,-11.0,-1.0,33.0,2.0,12.0,24.0
1.0,-2.0,-13.0,2.0,144.0,49.0,2.0,1.0,3.0,-1.0,11.0,-1.0,2.0,15.0,-6.0,12.0,0.0,-57.0,-72.0,-23.0,-1.0,-433.0,-190.0,4.0,-2.0,0.0,3074.0,47.0,229.0,580.0,-14.0,14.0,2803.0,-1.0,0.0,167.0,0.0,-12.0,-3.0
-6.0,9.0,4.0,-4.0,-8.0,-7.0,10.0,-5.0,2.0,-2.0,-5.0,-3.0,-3.0,42.0,-4.0,25.0,0.0,35.0,113.0,15.0,1.0,88.0,71.0,0.0,4.0,3.0,-1004.0,54.0,-106.0,-186.0,-205.0,-64.0,-805.0,-3.0,7.0,49.0,1.0,-12.0,11.0
-15.0,11.0,1.0,0.0,-217.0,-91.0,-4.0,-8.0,-1.0,-1.0,-37.0,-4.0,-4.0,-11.0,-6.0,21.0,0.0,72.0,-73.0,-25.0,-10.0,208.0,137.0,3.0,0.0,0.0,-4834.0,-130.0,378.0,-190.0,-221.0,-93.0,-5019.0,-20.0,7.0,-96.0,1.0,26.0,5.0
9.0,-7.0,-8.0,-4.0,175.0,71.0,12.0,2.0,2.0,1.0,17.0,0.0,1.0,56.0,10.0,-23.0,0.0,-23.0,-11.0,-170.0,2.0,-704.0,-384.0,1.0,-3.0,-1.0,6532.0,148.0,-316.0,886.0,145.0,60.0,6075.0,28.0,-3.0,155.0,-1.0,38.0,0.0
-10.0,6.0,2.0,-2.0,-143.0,-68.0,-14.0,-6.0,-2.0,4.0,-35.0,3.0,2.0,-22.0,-6.0,18.0,0.0,22.0,54.0,142.0,17.0,119.0,48.0,-1.0,-3.0,-2.0,-4970.0,-262.0,755.0,-95.0,-308.0,-83.0,-5112.0,-49.0,1.0,-61.0,-1.0,-6.0,0.0
6.0,-6.0,1.0,0.0,123.0,66.0,-2.0,-2.0,3.0,0.0,13.0,0.0,2.0,-6.0,9.0,-22.0,0.0,-23.0,72.0,231.0,-9.0,-132.0,-100.0,1.0,4.0,3.0,1905.0,66.0,-312.0,244.0,-280.0,-29.0,2169.0,14.0,-1.0,67.0,0.0,-10.0,7.0
-11.0,11.0,-4.0,4.0,-21.0,-28.0,-3.0,-8.0,1.0,0.0,-21.0,-1.0,-2.0,0.0,-13.0,34.0,0.0,19.0,16.0,32.0,-7.0,35.0,-25.0,4.0,0.0,1.0,-4618.0,-111.0,7.0,-273.0,-198.0,-56.0,-4447.0,-7.0,6.0,53.0,0.0,-7.0,7.0
5.0,-2.0,-4.0,-3.0,12.0,32.0,3.0,-2.0,2.0,0.0,10.0,-3.0,0.0,30.0,9.0,-12.0,0.0,-22.0,-35.0,-31.0,-15.0,-393.0,-291.0,3.0,2.0,4.0,4024.0,44.0,-322.0,921.0,-26.0,15.0,3590.0,1.0,-4.0,75.0,-2.0,28.0,4.0
11.0,-10.0,24.0,3.0,15.0,16.0,5.0,-4.0,1.0,-1.0,7.0,-2.0,-1.0,6.0,12.0,-45.0,-1.0,-76.0,178.0,46.0,-3.0,-410.0,-180.0,-5.0,1.0,1.0,2655.0,95.0,-861.0,-74.0,-74.0,39.0,2276.0,5.0,-14.0,21.0,1.0,17.0,-2.0
0.0,8.0,13.0,-3.0,-98.0,-38.0,12.0,-3.0,0.0,0.0,-1.0,-4.0,0.0,-4.0,0.0,3.0,0.0,7.0,62.0,-52.0,1.0,51.0,139.0,0.0,3.0,1.0,-4022.0,-14.0,-170.0,-707.0,-253.0,-54.0,-4433.0,-8.0,3.0,-76.0,2.0,13.0,-10.0
1.0,-2.0,-8.0,0.0,79.0,19.0,0.0,-2.0,3.0,-1.0,1.0,-2.0,1.0,11.0,5.0,-3.0,0.0,-49.0,-40.0,72.0,6.0,-230.0,-113.0,0.0,-2.0,-1.0,2988.0,75.0,163.0,514.0,42.0,8.0,3207.0,-9.0,8.0,84.0,0.0,12.0,14.0
5.0,-3.0,-1.0,1.0,110.0,19.0,5.0,-5.0,3.0,-2.0,-2.0,8.0,1.0,-41.0,-6.0,3.0,0.0,19.0,-7.0,-45.0,11.0,-150.0,-78.0,-4.0,5.0,4.0,446.0,-8.0,348.0,-421.0,89.0,65.0,642.0,13.0,-6.0,1.0,1.0,-14.0,13.0
-4.0,-1.0,-3.0,-1.0,113.0,35.0,4.0,-1.0,2.0,-1.0,-3.0,0.0,0.0,27.0,0.0,4.0,0.0,33.0,63.0,106.0,2.0,148.0,60.0,0.0,2.0,1.0,-1456.0,44.0,-224.0,-353.0,-290.0,-60.0,-949.0,15.0,2.0,148.0,1.0,-45.0,22.0
-11.0,7.0,-8.0,-3.0,-253.0,-117.0,-12.0,1.0,-2.0,-1.0,-33.0,-2.0,-2.0,-2.0,-4.0,15.0,0.0,85.0,-136.0,-104.0,4.0,184.0,191.0,3.0,-3.0,-1.0,-6114.0,-291.0,1195.0,-57.0,-144.0,-102.0,-6977.0,-58.0,5.0,-226.0,-1.0,15.0,-4.0
9.0,-5.0,-12.0,-1.0,239.0,79.0,2.0,-1.0,2.0,0.0,19.0,2.0,0.0,21.0,8.0,-26.0,0.0,-56.0,-51.0,-75.0,3.0,-354.0,-151.0,0.0,-1.0,-2.0,4625.0,129.0,74.0,564.0,22.0,27.0,4745.0,13.0,0.0,223.0,1.0,54.0,-3.0
-2.0,0.0,-11.0,2.0,4.0,2.0,-1.0,-12.0,-3.0,5.0,-18.0,2.0,4.0,-11.0,-2.0,4.0,0.0,-18.0,155.0,248.0,9.0,171.0,30.0,-2.0,0.0,-1.0,986.0,16.0,113.0,142.0,-402.0,-33.0,1409.0,-23.0,-2.0,13.0,1.0,-6.0,-1.0
2.0,4.0,-10.0,-1.0,130.0,40.0,0.0,-2.0,5.0,3.0,10.0,8.0,2.0,6.0,-3.0,20.0,3.0,27.0,-122.0,112.0,0.0,355.0,89.0,1.0,-3.0,-3.0,1077.0,-7.0,-75.0,322.0,52.0,33.0,1964.0,16.0,7.0,124.0,-1.0,-22.0,8.0
-1.0,-4.0,0.0,-6.0,-50.0,-12.0,-2.0,5.0,-2.0,1.0,-8.0,1.0,-1.0,-2.0,12.0,-28.0,0.0,-6.0,6.0,74.0,-5.0,425.0,269.0,0.0,-5.0,-6.0,2093.0,18.0,-227.0,425.0,58.0,4.0,2572.0,-5.0,4.0,35.0,1.0,44.0,14.0
10.0,-14.0,-12.0,1.0,136.0,69.0,-5.0,7.0,0.0,-1.0,29.0,3.0,1.0,28.0,6.0,-11.0,0.0,-49.0,114.0,-23.0,4.0,-263.0,-157.0,-1.0,1.0,2.0,8521.0,154.0,217.0,1029.0,239.0,52.0,8476.0,11.0,-3.0,22.0,-2.0,-19.0,-4.0
-2.0,-1.0,-6.0,1.0,108.0,61.0,7.0,5.0,-4.0,-1.0,16.0,-4.0,1.0,-10.0,-5.0,10.0,-2.0,-36.0,80.0,-54.0,-1.0,-129.0,-100.0,1.0,5.0,3.0,2382.0,203.0,-259.0,-191.0,166.0,30.0,2737.0,37.0,2.0,81.0,1.0,-10.0,-2.0
0.0,-1.0,14.0,-3.0,-26.0,11.0,9.0,6.0,0.0,1.0,2.0,1.0,2.0,-6.0,-6.0,3.0,0.0,49.0,-27.0,24.0,-1.0,-175.0,-65.0,0.0,-2.0,-1.0,445.0,-6.0,-250.0,-171.0,110.0,49.0,53.0,22.0,-9.0,-91.0,0.0,-32.0,-15.0
4.0,-5.0,19.0,1.0,-65.0,-6.0,-8.0,6.0,0.0,0.0,12.0,1.0,0.0,-38.0,4.0,-13.0,0.0,-50.0,25.0,-117.0,-2.0,-328.0,-125.0,0.0,0.0,0.0,827.0,-31.0,-22.0,138.0,208.0,21.0,285.0,18.0,-2.0,-47.0,-1.0,17.0,-15.0
-10.0,11.0,3.0,1.0,-286.0,-105.0,-7.0,-2.0,-3.0,-1.0,-20.0,-3.0,-3.0,-20.0,-10.0,33.0,0.0,24.0,-96.0,-92.0,-8.0,443.0,193.0,1.0,1.0,2.0,-4413.0,-170.0,306.0,-209.0,109.0,-16.0,-4654.0,-41.0,0.0,-147.0,-1.0,0.0,-3.0
-6.0,3.0,2.0,3.0,-129.0,-70.0,-2.0,1.0,-5.0,1.0,-15.0,2.0,-2.0,0.0,-6.0,15.0,0.0,55.0,142.0,-160.0,9.0,448.0,236.0,-2.0,0.0,-1.0,-5550.0,-94.0,19.0,-942.0,-3.0,-39.0,-5520.0,1.0,2.0,-136.0,0.0,-24.0,0.0
3.0,2.0,0.0,1.0,59.0,3.0,0.0,7.0,2.0,-4.0,12.0,0.0,-2.0,-14.0,-2.0,-5.0,0.0,34.0,-136.0,25.0,-3.0,270.0,226.0,0.0,0.0,-1.0,-2476.0,-7.0,143.0,-604.0,230.0,28.0,-2166.0,3.0,5.0,-122.0,1.0,-4.0,-3.0
-3.0,2.0,4.0,3.0,-77.0,-10.0,-7.0,4.0,-2.0,2.0,3.0,-7.0,1.0,19.0,1.0,-1.0,0.0,10.0,-191.0,14.0,-4.0,-98.0,-148.0,1.0,-4.0,-2.0,-2420.0,-39.0,-175.0,-53.0,65.0,-11.0,-2810.0,-4.0,-4.0,-35.0,-2.0,-17.0,-20.0
-7.0,5.0,-16.0,0.0,-51.0,-44.0,-1.0,0.0,1.0,2.0,-10.0,6.0,0.0,10.0,-8.0,34.0,3.0,78.0,-141.0,-128.0,5.0,543.0,297.0,2.0,-5.0,-5.0,-1615.0,-73.0,544.0,43.0,12.0,-29.0,-1325.0,3.0,10.0,6.0,0.0,-25.0,3.0
10.0,-8.0,-6.0,-4.0,292.0,109.0,11.0,3.0,5.0,0.0,22.0,1.0,3.0,26.0,7.0,-26.0,0.0,-56.0,-118.0,21.0,8.0,-759.0,-329.0,0.0,-5.0,-4.0,8058.0,198.0,-13.0,907.0,174.0,84.0,8005.0,26.0,-1.0,216.0,1.0,34.0,-4.0
10.0,-11.0,9.0,3.0,87.0,38.0,2.0,-6.0,5.0,1.0,10.0,4.0,1.0,10.0,13.0,-33.0,2.0,-21.0,109.0,149.0,-7.0,1.0,17.0,-2.0,0.0,-1.0,2945.0,88.0,-629.0,213.0,-342.0,-19.0,3120.0,22.0,-5.0,94.0,1.0,-18.0,8.0
1.0,2.0,1.0,-3.0,-88.0,-30.0,11.0,1.0,-1.0,1.0,-2.0,-4.0,1.0,17.0,4.0,-8.0,0.0,6.0,-95.0,-223.0,-4.0,-150.0,-63.0,2.0,-1.0,0.0,-2355.0,-46.0,-298.0,-197.0,-84.0,-6.0,-3156.0,-3.0,-5.0,31.0,0.0,18.0,-2.0
2.0,-4.0,5.0,5.0,66.0,23.0,1.0,2.0,-3.0,-2.0,6.0,-5.0,0.0,5.0,-4.0,-7.0,-3.0,-80.0,211.0,-55.0,3.0,-528.0,-251.0,0.0,3.0,4.0,-861.0,26.0,-296.0,-405.0,-29.0,4.0,-1392.0,-3.0,-8.0,25.0,0.0,-11.0,-6.0
-2.0,3.0,15.0,3.0,-36.0,-2.0,-1.0,-12.0,0.0,3.0,-10.0,1.0,3.0,-29.0,-7.0,18.0,0.0,-4.0,95.0,115.0,15.0,-317.0,-250.0,-5.0,5.0,4.0,-1165.0,-8.0,158.0,-380.0,-245.0,-22.0,-1279.0,1.0,-7.0,-19.0,0.0,-32.0,-12.0
-12.0,11.0,-6.0,-5.0,-82.0,-64.0,-5.0,0.0,1.0,-1.0,-29.0,0.0,-2.0,27.0,-8.0,27.0,0.0,90.0,-126.0,11.0,10.0,276.0,143.0,1.0,-3.0,-1.0,-6783.0,-247.0,664.0,-375.0,-114.0,-71.0,-6806.0,-44.0,5.0,-27.0,-1.0,-17.0,16.0
-4.0,1.0,-14.0,1.0,-105.0,-44.0,-8.0,-3.0,-2.0,-2.0,-8.0,-3.0,-3.0,-1.0,2.0,-1.0,0.0,-4.0,-94.0,-176.0,-9.0,145.0,150.0,3.0,2.0,1.0,-575.0,-41.0,687.0,320.0,-189.0,-80.0,-1029.0,-27.0,2.0,25.0,1.0,41.0,-4.0
1.0,1.0,-21.0,3.0,25.0,-14.0,0.0,-8.0,-1.0,1.0,-10.0,-1.0,1.0,16.0,4.0,-1.0,0.0,0.0,86.0,154.0,6.0,266.0,88.0,-1.0,0.0,0.0,-28.0,34.0,116.0,31.0,-159.0,-21.0,520.0,-27.0,9.0,-86.0,0.0,6.0,14.0
4.0,4.0,8.0,-3.0,2.0,24.0,4.0,-6.0,3.0,-1.0,11.0,-3.0,-1.0,9.0,5.0,-1.0,0.0,-21.0,122.0,140.0,-10.0,-192.0,-89.0,1.0,6.0,5.0,2357.0,76.0,-194.0,411.0,-195.0,-33.0,2313.0,-4.0,4.0,-32.0,0.0,23.0,-4.0
-7.0,4.0,-5.0,-1.0,39.0,-21.0,0.0,-8.0,2.0,-1.0,-31.0,8.0,-2.0,-43.0,-7.0,9.0,0.0,32.0,15.0,61.0,-1.0,310.0,166.0,0.0,0.0,-1.0,-2079.0,-101.0,128.0,-269.0,-51.0,13.0,-1233.0,1.0,4.0,89.0,2.0,23.0,34.0
-6.0,6.0,-1.0,0.0,-123.0,-66.0,2.0,2.0,-3.0,0.0,-13.0,0.0,-2.0,6.0,-9.0,22.0,0.0,23.0,-72.0,-231.0,9.0,132.0,100.0,-1.0,-4.0,-3.0,-1905.0,-66.0,312.0,-244.0,280.0,29.0,-2169.0,-14.0,1.0,-67.0,0.0,10.0,-7.0
10.0,-6.0,-2.0,2.0,143.0,68.0,14.0,6.0,2.0,-4.0,35.0,-3.0,-2.0,22.0,6.0,-18.0,0.0,-22.0,-54.0,-142.0,-17.0,-119.0,-48.0,1.0,3.0,2.0,4970.0,262.0,-755.0,95.0,308.0,83.0,5112.0,49.0,-1.0,61.0,1.0,6.0,0.0
-2.0,4.0,-10.0,-3.0,-1.0,7.0,1.0,1.0,3.0,2.0,4.0,6.0,1.0,-1.0,-7.0,22.0,3.0,72.0,-243.0,-40.0,-10.0,325.0,174.0,4.0,-3.0,-3.0,947.0,-54.0,362.0,471.0,-27.0,2.0,988.0,11.0,0.0,58.0,0.0,-13.0,-11.0
6.0,-9.0,-4.0,4.0,8.0,7.0,-10.0,5.0,-2.0,2.0,5.0,3.0,3.0,-42.0,4.0,-25.0,0.0,-35.0,-113.0,-15.0,-1.0,-88.0,-71.0,0.0,-4.0,-3.0,1004.0,-54.0,106.0,186.0,205.0,64.0,805.0,3.0,-7.0,-49.0,-1.0,12.0,-11.0
-2.0,-7.0,-16.0,-1.0,65.0,29.0,-10.0,4.0,-1.0,0.0,0.0,3.0,-2.0,26.0,5.0,-5.0,0.0,-36.0,136.0,83.0,-8.0,197.0,87.0,3.0,-4.0,-3.0,5996.0,61.0,-3.0,1181.0,99.0,0.0,6601.0,-1.0,7.0,110.0,-1.0,18.0,17.0
15.0,-11.0,-1.0,0.0,217.0,91.0,4.0,8.0,1.0,1.0,37.0,4.0,4.0,11.0,6.0,-21.0,0.0,-72.0,73.0,25.0,10.0,-208.0,-137.0,-3.0,0.0,0.0,4834.0,130.0,-378.0,190.0,221.0,93.0,5019.0,20.0,-7.0,96.0,-1.0,-26.0,-5.0
-5.0,6.0,27.0,0.0,-150.0,-23.0,-5.0,5.0,0.0,0.0,10.0,-9.0,-2.0,23.0,1.0,11.0,0.0,-5.0,-53.0,-88.0,-5.0,-338.0,-202.0,1.0,0.0,1.0,-2597.0,-16.0,-303.0,-101.0,68.0,-54.0,-3330.0,11.0,1.0,-33.0,-2.0,-12.0,-24.0
-9.0,5.0,0.0,-3.0,-40.0,-12.0,3.0,9.0,-4.0,0.0,-9.0,-3.0,2.0,-11.0,-11.0,26.0,-2.0,53.0,38.0,18.0,12.0,-90.0,-59.0,1.0,0.0,1.0,-3157.0,-47.0,249.0,-568.0,211.0,8.0,-3211.0,6.0,5.0,-170.0,-1.0,-36.0,-2.0
-1.0,2.0,13.0,-2.0,-144.0,-49.0,-2.0,-1.0,-3.0,1.0,-11.0,1.0,-2.0,-15.0,6.0,-12.0,0.0,57.0,72.0,23.0,1.0,433.0,190.0,-4.0,2.0,0.0,-3074.0,-47.0,-229.0,-580.0,14.0,-14.0,-2803.0,1.0,0.0,-167.0,0.0,12.0,3.0
-9.0,7.0,8.0,4.0,-175.0,-71.0,-12.0,-2.0,-2.0,-1.0,-17.0,0.0,-1.0,-56.0,-10.0,23.0,0.0,23.0,11.0,170.0,-2.0,704.0,384.0,-1.0,3.0,1.0,-6532.0,-148.0,316.0,-886.0,-145.0,-60.0,-6075.0,-28.0,3.0,-155.0,1.0,-38.0,0.0
-13.0,15.0,-9.0,-1.0,-87.0,-51.0,-4.0,-10.0,4.0,2.0,-27.0,4.0,-2.0,-5.0,-9.0,41.0,3.0,99.0,-195.0,87.0,-10.0,563.0,226.0,4.0,-3.0,-3.0,-3757.0,-137.0,303.0,132.0,-169.0,-60.0,-3055.0,-4.0,14.0,28.0,0.0,4.0,13.0
-3.0,0.0,-4.0,2.0,5.0,5.0,-10.0,-10.0,-2.0,3.0,-10.0,2.0,1.0,-21.0,0.0,2.0,0.0,-67.0,96.0,70.0,4.0,80.0,7.0,-1.0,2.0,0.0,569.0,-12.0,247.0,282.0,-353.0,-61.0,836.0,-18.0,-2.0,190.0,1.0,20.0,0.0
6.0,3.0,11.0,1.0,35.0,33.0,2.0,-7.0,4.0,-1.0,12.0,-2.0,1.0,-13.0,0.0,1.0,0.0,8.0,-76.0,109.0,-3.0,-440.0,-315.0,-2.0,7.0,7.0,383.0,29.0,-21.0,-63.0,-41.0,21.0,145.0,5.0,-6.0,-66.0,-1.0,-8.0,-11.0
6.0,-2.0,10.0,1.0,74.0,57.0,15.0,-5.0,1.0,-1.0,24.0,-3.0,-1.0,15.0,4.0,-2.0,0.0,-55.0,239.0,4.0,-9.0,-188.0,-72.0,-1.0,7.0,4.0,5779.0,301.0,-770.0,189.0,-91.0,7.0,6001.0,41.0,2.0,76.0,2.0,5.0,-5.0
-9.0,6.0,-2.0,4.0,-213.0,-90.0,-11.0,-5.0,-2.0,-1.0,-21.0,-3.0,-2.0,-15.0,-2.0,23.0,0.0,7.0,78.0,51.0,-2.0,529.0,216.0,0.0,3.0,3.0,-5070.0,-123.0,176.0,-393.0,-132.0,-76.0,-4798.0,-35.0,9.0,-132.0,-1.0,-22.0,18.0
11.0,-10.0,-15.0,1.0,112.0,47.0,-4.0,5.0,-1.0,-1.0,29.0,1.0,1.0,10.0,8.0,-22.0,0.0,-76.0,-21.0,-151.0,1.0,-63.0,13.0,0.0,2.0,1.0,4259.0,89.0,309.0,510.0,32.0,13.0,3990.0,-7.0,-5.0,121.0,0.0,15.0,-9.0
3.0,1.0,-15.0,3.0,86.0,14.0,3.0,7.0,2.0,-4.0,18.0,-2.0,-2.0,31.0,-5.0,10.0,0.0,10.0,-101.0,-189.0,-10.0,-108.0,-19.0,5.0,0.0,2.0,-928.0,-10.0,69.0,-45.0,187.0,18.0,-1293.0,4.0,3.0,-16.0,-1.0,-12.0,-2.0
-13.0,6.0,-14.0,-2.0,-145.0,-56.0,-5.0,6.0,-6.0,-2.0,-17.0,-6.0,-1.0,-12.0,-9.0,25.0,-2.0,49.0,-56.0,-158.0,3.0,55.0,91.0,4.0,2.0,2.0,-3732.0,-88.0,936.0,-248.0,22.0,-72.0,-4240.0,-21.0,7.0,-145.0,0.0,5.0,-6.0
-5.0,9.0,14.0,3.0,-204.0,-56.0,-5.0,-1.0,-4.0,2.0,-1.0,-8.0,-2.0,28.0,0.0,13.0,0.0,44.0,73.0,-6.0,-5.0,158.0,-1.0,0.0,2.0,2.0,-5613.0,-57.0,-350.0,-584.0,-133.0,-83.0,-6017.0,-7.0,2.0,-203.0,-2.0,-18.0,-24.0
3.0,0.0,-12.0,1.0,-41.0,-13.0,-7.0,-1.0,2.0,3.0,6.0,6.0,2.0,-23.0,1.0,8.0,3.0,22.0,-132.0,-3.0,-6.0,263.0,137.0,3.0,-3.0,-3.0,1746.0,-51.0,456.0,640.0,22.0,2.0,1793.0,2.0,7.0,-75.0,-1.0,10.0,-12.0
1.0,-4.0,5.0,3.0,111.0,34.0,-5.0,0.0,1.0,0.0,3.0,3.0,2.0,-36.0,0.0,-10.0,0.0,-1.0,107.0,262.0,6.0,261.0,191.0,-2.0,2.0,-1.0,-2119.0,22.0,10.0,-677.0,-254.0,-44.0,-1421.0,13.0,3.0,-8.0,2.0,-38.0,3.0
0.0,-3.0,-26.0,-1.0,40.0,4.0,0.0,0.0,-3.0,2.0,-8.0,1.0,1.0,18.0,5.0,-14.0,0.0,-14.0,60.0,133.0,-6.0,488.0,280.0,3.0,-5.0,-5.0,2151.0,24.0,-45.0,522.0,-157.0,-11.0,2688.0,-24.0,5.0,32.0,1.0,26.0,11.0
4.0,-4.0,-5.0,0.0,100.0,62.0,-8.0,-3.0,3.0,-1.0,12.0,1.0,-1.0,13.0,5.0,-4.0,0.0,-28.0,60.0,192.0,-11.0,-243.0,-228.0,1.0,3.0,4.0,6379.0,90.0,-24.0,1118.0,58.0,21.0,6746.0,4.0,1.0,44.0,-2.0,10.0,6.0
1.0,3.0,11.0,-3.0,-50.0,-11.0,10.0,4.0,-1.0,1.0,2.0,-1.0,2.0,-24.0,-4.0,-8.0,0.0,22.0,-162.0,-104.0,-4.0,25.0,105.0,1.0,-1.0,-2.0,-3817.0,-71.0,-158.0,-690.0,-97.0,10.0,-4433.0,4.0,-11.0,8.0,2.0,2.0,-20.0
1.0,3.0,19.0,1.0,-41.0,-7.0,9.0,-2.0,2.0,0.0,0.0,-1.0,2.0,-8.0,-7.0,16.0,0.0,63.0,-1.0,45.0,11.0,-397.0,-257.0,-4.0,3.0,4.0,-1734.0,4.0,-89.0,-662.0,108.0,39.0,-2115.0,19.0,-5.0,-209.0,-1.0,-52.0,-12.0
3.0,-9.0,8.0,3.0,49.0,20.0,-3.0,6.0,-4.0,-1.0,-1.0,-3.0,1.0,-19.0,3.0,-33.0,-3.0,-57.0,19.0,-12.0,5.0,-351.0,-208.0,-3.0,-1.0,0.0,-742.0,-3.0,-350.0,-454.0,183.0,62.0,-988.0,1.0,-14.0,26.0,0.0,2.0,1.0
9.0,-6.0,19.0,-2.0,-51.0,-7.0,4.0,-6.0,4.0,1.0,1.0,3.0,-1.0,1.0,16.0,-38.0,2.0,4.0,-33.0,101.0,-6.0,118.0,71.0,-5.0,-2.0,-3.0,3516.0,69.0,-565.0,331.0,-45.0,35.0,3668.0,8.0,-6.0,-4.0,1.0,28.0,4.0
-8.0,6.0,13.0,-4.0,-147.0,-70.0,-13.0,6.0,1.0,-1.0,-17.0,1.0,-2.0,-11.0,-4.0,14.0,0.0,40.0,-101.0,-106.0,8.0,-52.0,18.0,1.0,-3.0,-1.0,-5956.0,-278.0,642.0,-237.0,94.0,-50.0,-6521.0,-26.0,3.0,-74.0,-2.0,0.0,1.0
4.0,-8.0,-16.0,-3.0,87.0,18.0,6.0,0.0,1.0,-1.0,-4.0,7.0,0.0,2.0,3.0,-10.0,0.0,-11.0,34.0,-185.0,-1.0,-103.0,-54.0,1.0,0.0,1.0,4087.0,7.0,47.0,563.0,104.0,59.0,4087.0,9.0,-4.0,142.0,0.0,22.0,28.0
-2.0,-3.0,2.0,-1.0,58.0,35.0,-1.0,-6.0,1.0,3.0,-7.0,1.0,4.0,-16.0,-1.0,2.0,0.0,-67.0,29.0,166.0,9.0,-325.0,-171.0,-1.0,-2.0,-2.0,4002.0,57.0,160.0,625.0,-201.0,-4.0,4096.0,-5.0,-3.0,183.0,1.0,0.0,-1.0
-12.0,16.0,6.0,-1.0,-159.0,-73.0,-1.0,-8.0,0.0,0.0,-30.0,-2.0,-4.0,-9.0,-10.0,29.0,0.0,44.0,-126.0,-16.0,-6.0,152.0,29.0,1.0,-2.0,-1.0,-4047.0,-130.0,71.0,-155.0,99.0,-2.0,-3899.0,-21.0,5.0,-45.0,0.0,39.0,3.0
-1.0,4.0,2.0,-2.0,171.0,53.0,7.0,-1.0,3.0,0.0,4.0,2.0,0.0,29.0,-4.0,12.0,0.0,5.0,10.0,115.0,6.0,92.0,-48.0,-2.0,0.0,0.0,-669.0,44.0,-531.0,-318.0,30.0,31.0,171.0,14.0,0.0,199.0,0.0,-32.0,20.0
4.0,-5.0,-4.0,-1.0,163.0,39.0,9.0,4.0,0.0,1.0,7.0,3.0,1.0,26.0,1.0,-11.0,0.0,-1.0,24.0,-139.0,17.0,-311.0,-93.0,-2.0,-5.0,-5.0,2508.0,104.0,6.0,-35.0,171.0,45.0,2485.0,27.0,1.0,80.0,1.0,10.0,-4.0
2.0,-5.0,-15.0,-2.0,72.0,35.0,-1.0,14.0,-5.0,-1.0,20.0,-2.0,3.0,-1.0,-3.0,4.0,-2.0,-23.0,17.0,-133.0,13.0,-153.0,-46.0,1.0,2.0,2.0,1102.0,42.0,558.0,-58.0,243.0,21.0,779.0,-1.0,0.0,-49.0,-1.0,-21.0,-11.0
8.0,-12.0,3.0,4.0,195.0,99.0,9.0,-1.0,1.0,0.0,26.0,0.0,2.0,0.0,8.0,-23.0,0.0,-57.0,189.0,95.0,-8.0,-128.0,-83.0,-1.0,5.0,2.0,5327.0,291.0,-888.0,22.0,-176.0,11.0,5857.0,59.0,-3.0,175.0,2.0,-28.0,6.0
-5.0,-3.0,-11.0,1.0,-81.0,-22.0,-9.0,-1.0,-1.0,-2.0,-8.0,-1.0,-3.0,17.0,0.0,10.0,0.0,23.0,41.0,-48.0,-6.0,-55.0,-20.0,2.0,1.0,2.0,3687.0,24.0,595.0,839.0,18.0,-41.0,3457.0,-9.0,4.0,-74.0,-1.0,7.0,1.0
0.0,3.0,-13.0,3.0,-54.0,-33.0,0.0,-6.0,-4.0,2.0,-11.0,1.0,0.0,5.0,-1.0,2.0,0.0,49.0,126.0,82.0,0.0,496.0,201.0,-1.0,2.0,1.0,-3016.0,-41.0,-47.0,-483.0,-201.0,-29.0,-2687.0,-18.0,1.0,-170.0,0.0,-6.0,0.0
-2.0,5.0,-24.0,0.0,25.0,-4.0,-8.0,-5.0,3.0,1.0,2.0,5.0,-1.0,5.0,-1.0,19.0,3.0,23.0,-216.0,-64.0,-9.0,500.0,239.0,4.0,-1.0,-2.0,502.0,-48.0,612.0,642.0,-137.0,-47.0,935.0,-11.0,9.0,149.0,0.0,19.0,4.0
8.0,0.0,-4.0,-2.0,71.0,35.0,3.0,5.0,4.0,-4.0,22.0,-3.0,-2.0,16.0,7.0,-17.0,0.0,12.0,-171.0,-6.0,-18.0,-123.0,-65.0,3.0,2.0,3.0,1548.0,37.0,-179.0,317.0,204.0,43.0,1424.0,4.0,1.0,-47.0,-1.0,24.0,1.0
5.0,-4.0,-7.0,6.0,25.0,10.0,-6.0,1.0,-1.0,1.0,12.0,1.0,2.0,-18.0,-3.0,1.0,0.0,-58.0,79.0,-58.0,-3.0,-265.0,-114.0,3.0,0.0,1.0,885.0,-25.0,160.0,235.0,-7.0,6.0,401.0,-1.0,-1.0,-50.0,-1.0,-1.0,-18.0
-4.0,7.0,6.0,3.0,-125.0,-37.0,-5.0,-3.0,-1.0,1.0,0.0,-10.0,-1.0,39.0,5.0,10.0,0.0,-5.0,33.0,66.0,1.0,-72.0,-114.0,0.0,0.0,1.0,-2625.0,18.0,-187.0,-70.0,-91.0,-75.0,-2810.0,-16.0,10.0,-119.0,-2.0,-6.0,-10.0
-1.0,6.0,12.0,0.0,-10.0,-8.0,1.0,-4.0,1.0,-1.0,1.0,0.0,-1.0,-21.0,-4.0,11.0,0.0,1.0,157.0,171.0,5.0,201.0,202.0,-2.0,4.0,1.0,-1667.0,32.0,128.0,-510.0,-169.0,-48.0,-1277.0,-5.0,8.0,-107.0,2.0,-5.0,-8.0
-10.0,2.0,-7.0,0.0,-198.0,-72.0,-11.0,3.0,-4.0,0.0,-19.0,-1.0,-2.0,-13.0,-1.0,10.0,0.0,-7.0,52.0,30.0,-14.0,751.0,408.0,4.0,-2.0,-2.0,-2891.0,-133.0,15.0,98.0,-130.0,-66.0,-2630.0,-32.0,5.0,-14.0,0.0,-2.0,15.0
-3.0,1.0,-21.0,1.0,-106.0,-47.0,1.0,-5.0,-3.0,0.0,-16.0,-3.0,0.0,9.0,0.0,1.0,0.0,45.0,-35.0,2.0,-4.0,236.0,173.0,2.0,0.0,0.0,-158.0,-13.0,553.0,180.0,-238.0,-52.0,-456.0,-32.0,2.0,-152.0,1.0,15.0,-5.0
1.0,-5.0,-10.0,5.0,138.0,45.0,-2.0,0.0,1.0,0.0,9.0,1.0,2.0,9.0,-3.0,5.0,0.0,-25.0,142.0,48.0,-1.0,-117.0,-54.0,3.0,2.0,2.0,-571.0,19.0,-64.0,-118.0,-297.0,-54.0,-548.0,14.0,1.0,98.0,0.0,-46.0,4.0
-6.0,11.0,-4.0,0.0,-126.0,-30.0,-4.0,-2.0,2.0,3.0,4.0,-4.0,0.0,38.0,-2.0,32.0,3.0,67.0,-210.0,26.0,-9.0,253.0,60.0,4.0,-3.0,-2.0,-1678.0,-36.0,175.0,401.0,-118.0,-73.0,-1822.0,-5.0,10.0,-61.0,-2.0,-19.0,-21.0
6.0,-10.0,-3.0,4.0,172.0,95.0,3.0,-2.0,1.0,-1.0,25.0,1.0,-1.0,19.0,4.0,-5.0,0.0,-62.0,177.0,56.0,-10.0,-239.0,-211.0,-1.0,4.0,3.0,9801.0,315.0,-600.0,896.0,162.0,61.0,10434.0,49.0,-1.0,152.0,0.0,-8.0,5.0
1.0,-3.0,6.0,-3.0,53.0,30.0,9.0,4.0,3.0,0.0,3.0,-1.0,3.0,5.0,-1.0,0.0,0.0,0.0,-67.0,96.0,5.0,-405.0,-178.0,0.0,-4.0,-2.0,3433.0,69.0,-87.0,343.0,152.0,57.0,3260.0,13.0,-1.0,-7.0,0.0,-20.0,-1.0
1.0,-5.0,-2.0,0.0,48.0,27.0,-2.0,7.0,-1.0,1.0,3.0,3.0,2.0,-20.0,-4.0,-11.0,0.0,15.0,-224.0,-52.0,-5.0,-26.0,-34.0,1.0,-4.0,-3.0,205.0,-57.0,12.0,17.0,156.0,64.0,0.0,12.0,-14.0,84.0,0.0,-11.0,-10.0
-1.0,-2.0,11.0,-3.0,-63.0,-5.0,1.0,5.0,1.0,-1.0,6.0,-2.0,-2.0,25.0,4.0,1.0,0.0,-16.0,-19.0,-273.0,-6.0,-441.0,-256.0,2.0,0.0,2.0,1490.0,-9.0,-256.0,462.0,172.0,5.0,757.0,20.0,-3.0,109.0,-2.0,10.0,4.0
-14.0,10.0,11.0,1.0,-107.0,-42.0,-6.0,-15.0,-1.0,4.0,-39.0,1.0,0.0,-31.0,-8.0,24.0,0.0,9.0,117.0,221.0,3.0,143.0,-6.0,-1.0,0.0,-1.0,-3690.0,-101.0,-62.0,-228.0,-385.0,-74.0,-3154.0,-11.0,3.0,69.0,1.0,5.0,9.0
1.0,1.0,15.0,0.0,-72.0,-22.0,3.0,2.0,-4.0,-2.0,-3.0,-6.0,-2.0,-4.0,-1.0,-12.0,-3.0,-55.0,69.0,-103.0,4.0,-411.0,-197.0,-3.0,1.0,2.0,-290.0,7.0,-232.0,-287.0,268.0,58.0,-844.0,-17.0,-9.0,-73.0,0.0,35.0,-10.0
-10.0,5.0,-4.0,-1.0,-10.0,-31.0,6.0,1.0,-1.0,-1.0,-16.0,0.0,-2.0,33.0,-9.0,26.0,0.0,56.0,-9.0,-125.0,11.0,280.0,160.0,-1.0,-2.0,-2.0,-3361.0,-22.0,88.0,-597.0,-10.0,-31.0,-3118.0,1.0,3.0,81.0,1.0,-35.0,15.0
10.0,-2.0,19.0,4.0,-1.0,5.0,6.0,-11.0,6.0,0.0,9.0,2.0,0.0,3.0,4.0,-10.0,2.0,10.0,-39.0,27.0,-1.0,-307.0,-198.0,-5.0,3.0,3.0,1423.0,51.0,-338.0,-94.0,-103.0,31.0,1096.0,13.0,-10.0,-39.0,0.0,-16.0,-10.0
1.0,3.0,16.0,-5.0,-115.0,-41.0,8.0,1.0,-1.0,1.0,-8.0,-2.0,1.0,-28.0,7.0,-23.0,0.0,30.0,-130.0,-9.0,3.0,228.0,182.0,-3.0,-1.0,-3.0,-3903.0,-43.0,-224.0,-756.0,-41.0,4.0,-4029.0,-4.0,-3.0,-75.0,2.0,26.0,-3.0
-2.0,5.0,3.0,-2.0,127.0,32.0,6.0,-6.0,3.0,1.0,-10.0,1.0,-1.0,11.0,0.0,-4.0,0.0,20.0,-30.0,76.0,2.0,-291.0,-164.0,0.0,-3.0,-3.0,366.0,40.0,-235.0,54.0,-10.0,14.0,755.0,20.0,5.0,102.0,1.0,39.0,6.0
-4.0,0.0,5.0,-4.0,-196.0,-63.0,-1.0,0.0,-2.0,-1.0,-16.0,-3.0,-2.0,-11.0,7.0,-13.0,0.0,53.0,-89.0,-57.0,-3.0,173.0,162.0,-1.0,0.0,-1.0,-216.0,-19.0,371.0,83.0,-23.0,-37.0,-572.0,-13.0,1.0,-149.0,1.0,33.0,-2.0
7.0,-7.0,8.0,1.0,122.0,84.0,13.0,2.0,0.0,0.0,27.0,0.0,1.0,-5.0,0.0,-13.0,0.0,-40.0,15.0,-48.0,-14.0,-214.0,-106.0,0.0,3.0,1.0,5984.0,244.0,-758.0,206.0,65.0,71.0,6001.0,53.0,-12.0,160.0,2.0,-6.0,-15.0
0.0,2.0,-4.0,3.0,64.0,8.0,-10.0,-3.0,0.0,-1.0,2.0,2.0,-1.0,-35.0,-2.0,-3.0,0.0,-33.0,-40.0,95.0,1.0,350.0,233.0,-1.0,2.0,-1.0,-1907.0,-19.0,390.0,-322.0,-123.0,-33.0,-1330.0,-15.0,3.0,68.0,2.0,16.0,-3.0
0.0,-6.0,-13.0,-4.0,94.0,37.0,0.0,6.0,1.0,0.0,3.0,0.0,1.0,13.0,6.0,-16.0,0.0,-63.0,-66.0,51.0,-6.0,-8.0,79.0,4.0,-7.0,-6.0,5167.0,65.0,2.0,1005.0,44.0,18.0,5375.0,-6.0,4.0,202.0,1.0,32.0,11.0
-2.0,4.0,23.0,-3.0,-73.0,-13.0,2.0,1.0,2.0,-2.0,7.0,-2.0,-3.0,4.0,0.0,12.0,0.0,-15.0,138.0,-102.0,-1.0,-240.0,-54.0,0.0,4.0,3.0,-177.0,23.0,-128.0,-48.0,3.0,-43.0,-520.0,15.0,5.0,2.0,0.0,5.0,-4.0
-6.0,1.0,-9.0,-1.0,90.0,31.0,-2.0,-2.0,2.0,-2.0,-4.0,1.0,-3.0,46.0,-4.0,22.0,0.0,28.0,51.0,67.0,0.0,37.0,-68.0,0.0,1.0,2.0,3018.0,68.0,64.0,521.0,48.0,-10.0,3628.0,5.0,4.0,125.0,-1.0,-25.0,21.0
12.0,-5.0,4.0,1.0,35.0,7.0,7.0,1.0,6.0,-3.0,19.0,1.0,-3.0,32.0,11.0,-28.0,2.0,14.0,-134.0,-88.0,-16.0,10.0,52.0,0.0,-2.0,-1.0,2588.0,59.0,-496.0,286.0,142.0,53.0,2375.0,12.0,-3.0,-20.0,0.0,16.0,2.0
-6.0,10.0,7.0,-1.0,-36.0,-7.0,-3.0,-10.0,3.0,0.0,-17.0,-2.0,-2.0,-15.0,-1.0,7.0,0.0,21.0,-54.0,215.0,-15.0,20.0,-71.0,2.0,2.0,2.0,-2142.0,-64.0,-241.0,89.0,-181.0,-31.0,-1730.0,-7.0,4.0,22.0,0.0,29.0,10.0
-5.0,12.0,11.0,0.0,-198.0,-52.0,-1.0,0.0,-2.0,1.0,1.0,-10.0,-2.0,34.0,-3.0,20.0,0.0,12.0,-141.0,-77.0,-5.0,-158.0,-137.0,1.0,-2.0,0.0,-1968.0,-29.0,-57.0,114.0,150.0,-15.0,-2666.0,-22.0,1.0,-134.0,-2.0,16.0,-31.0
-11.0,10.0,-12.0,1.0,-214.0,-83.0,-10.0,-4.0,1.0,1.0,-17.0,3.0,-1.0,-16.0,-9.0,45.0,3.0,79.0,-165.0,11.0,-12.0,854.0,390.0,4.0,0.0,0.0,-4123.0,-177.0,538.0,78.0,-159.0,-74.0,-3810.0,-24.0,9.0,-74.0,-1.0,-35.0,7.0
5.0,-5.0,-2.0,2.0,179.0,60.0,-3.0,4.0,1.0,2.0,9.0,5.0,3.0,-13.0,0.0,-13.0,0.0,-30.0,-103.0,100.0,5.0,4.0,-119.0,-2.0,-4.0,-3.0,335.0,-10.0,-425.0,-132.0,235.0,95.0,976.0,17.0,-7.0,150.0,-1.0,-20.0,9.0
9.0,-11.0,-8.0,1.0,85.0,17.0,-3.0,1.0,0.0,0.0,2.0,10.0,2.0,-61.0,3.0,-24.0,0.0,-45.0,78.0,-29.0,3.0,10.0,77.0,-1.0,0.0,-1.0,3424.0,-15.0,281.0,239.0,140.0,75.0,3615.0,7.0,-3.0,-14.0,1.0,29.0,9.0
1.0,-6.0,9.0,0.0,47.0,26.0,5.0,3.0,1.0,1.0,1.0,1.0,3.0,-1.0,2.0,-7.0,0.0,32.0,147.0,167.0,5.0,-89.0,-42.0,-1.0,0.0,0.0,-212.0,41.0,-380.0,-355.0,-131.0,-11.0,-91.0,28.0,0.0,-76.0,0.0,-54.0,6.0
1.0,-2.0,18.0,3.0,-78.0,-26.0,-1.0,1.0,-6.0,-1.0,-5.0,-4.0,-2.0,-10.0,2.0,-19.0,-3.0,-23.0,283.0,-32.0,4.0,-95.0,-61.0,-4.0,5.0,4.0,-3935.0,-21.0,-525.0,-985.0,-15.0,-10.0,-4195.0,-2.0,-8.0,-142.0,0.0,1.0,-3.0
11.0,-12.0,-11.0,-2.0,48.0,39.0,6.0,8.0,-1.0,0.0,27.0,-1.0,2.0,45.0,10.0,-19.0,0.0,-43.0,19.0,-246.0,0.0,-413.0,-220.0,1.0,0.0,2.0,6166.0,108.0,-81.0,832.0,155.0,46.0,5320.0,8.0,-8.0,53.0,-2.0,-1.0,-6.0
2.0,4.0,-10.0,0.0,-25.0,-25.0,10.0,-4.0,-2.0,2.0,-8.0,-2.0,3.0,-8.0,0.0,-9.0,0.0,22.0,-76.0,50.0,2.0,291.0,193.0,0.0,-1.0,-2.0,-3845.0,-37.0,-42.0,-659.0,-256.0,-11.0,-3913.0,-23.0,-2.0,-78.0,2.0,8.0,-6.0
-7.0,7.0,-13.0,1.0,-57.0,-54.0,-11.0,1.0,0.0,0.0,-17.0,1.0,0.0,9.0,-11.0,28.0,0.0,32.0,-47.0,-47.0,7.0,11.0,29.0,4.0,-3.0,0.0,-5898.0,-272.0,824.0,-140.0,-121.0,-65.0,-6405.0,-45.0,4.0,-77.0,-2.0,-18.0,-2.0
1.0,-1.0,10.0,1.0,110.0,49.0,-2.0,-7.0,0.0,5.0,-2.0,5.0,4.0,-20.0,-2.0,3.0,0.0,-63.0,190.0,246.0,13.0,-65.0,-143.0,-4.0,0.0,-1.0,1144.0,29.0,-440.0,-38.0,-164.0,19.0,1865.0,9.0,-4.0,165.0,0.0,-21.0,4.0
2.0,-1.0,3.0,4.0,33.0,9.0,-2.0,-1.0,1.0,0.0,1.0,1.0,2.0,-22.0,-5.0,2.0,0.0,29.0,-198.0,-31.0,7.0,-248.0,-226.0,-3.0,1.0,2.0,-1974.0,-47.0,173.0,-474.0,154.0,54.0,-2168.0,9.0,-10.0,-34.0,-1.0,-31.0,-7.0
-5.0,1.0,-6.0,3.0,-50.0,-51.0,-2.0,-1.0,-2.0,0.0,-14.0,0.0,-1.0,11.0,-1.0,12.0,0.0,6.0,102.0,-88.0,15.0,218.0,123.0,-2.0,-2.0,-2.0,-2562.0,-19.0,182.0,-428.0,39.0,-31.0,-2313.0,-8.0,10.0,-52.0,0.0,-12.0,14.0
0.0,0.0,-12.0,-4.0,199.0,67.0,5.0,8.0,-2.0,0.0,10.0,-1.0,2.0,10.0,-3.0,0.0,-2.0,-3.0,-13.0,-57.0,15.0,-444.0,-210.0,1.0,-1.0,-1.0,1468.0,82.0,323.0,-4.0,233.0,35.0,1534.0,19.0,5.0,53.0,0.0,18.0,-5.0
-16.0,15.0,3.0,-2.0,-46.0,-38.0,3.0,-9.0,2.0,-1.0,-33.0,-2.0,-4.0,18.0,-10.0,33.0,0.0,77.0,-63.0,90.0,-4.0,300.0,89.0,1.0,0.0,0.0,-5503.0,-86.0,-153.0,-508.0,-191.0,-62.0,-4848.0,-6.0,7.0,103.0,1.0,-6.0,25.0
-4.0,-1.0,-10.0,-2.0,-169.0,-52.0,2.0,0.0,-2.0,-1.0,-10.0,-5.0,-2.0,34.0,4.0,2.0,0.0,29.0,-54.0,-271.0,-10.0,-205.0,-83.0,4.0,0.0,2.0,1332.0,-22.0,297.0,642.0,-66.0,-47.0,301.0,-12.0,-1.0,-43.0,-1.0,25.0,-1.0
1.0,-4.0,-16.0,3.0,74.0,16.0,-11.0,1.0,-1.0,0.0,1.0,2.0,0.0,-14.0,2.0,-14.0,0.0,-34.0,-197.0,-76.0,-4.0,149.0,31.0,1.0,-2.0,-2.0,-240.0,-51.0,262.0,188.0,46.0,15.0,-53.0,-10.0,-5.0,175.0,0.0,21.0,5.0
0.0,-6.0,16.0,0.0,48.0,29.0,-4.0,5.0,2.0,-1.0,9.0,1.0,0.0,-11.0,4.0,-9.0,0.0,-17.0,88.0,-11.0,0.0,-180.0,-65.0,0.0,2.0,1.0,-629.0,13.0,-246.0,-215.0,-82.0,-39.0,-664.0,33.0,0.0,101.0,0.0,-28.0,7.0
-8.0,9.0,9.0,1.0,-263.0,-101.0,-1.0,-1.0,-3.0,0.0,-19.0,-4.0,0.0,-39.0,-6.0,15.0,0.0,29.0,-84.0,-53.0,-6.0,554.0,321.0,1.0,2.0,1.0,-8887.0,-194.0,18.0,-1083.0,-229.0,-66.0,-9231.0,-31.0,-2.0,-124.0,1.0,-20.0,-2.0
-5.0,1.0,-11.0,5.0,15.0,-21.0,0.0,2.0,-2.0,0.0,-4.0,1.0,0.0,15.0,-12.0,27.0,0.0,-2.0,70.0,-183.0,8.0,15.0,46.0,2.0,-2.0,-1.0,-2476.0,-47.0,248.0,-362.0,-17.0,-25.0,-2717.0,0.0,2.0,31.0,0.0,-36.0,-3.0
-7.0,6.0,16.0,2.0,-146.0,-21.0,-6.0,-7.0,-3.0,5.0,-8.0,-7.0,2.0,12.0,-1.0,15.0,0.0,-23.0,102.0,160.0,4.0,-167.0,-172.0,-1.0,0.0,0.0,-1611.0,0.0,-190.0,41.0,-334.0,-87.0,-1921.0,-12.0,-1.0,-20.0,-1.0,-18.0,-25.0
8.0,-9.0,0.0,1.0,201.0,103.0,13.0,0.0,3.0,-1.0,28.0,-2.0,2.0,6.0,5.0,-16.0,0.0,-89.0,-25.0,24.0,-8.0,-444.0,-219.0,0.0,1.0,0.0,8972.0,319.0,-595.0,720.0,107.0,79.0,9208.0,44.0,-4.0,244.0,2.0,6.0,-1.0
1.0,-8.0,5.0,-1.0,16.0,11.0,-1.0,7.0,-5.0,-1.0,-2.0,-4.0,-1.0,3.0,8.0,-35.0,-3.0,-86.0,217.0,19.0,-2.0,-103.0,18.0,0.0,-2.0,-2.0,1232.0,44.0,-523.0,20.0,29.0,8.0,1180.0,-8.0,-4.0,60.0,1.0,33.0,8.0
9.0,-6.0,14.0,0.0,14.0,23.0,6.0,-3.0,4.0,1.0,11.0,4.0,0.0,5.0,5.0,-23.0,2.0,-4.0,-65.0,6.0,-13.0,-85.0,-6.0,-1.0,-2.0,-2.0,3602.0,41.0,-499.0,397.0,-101.0,41.0,3264.0,16.0,-14.0,79.0,1.0,4.0,-13.0
-2.0,10.0,7.0,-3.0,-121.0,-42.0,6.0,-4.0,0.0,-1.0,-2.0,-3.0,-3.0,15.0,-4.0,21.0,0.0,2.0,50.0,-91.0,-1.0,-60.0,11.0,0.0,2.0,2.0,452.0,10.0,118.0,167.0,85.0,-4.0,144.0,-18.0,5.0,-99.0,0.0,33.0,-11.0
3.0,2.0,8.0,2.0,52.0,14.0,-1.0,-1.0,-1.0,2.0,5.0,4.0,0.0,-4.0,-1.0,1.0,0.0,4.0,161.0,80.0,4.0,260.0,28.0,-3.0,2.0,1.0,-2858.0,-28.0,-600.0,-663.0,37.0,23.0,-2231.0,14.0,-1.0,-18.0,-1.0,-21.0,5.0
5.0,-3.0,8.0,4.0,-2.0,-1.0,-9.0,1.0,-1.0,1.0,6.0,3.0,2.0,-63.0,0.0,-14.0,0.0,-34.0,44.0,156.0,4.0,113.0,131.0,-2.0,0.0,-2.0,-663.0,-22.0,234.0,-324.0,36.0,16.0,-472.0,-2.0,1.0,-156.0,1.0,7.0,-19.0
12.0,-5.0,-8.0,-3.0,234.0,74.0,12.0,9.0,4.0,-3.0,29.0,0.0,-1.0,42.0,8.0,-28.0,0.0,11.0,-147.0,-145.0,-1.0,-434.0,-158.0,1.0,-3.0,-2.0,4056.0,141.0,-173.0,282.0,375.0,88.0,3909.0,31.0,2.0,33.0,0.0,34.0,-3.0
12.0,-7.0,4.0,2.0,71.0,40.0,5.0,3.0,1.0,-1.0,29.0,0.0,3.0,2.0,1.0,-6.0,0.0,-13.0,-22.0,-106.0,12.0,-460.0,-244.0,-4.0,5.0,5.0,2525.0,93.0,220.0,-152.0,140.0,52.0,1875.0,12.0,-10.0,-88.0,-1.0,-37.0,-21.0
0.0,0.0,5.0,-2.0,-65.0,-30.0,-2.0,-3.0,0.0,0.0,-10.0,-1.0,-1.0,-4.0,11.0,-15.0,0.0,8.0,32.0,95.0,7.0,203.0,77.0,-4.0,0.0,-1.0,-86.0,28.0,-66.0,-66.0,56.0,-6.0,404.0,-8.0,8.0,-83.0,0.0,24.0,17.0
3.0,-10.0,-17.0,0.0,175.0,48.0,-5.0,-1.0,2.0,-2.0,-2.0,11.0,-1.0,-15.0,-1.0,-2.0,0.0,-17.0,129.0,38.0,3.0,47.0,9.0,-1.0,1.0,1.0,6442.0,53.0,345.0,760.0,188.0,65.0,7243.0,12.0,1.0,111.0,0.0,4.0,30.0
-9.0,11.0,-18.0,-4.0,-123.0,-77.0,-12.0,-1.0,3.0,2.0,-23.0,6.0,0.0,4.0,-7.0,35.0,3.0,112.0,-258.0,8.0,4.0,539.0,280.0,4.0,-6.0,-4.0,-5037.0,-298.0,1120.0,265.0,-92.0,-69.0,-5013.0,-42.0,12.0,-102.0,-2.0,-7.0,4.0
1.0,0.0,-7.0,0.0,-1.0,-3.0,9.0,-2.0,-1.0,2.0,-8.0,0.0,3.0,10.0,-2.0,2.0,0.0,49.0,59.0,178.0,5.0,91.0,23.0,-1.0,-2.0,-1.0,417.0,28.0,-134.0,-140.0,-49.0,28.0,573.0,-5.0,0.0,-177.0,0.0,-26.0,-1.0
-4.0,5.0,-8.0,-3.0,36.0,28.0,-4.0,4.0,-2.0,-1.0,3.0,-4.0,1.0,-16.0,-4.0,11.0,-2.0,-2.0,-37.0,82.0,-2.0,-133.0,-117.0,3.0,4.0,4.0,-1040.0,-22.0,317.0,31.0,62.0,-10.0,-951.0,-8.0,4.0,-27.0,-1.0,8.0,-1.0
-4.0,0.0,0.0,-2.0,-131.0,-33.0,1.0,3.0,-2.0,-1.0,-6.0,-2.0,-1.0,-7.0,-4.0,2.0,0.0,45.0,-121.0,-152.0,-10.0,-30.0,85.0,3.0,0.0,0.0,-130.0,-47.0,437.0,149.0,-79.0,-31.0,-976.0,-5.0,-7.0,-66.0,1.0,9.0,-19.0
1.0,5.0,-20.0,-2.0,20.0,-9.0,2.0,5.0,5.0,-2.0,12.0,3.0,-2.0,26.0,-1.0,17.0,3.0,90.0,-312.0,-134.0,-13.0,420.0,232.0,5.0,-3.0,-2.0,-67.0,-36.0,365.0,360.0,216.0,14.0,99.0,7.0,11.0,-41.0,-1.0,-1.0,4.0
2.0,-7.0,-10.0,0.0,127.0,46.0,-2.0,5.0,2.0,0.0,4.0,1.0,3.0,-9.0,1.0,-14.0,0.0,-34.0,-264.0,20.0,1.0,-256.0,-147.0,1.0,-6.0,-4.0,3193.0,18.0,175.0,531.0,198.0,72.0,3207.0,3.0,-6.0,168.0,0.0,1.0,4.0
-9.0,6.0,-7.0,6.0,-148.0,-60.0,-9.0,-2.0,-2.0,-1.0,-11.0,-2.0,-1.0,-11.0,-13.0,38.0,0.0,-1.0,46.0,-44.0,-9.0,326.0,139.0,4.0,3.0,4.0,-4984.0,-151.0,242.0,-327.0,-188.0,-70.0,-5202.0,-27.0,1.0,-49.0,-1.0,-46.0,1.0
-5.0,5.0,-12.0,-1.0,66.0,9.0,-1.0,-4.0,1.0,-2.0,-4.0,-1.0,-3.0,28.0,-2.0,11.0,0.0,1.0,-84.0,-61.0,-3.0,237.0,102.0,1.0,2.0,1.0,-1244.0,3.0,156.0,2.0,-159.0,-49.0,-858.0,-13.0,2.0,224.0,1.0,9.0,16.0
2.0,-6.0,2.0,4.0,72.0,33.0,11.0,1.0,-2.0,0.0,13.0,0.0,0.0,6.0,-1.0,-1.0,0.0,-34.0,117.0,-136.0,1.0,4.0,17.0,-2.0,1.0,-1.0,3422.0,225.0,-576.0,-222.0,104.0,40.0,3688.0,45.0,-2.0,108.0,2.0,-18.0,-1.0
-12.0,10.0,22.0,-1.0,-111.0,-44.0,-5.0,-3.0,2.0,-1.0,-21.0,-1.0,-4.0,-20.0,-6.0,20.0,0.0,27.0,-38.0,-27.0,-6.0,-28.0,-36.0,1.0,0.0,0.0,-4676.0,-117.0,-175.0,-370.0,17.0,-41.0,-4563.0,12.0,5.0,56.0,0.0,11.0,10.0
13.0,-6.0,2.0,-2.0,344.0,123.0,10.0,2.0,4.0,2.0,27.0,5.0,3.0,22.0,6.0,-25.0,0.0,-52.0,43.0,101.0,12.0,-499.0,-301.0,-3.0,-3.0,-3.0,5200.0,170.0,-613.0,244.0,211.0,107.0,5774.0,40.0,-2.0,198.0,0.0,13.0,1.0
-3.0,0.0,-14.0,-4.0,3.0,-47.0,-8.0,1.0,1.0,-1.0,-27.0,10.0,0.0,-34.0,-5.0,3.0,0.0,45.0,-48.0,-18.0,13.0,286.0,220.0,0.0,-3.0,-2.0,-3359.0,-262.0,945.0,-136.0,26.0,4.0,-3191.0,-37.0,2.0,-41.0,0.0,12.0,25.0
10.0,-6.0,1.0,-2.0,38.0,31.0,7.0,4.0,0.0,-1.0,28.0,-1.0,1.0,24.0,6.0,-8.0,0.0,-42.0,176.0,-75.0,5.0,-212.0,-18.0,-1.0,4.0,3.0,4499.0,140.0,47.0,322.0,-14.0,-2.0,4043.0,3.0,0.0,-54.0,0.0,-6.0,-14.0
-1.0,-4.0,3.0,0.0,24.0,22.0,-1.0,2.0,1.0,0.0,0.0,2.0,0.0,18.0,-2.0,11.0,0.0,27.0,135.0,128.0,3.0,-200.0,-170.0,-1.0,-1.0,1.0,4262.0,65.0,-92.0,519.0,207.0,39.0,4486.0,18.0,2.0,-99.0,-2.0,-34.0,5.0
-1.0,5.0,-31.0,0.0,24.0,-7.0,1.0,-7.0,2.0,3.0,-6.0,5.0,2.0,15.0,-3.0,21.0,3.0,72.0,-157.0,114.0,-4.0,591.0,262.0,3.0,-3.0,-3.0,919.0,-20.0,478.0,502.0,-186.0,-19.0,1508.0,-16.0,9.0,-28.0,0.0,-7.0,3.0
9.0,-1.0,6.0,-1.0,181.0,84.0,1.0,-2.0,4.0,1.0,20.0,2.0,2.0,-4.0,5.0,-14.0,0.0,-51.0,19.0,240.0,-5.0,-188.0,-208.0,-1.0,2.0,2.0,2692.0,66.0,-619.0,279.0,40.0,62.0,3289.0,13.0,-3.0,118.0,-1.0,3.0,5.0
3.0,1.0,-10.0,1.0,21.0,-16.0,1.0,4.0,2.0,-4.0,8.0,-3.0,-3.0,27.0,6.0,-5.0,0.0,18.0,-69.0,-94.0,-3.0,95.0,58.0,1.0,0.0,1.0,-1014.0,18.0,3.0,-111.0,243.0,12.0,-889.0,-4.0,11.0,-99.0,-1.0,12.0,15.0
4.0,-7.0,-1.0,-5.0,60.0,7.0,3.0,0.0,1.0,-1.0,-10.0,9.0,0.0,-43.0,6.0,-25.0,0.0,13.0,-1.0,29.0,6.0,275.0,191.0,-4.0,0.0,-2.0,2539.0,10.0,121.0,4.0,147.0,69.0,3214.0,8.0,-2.0,36.0,2.0,30.0,27.0
0.0,9.0,10.0,1.0,-88.0,-33.0,4.0,-5.0,1.0,-1.0,-1.0,-2.0,-1.0,-7.0,-9.0,23.0,0.0,31.0,-148.0,-122.0,6.0,-308.0,-215.0,-3.0,3.0,4.0,-1522.0,-37.0,291.0,-307.0,239.0,50.0,-2024.0,-9.0,-5.0,-133.0,-1.0,2.0,-18.0
14.0,-10.0,0.0,0.0,173.0,70.0,3.0,3.0,1.0,2.0,23.0,3.0,3.0,-7.0,10.0,-37.0,0.0,-57.0,33.0,-14.0,6.0,-591.0,-253.0,-1.0,-3.0,-3.0,5869.0,126.0,-82.0,562.0,181.0,76.0,5603.0,26.0,-2.0,-1.0,0.0,45.0,-19.0
-7.0,8.0,2.0,-1.0,-84.0,-65.0,-14.0,1.0,0.0,0.0,-23.0,3.0,0.0,-36.0,-8.0,13.0,0.0,56.0,-82.0,167.0,14.0,389.0,274.0,-1.0,-3.0,-3.0,-7446.0,-269.0,898.0,-699.0,-78.0,-55.0,-7278.0,-46.0,6.0,-183.0,0.0,-10.0,-3.0
-10.0,8.0,-6.0,0.0,-93.0,-42.0,-6.0,5.0,-7.0,0.0,-12.0,-2.0,-1.0,-16.0,-10.0,26.0,-2.0,53.0,105.0,-78.0,7.0,315.0,119.0,1.0,4.0,3.0,-6590.0,-116.0,336.0,-911.0,59.0,-49.0,-6471.0,-7.0,6.0,-163.0,-1.0,-16.0,-1.0
2.0,-2.0,6.0,0.0,23.0,4.0,6.0,1.0,0.0,1.0,1.0,-1.0,3.0,-19.0,4.0,-18.0,0.0,5.0,12.0,39.0,2.0,111.0,128.0,0.0,1.0,-1.0,-4474.0,-24.0,-288.0,-874.0,-338.0,-50.0,-4577.0,10.0,-2.0,23.0,2.0,-20.0,1.0
-1.0,-5.0,-15.0,-4.0,-23.0,-1.0,1.0,5.0,-2.0,1.0,-2.0,-1.0,-1.0,43.0,9.0,-13.0,0.0,-30.0,41.0,-140.0,-12.0,47.0,24.0,5.0,-5.0,-3.0,3641.0,15.0,-301.0,984.0,15.0,-6.0,3445.0,-4.0,2.0,141.0,-1.0,36.0,15.0
-1.0,1.0,-2.0,0.0,-117.0,-38.0,1.0,-1.0,-3.0,1.0,-5.0,-1.0,-2.0,30.0,3.0,3.0,0.0,33.0,107.0,-191.0,-6.0,55.0,-55.0,1.0,2.0,3.0,-1526.0,-50.0,-303.0,-21.0,-29.0,-24.0,-1930.0,2.0,-2.0,-61.0,-2.0,4.0,4.0
-3.0,1.0,-21.0,0.0,49.0,18.0,-9.0,-3.0,4.0,1.0,2.0,7.0,-1.0,23.0,-3.0,30.0,3.0,50.0,-81.0,64.0,-6.0,300.0,69.0,3.0,-2.0,-1.0,4764.0,17.0,520.0,1161.0,70.0,-8.0,5421.0,7.0,11.0,50.0,-2.0,-15.0,9.0
1.0,4.0,5.0,4.0,-15.0,-18.0,0.0,-8.0,2.0,-1.0,-2.0,-2.0,0.0,-2.0,-1.0,13.0,0.0,14.0,26.0,21.0,12.0,-222.0,-192.0,-4.0,5.0,5.0,-2179.0,10.0,161.0,-491.0,-2.0,-10.0,-2168.0,-3.0,4.0,-118.0,-1.0,-20.0,3.0
0.0,1.0,-19.0,5.0,91.0,19.0,-7.0,-3.0,0.0,-1.0,8.0,0.0,-1.0,10.0,-5.0,12.0,0.0,-57.0,-5.0,-119.0,-6.0,-28.0,-12.0,4.0,2.0,2.0,-359.0,-22.0,316.0,237.0,-166.0,-43.0,-457.0,-14.0,1.0,174.0,0.0,8.0,-2.0
-4.0,4.0,12.0,-1.0,-69.0,-11.0,1.0,-11.0,-1.0,3.0,-11.0,0.0,1.0,-7.0,-2.0,16.0,0.0,-33.0,293.0,146.0,8.0,-69.0,-24.0,-2.0,4.0,2.0,809.0,39.0,-15.0,94.0,-399.0,-76.0,889.0,-8.0,3.0,15.0,1.0,-1.0,-5.0
5.0,1.0,8.0,-1.0,88.0,53.0,6.0,2.0,1.0,2.0,21.0,-7.0,1.0,54.0,7.0,-13.0,0.0,-12.0,-45.0,15.0,3.0,-601.0,-330.0,0.0,-3.0,-2.0,2445.0,141.0,-363.0,323.0,41.0,1.0,1988.0,19.0,1.0,13.0,-1.0,16.0,-28.0
-3.0,-5.0,-5.0,1.0,-58.0,-18.0,-3.0,0.0,-1.0,-1.0,-7.0,-2.0,0.0,-2.0,4.0,-8.0,0.0,28.0,53.0,-9.0,-4.0,56.0,108.0,2.0,2.0,1.0,-787.0,0.0,307.0,-35.0,-320.0,-91.0,-1120.0,1.0,2.0,-51.0,1.0,-13.0,2.0
6.0,0.0,-15.0,0.0,75.0,37.0,2.0,-7.0,1.0,1.0,4.0,-1.0,2.0,5.0,5.0,-13.0,0.0,-6.0,-16.0,242.0,-9.0,48.0,-35.0,1.0,2.0,2.0,2534.0,53.0,-66.0,459.0,-198.0,10.0,2833.0,-19.0,-1.0,-34.0,0.0,18.0,0.0
-4.0,4.0,9.0,3.0,36.0,26.0,8.0,-9.0,1.0,0.0,-4.0,-2.0,-2.0,-9.0,-2.0,6.0,0.0,-13.0,63.0,79.0,-14.0,24.0,-54.0,0.0,3.0,1.0,1280.0,161.0,-817.0,-133.0,-77.0,9.0,1958.0,38.0,2.0,130.0,2.0,11.0,9.0
14.0,-10.0,12.0,4.0,-26.0,3.0,-2.0,-5.0,3.0,2.0,13.0,4.0,1.0,-17.0,13.0,-37.0,2.0,-54.0,46.0,43.0,-9.0,-147.0,-43.0,-2.0,-2.0,-2.0,4401.0,44.0,-405.0,566.0,-52.0,41.0,4069.0,7.0,-7.0,-54.0,0.0,27.0,-14.0
3.0,0.0,4.0,-2.0,-5.0,-5.0,10.0,10.0,2.0,-3.0,10.0,-2.0,-1.0,21.0,0.0,-2.0,0.0,67.0,-96.0,-70.0,-4.0,-80.0,-7.0,1.0,-2.0,0.0,-569.0,12.0,-247.0,-282.0,353.0,61.0,-836.0,18.0,2.0,-190.0,-1.0,-20.0,0.0
0.0,1.0,10.0,0.0,38.0,19.0,-1.0,3.0,0.0,0.0,4.0,3.0,1.0,-41.0,-8.0,0.0,0.0,16.0,-67.0,119.0,0.0,175.0,168.0,-1.0,0.0,-2.0,-1462.0,-25.0,140.0,-493.0,-13.0,16.0,-1277.0,7.0,-6.0,-23.0,2.0,-16.0,-18.0
-8.0,1.0,-16.0,0.0,34.0,4.0,-8.0,10.0,-5.0,0.0,-8.0,-1.0,2.0,-25.0,-9.0,12.0,-2.0,19.0,-159.0,-58.0,8.0,59.0,-28.0,2.0,-2.0,-1.0,-3397.0,-98.0,511.0,-380.0,257.0,23.0,-3264.0,-4.0,0.0,5.0,-1.0,-15.0,3.0
3.0,-1.0,21.0,-1.0,106.0,47.0,-1.0,5.0,3.0,0.0,16.0,3.0,0.0,-9.0,0.0,-1.0,0.0,-45.0,35.0,-2.0,4.0,-236.0,-173.0,-2.0,0.0,0.0,158.0,13.0,-553.0,-180.0,238.0,52.0,456.0,32.0,-2.0,152.0,-1.0,-15.0,5.0
-4.0,2.0,-6.0,-4.0,119.0,39.0,8.0,0.0,4.0,-2.0,-1.0,-2.0,0.0,33.0,-3.0,11.0,0.0,1.0,-151.0,35.0,2.0,-168.0,-76.0,1.0,-2.0,-1.0,2189.0,72.0,69.0,345.0,-7.0,8.0,2402.0,0.0,1.0,217.0,1.0,-11.0,15.0
6.0,-11.0,4.0,0.0,126.0,30.0,4.0,2.0,-2.0,-3.0,-4.0,4.0,0.0,-38.0,2.0,-32.0,-3.0,-67.0,210.0,-26.0,9.0,-253.0,-60.0,-4.0,3.0,2.0,1678.0,36.0,-175.0,-401.0,118.0,73.0,1822.0,5.0,-10.0,61.0,2.0,19.0,21.0
-1.0,5.0,10.0,-5.0,-138.0,-45.0,2.0,0.0,-1.0,0.0,-9.0,-1.0,-2.0,-9.0,3.0,-5.0,0.0,25.0,-142.0,-48.0,1.0,117.0,54.0,-3.0,-2.0,-2.0,571.0,-19.0,64.0,118.0,297.0,54.0,548.0,-14.0,-1.0,-98.0,0.0,46.0,-4.0
-6.0,10.0,3.0,-4.0,-172.0,-95.0,-3.0,2.0,-1.0,1.0,-25.0,-1.0,1.0,-19.0,-4.0,5.0,0.0,62.0,-177.0,-56.0,10.0,239.0,211.0,1.0,-4.0,-3.0,-9801.0,-315.0,600.0,-896.0,-162.0,-61.0,-10434.0,-49.0,1.0,-152.0,0.0,8.0,-5.0
2.0,-5.0,-3.0,2.0,-127.0,-32.0,-6.0,6.0,-3.0,-1.0,10.0,-1.0,1.0,-11.0,0.0,4.0,0.0,-20.0,30.0,-76.0,-2.0,291.0,164.0,0.0,3.0,3.0,-366.0,-40.0,235.0,-54.0,10.0,-14.0,-755.0,-20.0,-5.0,-102.0,-1.0,-39.0,-6.0
-6.0,-3.0,-11.0,-1.0,-35.0,-33.0,-2.0,7.0,-4.0,1.0,-12.0,2.0,-1.0,13.0,0.0,-1.0,0.0,-8.0,76.0,-109.0,3.0,440.0,315.0,2.0,-7.0,-7.0,-383.0,-29.0,21.0,63.0,41.0,-21.0,-145.0,-5.0,6.0,66.0,1.0,8.0,11.0
5.0,1.0,20.0,3.0,-111.0,-14.0,1.0,-6.0,3.0,2.0,11.0,-6.0,-1.0,44.0,10.0,-13.0,2.0,-9.0,-32.0,72.0,-12.0,-157.0,-120.0,-1.0,-2.0,-1.0,977.0,59.0,-686.0,327.0,-192.0,-34.0,454.0,0.0,-4.0,-40.0,-1.0,-2.0,-23.0
-12.0,13.0,9.0,2.0,-165.0,-77.0,-5.0,-9.0,-2.0,1.0,-32.0,0.0,-4.0,-15.0,-7.0,22.0,0.0,76.0,88.0,55.0,-6.0,468.0,165.0,0.0,2.0,1.0,-7692.0,-158.0,-222.0,-853.0,-184.0,-70.0,-7250.0,-6.0,6.0,-114.0,0.0,5.0,10.0
-2.0,3.0,-20.0,-3.0,-39.0,-12.0,2.0,-2.0,3.0,2.0,0.0,3.0,0.0,40.0,1.0,22.0,3.0,56.0,-176.0,-159.0,-10.0,150.0,6.0,5.0,-3.0,-1.0,2409.0,-29.0,222.0,964.0,-14.0,-14.0,2265.0,4.0,6.0,81.0,-2.0,3.0,7.0
1.0,-5.0,-5.0,3.0,73.0,15.0,-4.0,-3.0,1.0,0.0,-1.0,0.0,1.0,5.0,8.0,-10.0,0.0,-17.0,174.0,143.0,6.0,86.0,23.0,-1.0,2.0,1.0,-657.0,47.0,-130.0,-184.0,-241.0,-60.0,-144.0,6.0,9.0,15.0,0.0,-22.0,21.0
-1.0,5.0,-3.0,2.0,17.0,3.0,4.0,-4.0,1.0,-1.0,7.0,-2.0,-1.0,24.0,-7.0,26.0,0.0,-23.0,192.0,-43.0,-2.0,-177.0,-43.0,3.0,4.0,4.0,-119.0,29.0,54.0,49.0,-212.0,-58.0,-404.0,-4.0,6.0,-1.0,0.0,-13.0,-7.0
10.0,-5.0,-19.0,-1.0,238.0,76.0,11.0,-3.0,1.0,2.0,11.0,2.0,3.0,31.0,6.0,-24.0,0.0,-7.0,8.0,103.0,8.0,-263.0,-128.0,-1.0,-3.0,-3.0,5042.0,157.0,-60.0,424.0,-27.0,55.0,5318.0,8.0,0.0,46.0,1.0,28.0,-4.0
7.0,-6.0,-6.0,4.0,148.0,73.0,4.0,-4.0,0.0,-1.0,25.0,-1.0,-1.0,1.0,6.0,-16.0,0.0,-89.0,42.0,-72.0,-13.0,-39.0,-41.0,0.0,5.0,2.0,5539.0,250.0,-508.0,377.0,-45.0,22.0,5948.0,31.0,-3.0,251.0,2.0,26.0,0.0
-3.0,4.0,5.0,2.0,-146.0,-51.0,1.0,-5.0,0.0,-2.0,-8.0,-4.0,-1.0,-9.0,-5.0,15.0,0.0,59.0,-95.0,-131.0,2.0,-252.0,-107.0,-1.0,5.0,5.0,-2309.0,-37.0,598.0,-342.0,-81.0,-41.0,-3144.0,-8.0,-3.0,-184.0,0.0,-11.0,-16.0
1.0,6.0,12.0,0.0,-75.0,14.0,-3.0,-2.0,1.0,1.0,14.0,-10.0,0.0,28.0,6.0,-2.0,0.0,-11.0,-69.0,154.0,-14.0,-290.0,-237.0,2.0,2.0,3.0,-63.0,37.0,-369.0,358.0,-130.0,-44.0,-497.0,-8.0,0.0,-67.0,-2.0,6.0,-24.0
2.0,-5.0,8.0,3.0,-61.0,-4.0,-9.0,-6.0,-3.0,5.0,-6.0,3.0,4.0,-49.0,2.0,-9.0,0.0,-68.0,180.0,131.0,7.0,-157.0,-95.0,-2.0,0.0,-1.0,1813.0,-15.0,91.0,280.0,-194.0,-12.0,1694.0,-5.0,-4.0,-34.0,0.0,11.0,-16.0
8.0,-9.0,3.0,3.0,64.0,34.0,-4.0,-7.0,5.0,0.0,9.0,5.0,-2.0,29.0,9.0,-15.0,2.0,-26.0,97.0,110.0,-9.0,-110.0,-111.0,-2.0,-1.0,0.0,7419.0,112.0,-341.0,1087.0,-4.0,31.0,7697.0,12.0,-3.0,71.0,-1.0,2.0,7.0
-5.0,0.0,8.0,0.0,-76.0,-40.0,7.0,5.0,-2.0,1.0,-12.0,1.0,1.0,5.0,-7.0,15.0,0.0,55.0,75.0,-64.0,14.0,43.0,58.0,-2.0,-4.0,-3.0,-2117.0,-25.0,-68.0,-599.0,149.0,18.0,-2260.0,14.0,1.0,-143.0,0.0,-44.0,-1.0
-9.0,7.0,-4.0,0.0,24.0,-4.0,-7.0,6.0,-4.0,-1.0,-7.0,-1.0,1.0,-46.0,-13.0,23.0,-2.0,20.0,-2.0,113.0,13.0,260.0,174.0,0.0,2.0,0.0,-5064.0,-66.0,639.0,-890.0,88.0,-25.0,-4541.0,-9.0,8.0,-102.0,1.0,-20.0,-5.0
-8.0,1.0,-4.0,4.0,-165.0,-63.0,-13.0,2.0,-3.0,0.0,-18.0,0.0,0.0,-35.0,-6.0,12.0,0.0,22.0,-146.0,-1.0,-7.0,503.0,182.0,1.0,-1.0,0.0,-4865.0,-180.0,188.0,-376.0,24.0,-12.0,-4798.0,-23.0,-5.0,-48.0,-1.0,-33.0,8.0
-8.0,3.0,-13.0,-5.0,-107.0,-66.0,-13.0,6.0,-2.0,1.0,-25.0,2.0,-1.0,7.0,1.0,0.0,0.0,26.0,-41.0,27.0,2.0,436.0,298.0,4.0,-8.0,-6.0,-3805.0,-254.0,597.0,285.0,-63.0,-61.0,-3833.0,-50.0,8.0,-42.0,-1.0,26.0,12.0
13.0,-15.0,9.0,1.0,87.0,51.0,4.0,10.0,-4.0,-2.0,27.0,-4.0,2.0,5.0,9.0,-41.0,-3.0,-99.0,195.0,-87.0,10.0,-563.0,-226.0,-4.0,3.0,3.0,3757.0,137.0,-303.0,-132.0,169.0,60.0,3055.0,4.0,-14.0,-28.0,0.0,-4.0,-13.0
-1.0,-1.0,26.0,-5.0,-90.0,-16.0,-2.0,5.0,1.0,-1.0,0.0,0.0,-2.0,-20.0,7.0,-14.0,0.0,8.0,-54.0,-59.0,1.0,-63.0,-11.0,-3.0,0.0,-1.0,-58.0,-6.0,-182.0,-97.0,215.0,15.0,-116.0,19.0,-1.0,3.0,0.0,18.0,3.0
4.0,4.0,1.0,-2.0,-29.0,-27.0,11.0,8.0,1.0,-3.0,10.0,-4.0,-1.0,3.0,2.0,-13.0,0.0,40.0,-231.0,-198.0,-7.0,120.0,163.0,2.0,-1.0,-1.0,-4831.0,-53.0,-155.0,-801.0,146.0,22.0,-5322.0,0.0,0.0,-91.0,1.0,14.0,-5.0
8.0,-7.0,-6.0,-1.0,256.0,70.0,4.0,0.0,3.0,0.0,6.0,12.0,2.0,-32.0,-1.0,-12.0,0.0,-40.0,88.0,86.0,9.0,102.0,29.0,-3.0,0.0,-1.0,2755.0,29.0,-250.0,-79.0,170.0,106.0,3786.0,21.0,-3.0,185.0,1.0,-3.0,29.0
-5.0,4.0,2.0,-4.0,40.0,20.0,8.0,2.0,1.0,-1.0,-2.0,0.0,-1.0,22.0,-8.0,14.0,0.0,50.0,-111.0,-37.0,-4.0,62.0,37.0,1.0,0.0,0.0,-799.0,-3.0,-94.0,-169.0,-49.0,0.0,-805.0,9.0,-7.0,133.0,1.0,-23.0,1.0
0.0,3.0,-3.0,-3.0,6.0,4.0,4.0,1.0,2.0,-1.0,2.0,-2.0,0.0,6.0,-3.0,7.0,0.0,-32.0,-214.0,-71.0,0.0,-316.0,-136.0,1.0,-4.0,-2.0,3645.0,28.0,293.0,698.0,283.0,68.0,3351.0,-15.0,-1.0,69.0,0.0,34.0,-7.0
3.0,0.0,2.0,1.0,-20.0,-9.0,0.0,4.0,1.0,2.0,4.0,4.0,1.0,-24.0,-1.0,-4.0,-9.0,-10.0,118.0,71.0,2.0,150.0,80.0,2.0,-4.0,-3.0,-2436.0,29.0,-182.0,-604.0,-389.0,-39.0,-2549.0,8.0,0.0,-55.0,-1.0,-28.0,-12.0
7.0,0.0,-16.0,-2.0,103.0,57.0,15.0,4.0,0.0,2.0,13.0,-2.0,2.0,0.0,2.0,-2.0,0.0,-35.0,-96.0,-105.0,-1.0,-296.0,-203.0,0.0,-4.0,-3.0,4511.0,2.0,24.0,991.0,-185.0,-31.0,3874.0,-1.0,-4.0,169.0,0.0,28.0,11.0
3.0,-1.0,-7.0,1.0,209.0,66.0,22.0,0.0,0.0,-3.0,8.0,-6.0,0.0,52.0,0.0,-6.0,0.0,-86.0,-147.0,-96.0,-2.0,-438.0,-235.0,1.0,0.0,1.0,4884.0,60.0,125.0,832.0,239.0,128.0,4680.0,27.0,-6.0,17.0,0.0,-43.0,-7.0
0.0,-1.0,4.0,4.0,44.0,-13.0,7.0,3.0,-3.0,3.0,-4.0,1.0,0.0,28.0,4.0,-11.0,0.0,18.0,-147.0,32.0,-8.0,157.0,152.0,1.0,0.0,1.0,-197.0,-59.0,26.0,50.0,27.0,-15.0,-385.0,-2.0,0.0,-13.0,-1.0,-32.0,6.0
-1.0,2.0,9.0,0.0,5.0,-2.0,6.0,-9.0,3.0,0.0,-18.0,8.0,-2.0,-3.0,5.0,-4.0,0.0,-28.0,110.0,37.0,1.0,-526.0,-354.0,0.0,1.0,-1.0,550.0,4.0,-276.0,-98.0,-119.0,47.0,113.0,11.0,-6.0,35.0,2.0,-14.0,3.0
-2.0,1.0,3.0,-2.0,-148.0,-82.0,4.0,-3.0,0.0,1.0,-20.0,2.0,-5.0,9.0,2.0,2.0,1.0,50.0,16.0,-7.0,-17.0,221.0,64.0,-5.0,5.0,4.0,-5961.0,-197.0,465.0,-370.0,-166.0,-91.0,-6128.0,-47.0,9.0,5.0,1.0,7.0,-4.0
-7.0,5.0,-14.0,-2.0,-295.0,-130.0,-13.0,2.0,0.0,0.0,-27.0,-2.0,-1.0,-8.0,-1.0,7.0,10.0,46.0,-176.0,-43.0,-1.0,1029.0,482.0,2.0,1.0,3.0,-7935.0,-135.0,173.0,-1187.0,-146.0,-87.0,-7340.0,-4.0,-6.0,-111.0,0.0,-2.0,6.0
-15.0,12.0,-3.0,0.0,-102.0,-76.0,-4.0,-7.0,-8.0,0.0,-39.0,-5.0,1.0,39.0,-10.0,19.0,4.0,29.0,-18.0,-120.0,0.0,-205.0,-228.0,0.0,6.0,5.0,-5493.0,-34.0,-413.0,-671.0,-235.0,-67.0,-5908.0,-30.0,4.0,-102.0,1.0,23.0,-7.0
16.0,-10.0,11.0,3.0,266.0,105.0,7.0,3.0,2.0,0.0,37.0,12.0,5.0,18.0,3.0,-22.0,1.0,-35.0,52.0,-15.0,3.0,-118.0,86.0,0.0,0.0,1.0,68.0,216.0,-387.0,-789.0,122.0,68.0,320.0,29.0,3.0,-38.0,-1.0,-30.0,-1.0
-8.0,4.0,-7.0,2.0,-31.0,-13.0,-8.0,2.0,-1.0,2.0,-12.0,1.0,-1.0,-21.0,-3.0,-5.0,-1.0,51.0,31.0,80.0,-1.0,171.0,125.0,2.0,-4.0,-4.0,-725.0,-52.0,5.0,-225.0,134.0,10.0,-440.0,12.0,-4.0,-169.0,-1.0,6.0,3.0
7.0,-4.0,11.0,-1.0,-30.0,29.0,-18.0,1.0,1.0,0.0,24.0,3.0,6.0,-40.0,1.0,9.0,0.0,-15.0,100.0,23.0,20.0,46.0,46.0,2.0,-1.0,-1.0,1802.0,189.0,-595.0,-237.0,-207.0,-47.0,1888.0,8.0,1.0,147.0,0.0,30.0,8.0
-1.0,-9.0,4.0,-3.0,-15.0,-5.0,-1.0,-10.0,-1.0,-2.0,-12.0,1.0,-1.0,27.0,6.0,-25.0,0.0,27.0,24.0,84.0,-2.0,-27.0,107.0,-2.0,4.0,4.0,734.0,3.0,-87.0,79.0,224.0,52.0,981.0,2.0,2.0,-70.0,-1.0,-12.0,5.0
5.0,-9.0,6.0,-7.0,-19.0,14.0,-3.0,-1.0,3.0,-2.0,6.0,1.0,1.0,33.0,5.0,-26.0,2.0,-42.0,70.0,-140.0,5.0,-282.0,-245.0,1.0,1.0,-2.0,1680.0,25.0,-101.0,103.0,81.0,-15.0,1397.0,20.0,-6.0,58.0,2.0,31.0,3.0
1.0,-2.0,-27.0,-1.0,-47.0,-17.0,1.0,1.0,0.0,0.0,7.0,-5.0,-1.0,-4.0,6.0,-11.0,0.0,17.0,1.0,-20.0,-4.0,123.0,26.0,1.0,-5.0,-3.0,5080.0,50.0,-33.0,1404.0,-23.0,-11.0,5357.0,-5.0,0.0,104.0,-2.0,27.0,-1.0
5.0,-7.0,26.0,3.0,127.0,57.0,7.0,3.0,3.0,-2.0,25.0,-5.0,-1.0,-58.0,0.0,-6.0,-3.0,-56.0,81.0,15.0,-1.0,-79.0,-44.0,-1.0,-3.0,-3.0,4075.0,89.0,245.0,792.0,189.0,41.0,4071.0,3.0,3.0,152.0,-2.0,10.0,-2.0
1.0,0.0,-2.0,1.0,138.0,70.0,0.0,1.0,-2.0,1.0,14.0,2.0,3.0,12.0,-6.0,13.0,-11.0,0.0,7.0,37.0,2.0,-459.0,-192.0,-2.0,0.0,-2.0,4334.0,28.0,236.0,721.0,37.0,-1.0,3894.0,-3.0,5.0,-81.0,2.0,-12.0,-3.0
-9.0,9.0,10.0,4.0,-68.0,-43.0,-14.0,2.0,0.0,-2.0,-5.0,-3.0,-2.0,-3.0,-7.0,31.0,9.0,18.0,-46.0,-50.0,1.0,173.0,16.0,0.0,4.0,2.0,-2809.0,-34.0,245.0,-466.0,350.0,18.0,-2306.0,-9.0,2.0,-44.0,2.0,12.0,-4.0
-18.0,17.0,-1.0,0.0,-243.0,-87.0,-13.0,-3.0,-2.0,-1.0,-33.0,-14.0,-6.0,-30.0,-14.0,48.0,-1.0,58.0,63.0,38.0,3.0,325.0,123.0,-1.0,0.0,0.0,-7283.0,-220.0,389.0,-982.0,-74.0,-59.0,-6926.0,-40.0,2.0,-38.0,0.0,19.0,-5.0
8.0,-4.0,8.0,-2.0,-55.0,13.0,5.0,11.0,5.0,1.0,22.0,1.0,-3.0,-4.0,6.0,-8.0,0.0,16.0,-142.0,70.0,-6.0,120.0,188.0,1.0,2.0,1.0,620.0,-61.0,-134.0,-179.0,172.0,0.0,352.0,2.0,-3.0,-18.0,1.0,9.0,14.0
2.0,-9.0,6.0,-2.0,-35.0,-14.0,-1.0,-6.0,0.0,0.0,-8.0,5.0,0.0,3.0,5.0,-29.0,-9.0,17.0,142.0,155.0,0.0,123.0,187.0,0.0,0.0,1.0,-1702.0,32.0,-269.0,-525.0,-165.0,13.0,-1568.0,10.0,2.0,-125.0,-2.0,-40.0,-7.0
1.0,-4.0,13.0,-6.0,-20.0,12.0,-2.0,-4.0,3.0,-2.0,-7.0,6.0,2.0,-12.0,1.0,-4.0,0.0,-58.0,31.0,-35.0,6.0,-487.0,-387.0,-1.0,5.0,1.0,2332.0,13.0,5.0,317.0,-52.0,17.0,1634.0,18.0,-5.0,-15.0,4.0,16.0,1.0
-7.0,11.0,6.0,3.0,-67.0,-21.0,-2.0,4.0,-1.0,1.0,-1.0,-1.0,1.0,-58.0,-9.0,38.0,-2.0,4.0,99.0,66.0,0.0,198.0,20.0,1.0,-1.0,1.0,-2639.0,-8.0,19.0,-174.0,-267.0,-14.0,-2670.0,-6.0,4.0,-117.0,-1.0,-4.0,-15.0
6.0,-5.0,16.0,1.0,157.0,60.0,13.0,-3.0,2.0,-1.0,13.0,0.0,-2.0,-4.0,7.0,-20.0,1.0,-46.0,169.0,6.0,-1.0,-570.0,-290.0,0.0,-1.0,-1.0,3601.0,107.0,-409.0,466.0,109.0,88.0,3446.0,7.0,1.0,192.0,-2.0,14.0,-3.0
1.0,0.0,-20.0,-2.0,14.0,4.0,3.0,-1.0,4.0,-4.0,4.0,-5.0,-2.0,-9.0,2.0,5.0,0.0,-48.0,-73.0,-115.0,-4.0,-110.0,-161.0,0.0,-2.0,-2.0,6882.0,60.0,-14.0,1567.0,-143.0,20.0,6530.0,-3.0,-5.0,95.0,1.0,4.0,-4.0
4.0,-8.0,3.0,0.0,172.0,44.0,25.0,1.0,-4.0,2.0,0.0,1.0,3.0,73.0,9.0,-37.0,0.0,-61.0,-189.0,-4.0,-4.0,-535.0,-283.0,2.0,2.0,2.0,5217.0,4.0,137.0,1036.0,334.0,99.0,4756.0,41.0,-6.0,-2.0,0.0,-36.0,3.0
5.0,-3.0,13.0,2.0,-52.0,-41.0,-5.0,-1.0,-1.0,1.0,2.0,6.0,1.0,12.0,4.0,0.0,1.0,2.0,-23.0,75.0,5.0,-18.0,-4.0,-2.0,6.0,4.0,-3031.0,33.0,126.0,-620.0,81.0,-16.0,-2681.0,-11.0,8.0,123.0,2.0,-10.0,-3.0
-8.0,4.0,-8.0,-2.0,-37.0,-20.0,-9.0,-5.0,-3.0,0.0,-21.0,-6.0,-1.0,8.0,-3.0,12.0,-1.0,11.0,85.0,39.0,6.0,115.0,36.0,-1.0,-2.0,-1.0,-1299.0,-157.0,589.0,7.0,3.0,10.0,-859.0,-3.0,0.0,59.0,-1.0,-11.0,-9.0
2.0,2.0,-12.0,-1.0,168.0,73.0,6.0,-5.0,-3.0,2.0,2.0,7.0,2.0,66.0,1.0,-1.0,-7.0,10.0,95.0,28.0,2.0,-950.0,-438.0,-1.0,2.0,0.0,3860.0,46.0,-418.0,395.0,-43.0,46.0,3269.0,1.0,3.0,-41.0,2.0,-8.0,-4.0
7.0,-5.0,-13.0,-3.0,9.0,7.0,2.0,7.0,7.0,0.0,10.0,5.0,-7.0,1.0,7.0,-16.0,0.0,45.0,-31.0,52.0,-19.0,399.0,338.0,-3.0,-1.0,-1.0,-415.0,-191.0,524.0,11.0,122.0,17.0,-225.0,-10.0,0.0,-66.0,0.0,-15.0,-1.0
9.0,-5.0,24.0,2.0,165.0,91.0,1.0,2.0,-3.0,1.0,28.0,2.0,8.0,21.0,-1.0,-2.0,0.0,-53.0,26.0,42.0,22.0,-282.0,-28.0,3.0,1.0,2.0,-196.0,189.0,-456.0,-972.0,175.0,61.0,38.0,38.0,0.0,69.0,-1.0,-17.0,5.0
8.0,-2.0,-10.0,0.0,82.0,26.0,3.0,6.0,2.0,1.0,13.0,0.0,0.0,31.0,3.0,-13.0,2.0,-31.0,-123.0,-150.0,2.0,-171.0,-127.0,1.0,-3.0,-5.0,1905.0,5.0,68.0,95.0,43.0,-38.0,1689.0,4.0,-6.0,187.0,2.0,16.0,10.0
17.0,-12.0,-16.0,2.0,219.0,88.0,8.0,4.0,2.0,0.0,44.0,7.0,4.0,14.0,9.0,-33.0,1.0,-18.0,53.0,-35.0,-1.0,5.0,112.0,1.0,-5.0,-2.0,5148.0,266.0,-420.0,615.0,99.0,57.0,5677.0,24.0,3.0,66.0,-3.0,-3.0,-2.0
-3.0,1.0,7.0,-3.0,-291.0,-113.0,-26.0,6.0,3.0,-2.0,-7.0,-4.0,-2.0,-66.0,-3.0,13.0,11.0,49.0,-44.0,-73.0,-1.0,1190.0,594.0,0.0,2.0,3.0,-7966.0,-82.0,-66.0,-1292.0,-277.0,-143.0,-7514.0,-33.0,2.0,20.0,-1.0,46.0,4.0
-7.0,5.0,-14.0,0.0,-213.0,-83.0,-9.0,-4.0,-3.0,5.0,-28.0,8.0,1.0,6.0,2.0,0.0,-1.0,83.0,15.0,126.0,2.0,277.0,123.0,1.0,-1.0,-1.0,-4853.0,-113.0,114.0,-727.0,-108.0,-72.0,-4506.0,2.0,-2.0,-148.0,1.0,-5.0,9.0
-15.0,14.0,21.0,1.0,-228.0,-78.0,-2.0,4.0,-1.0,-1.0,-15.0,-11.0,-4.0,-11.0,-10.0,41.0,9.0,37.0,-118.0,-114.0,-8.0,133.0,-66.0,1.0,6.0,4.0,-4704.0,-134.0,-74.0,-406.0,153.0,-74.0,-5176.0,-33.0,0.0,-114.0,2.0,53.0,10.0
-18.0,17.0,-1.0,4.0,-151.0,-80.0,-9.0,-9.0,-4.0,-2.0,-34.0,-9.0,-2.0,-34.0,-17.0,44.0,0.0,31.0,120.0,-71.0,3.0,90.0,-101.0,-1.0,0.0,0.0,-6604.0,-2.0,-66.0,-810.0,-249.0,-69.0,-6419.0,-39.0,5.0,-79.0,0.0,21.0,-10.0
-1.0,-2.0,10.0,2.0,-30.0,-3.0,-6.0,6.0,1.0,-1.0,12.0,-5.0,1.0,-54.0,-7.0,14.0,-4.0,-10.0,-88.0,9.0,0.0,491.0,246.0,-1.0,-2.0,-2.0,474.0,-18.0,654.0,326.0,80.0,-47.0,625.0,-4.0,2.0,-40.0,0.0,-4.0,1.0
6.0,-9.0,-12.0,-5.0,88.0,52.0,14.0,-6.0,-1.0,0.0,1.0,-1.0,1.0,27.0,8.0,-27.0,0.0,-8.0,-72.0,-21.0,-3.0,-323.0,-96.0,-2.0,0.0,1.0,5245.0,5.0,-63.0,1070.0,39.0,21.0,4855.0,1.0,-2.0,99.0,-1.0,16.0,16.0
-9.0,10.0,-13.0,7.0,50.0,-4.0,-4.0,4.0,0.0,0.0,-8.0,-5.0,-4.0,-14.0,-8.0,15.0,-1.0,44.0,-74.0,20.0,-7.0,425.0,325.0,2.0,-6.0,-4.0,-1255.0,-55.0,19.0,-379.0,66.0,24.0,-901.0,-4.0,-4.0,-163.0,-2.0,-33.0,-1.0
-13.0,13.0,2.0,1.0,-184.0,-93.0,-5.0,4.0,2.0,0.0,-23.0,-3.0,-7.0,-30.0,-10.0,29.0,0.0,56.0,111.0,-61.0,-19.0,562.0,164.0,-1.0,-1.0,-1.0,-8175.0,-235.0,402.0,-820.0,-286.0,-96.0,-8302.0,-37.0,3.0,-217.0,0.0,1.0,-17.0
-12.0,3.0,3.0,0.0,-51.0,-16.0,-10.0,-3.0,1.0,-3.0,-15.0,-4.0,-3.0,-12.0,-6.0,2.0,-1.0,33.0,119.0,30.0,-4.0,314.0,207.0,2.0,-2.0,-1.0,-1480.0,-35.0,-150.0,-371.0,104.0,47.0,-1193.0,12.0,-4.0,-292.0,-2.0,-18.0,-8.0
-2.0,7.0,-8.0,2.0,-19.0,-1.0,1.0,-8.0,3.0,-1.0,-7.0,1.0,-4.0,-19.0,0.0,11.0,0.0,12.0,226.0,40.0,3.0,-196.0,-119.0,0.0,-4.0,-3.0,-1585.0,50.0,-307.0,-465.0,-94.0,45.0,-1136.0,-5.0,-1.0,63.0,-1.0,2.0,-4.0
4.0,-5.0,-7.0,-1.0,1.0,2.0,-1.0,3.0,0.0,0.0,13.0,-5.0,-1.0,45.0,4.0,-22.0,2.0,16.0,39.0,-105.0,-1.0,205.0,142.0,2.0,-4.0,-3.0,-652.0,12.0,-106.0,-214.0,133.0,-32.0,-237.0,2.0,-1.0,73.0,-2.0,15.0,2.0
-1.0,-2.0,-8.0,1.0,-72.0,-22.0,1.0,-2.0,4.0,-1.0,1.0,-2.0,-2.0,-61.0,4.0,-1.0,-4.0,-21.0,23.0,26.0,-3.0,88.0,-82.0,0.0,-6.0,-6.0,6104.0,36.0,345.0,1632.0,-62.0,-11.0,6095.0,2.0,-4.0,99.0,0.0,9.0,3.0
-5.0,2.0,10.0,-5.0,-66.0,2.0,-5.0,-1.0,1.0,-3.0,1.0,-4.0,1.0,-1.0,-3.0,16.0,9.0,-28.0,51.0,-145.0,3.0,-234.0,-305.0,0.0,4.0,2.0,1477.0,-12.0,100.0,533.0,203.0,10.0,1276.0,6.0,-2.0,-4.0,2.0,55.0,0.0
6.0,-5.0,-10.0,-2.0,34.0,23.0,-21.0,-3.0,3.0,-1.0,12.0,7.0,2.0,-35.0,2.0,1.0,0.0,14.0,211.0,5.0,7.0,325.0,196.0,-2.0,-4.0,-3.0,767.0,59.0,63.0,-47.0,-257.0,-30.0,1311.0,-4.0,4.0,99.0,-1.0,6.0,-7.0
-14.0,9.0,3.0,-5.0,-197.0,-55.0,3.0,-3.0,-4.0,1.0,-31.0,-14.0,-3.0,0.0,-6.0,22.0,-1.0,30.0,13.0,-25.0,-3.0,75.0,-46.0,0.0,0.0,1.0,-3194.0,-257.0,270.0,67.0,-194.0,-82.0,-3729.0,-27.0,-2.0,-11.0,-1.0,30.0,5.0
0.0,0.0,0.0,2.0,82.0,47.0,4.0,-6.0,-3.0,5.0,-1.0,10.0,2.0,14.0,3.0,-7.0,-11.0,37.0,191.0,169.0,3.0,-752.0,-359.0,-1.0,-2.0,-4.0,3082.0,22.0,-59.0,460.0,38.0,15.0,2834.0,6.0,4.0,-37.0,1.0,-3.0,3.0
10.0,-5.0,-23.0,-3.0,-25.0,19.0,-3.0,4.0,5.0,2.0,14.0,10.0,0.0,19.0,10.0,-13.0,-1.0,27.0,-63.0,105.0,1.0,284.0,272.0,1.0,-3.0,-2.0,1418.0,-55.0,168.0,-121.0,46.0,26.0,1837.0,27.0,-7.0,-50.0,1.0,-33.0,9.0
13.0,-7.0,-9.0,3.0,218.0,86.0,9.0,1.0,2.0,0.0,31.0,12.0,5.0,-31.0,5.0,-11.0,-1.0,-34.0,14.0,70.0,0.0,-200.0,-30.0,-1.0,-1.0,1.0,5800.0,254.0,-314.0,829.0,-34.0,89.0,5914.0,22.0,4.0,-7.0,-1.0,-18.0,-4.0
11.0,-12.0,14.0,-1.0,142.0,73.0,7.0,2.0,-3.0,2.0,24.0,4.0,9.0,33.0,10.0,-28.0,0.0,-76.0,-89.0,19.0,16.0,-489.0,-237.0,4.0,1.0,1.0,7019.0,193.0,-458.0,799.0,127.0,52.0,6644.0,49.0,-5.0,145.0,0.0,-6.0,11.0
6.0,-5.0,34.0,2.0,199.0,79.0,6.0,5.0,-1.0,-1.0,24.0,-3.0,1.0,3.0,-4.0,-5.0,1.0,-35.0,58.0,-11.0,2.0,-167.0,38.0,-1.0,3.0,3.0,-2029.0,53.0,-100.0,-840.0,251.0,52.0,-2024.0,1.0,7.0,53.0,-2.0,1.0,-5.0
9.0,-9.0,-11.0,1.0,194.0,55.0,23.0,-1.0,-2.0,2.0,3.0,4.0,2.0,46.0,8.0,-42.0,-9.0,-51.0,-93.0,109.0,1.0,-458.0,-130.0,1.0,-2.0,-1.0,3937.0,75.0,11.0,453.0,104.0,104.0,3865.0,37.0,-4.0,15.0,-1.0,-59.0,-3.0
11.0,-12.0,1.0,-3.0,36.0,11.0,9.0,-7.0,-2.0,1.0,3.0,5.0,2.0,39.0,12.0,-27.0,1.0,-6.0,-95.0,54.0,2.0,-341.0,-100.0,-4.0,6.0,5.0,2214.0,38.0,63.0,450.0,120.0,5.0,2174.0,-10.0,6.0,222.0,1.0,6.0,13.0
-1.0,3.0,-6.0,1.0,3.0,-28.0,-11.0,2.0,-2.0,0.0,-7.0,4.0,0.0,43.0,-1.0,1.0,4.0,26.0,-88.0,14.0,3.0,-45.0,42.0,0.0,6.0,4.0,-2978.0,5.0,-228.0,-910.0,134.0,25.0,-2686.0,-4.0,3.0,-50.0,2.0,-9.0,-7.0
-9.0,8.0,24.0,0.0,-182.0,-68.0,1.0,1.0,1.0,0.0,-23.0,-1.0,-3.0,-22.0,-6.0,21.0,0.0,7.0,-138.0,-4.0,-5.0,-120.0,-148.0,0.0,7.0,3.0,-3849.0,-109.0,-169.0,-622.0,-102.0,-67.0,-4818.0,-21.0,-3.0,-125.0,4.0,14.0,11.0
-17.0,10.0,9.0,1.0,-270.0,-149.0,-10.0,-2.0,-5.0,-2.0,-41.0,-12.0,-1.0,-27.0,-11.0,20.0,11.0,19.0,-113.0,-148.0,-2.0,745.0,210.0,1.0,4.0,5.0,-9353.0,-80.0,5.0,-1066.0,-192.0,-113.0,-9177.0,-31.0,1.0,-61.0,-1.0,31.0,-3.0
3.0,7.0,-16.0,7.0,101.0,12.0,6.0,7.0,-1.0,3.0,7.0,-1.0,-1.0,-2.0,-2.0,13.0,0.0,11.0,-193.0,-10.0,-3.0,111.0,118.0,0.0,-4.0,-3.0,225.0,-20.0,169.0,-8.0,-38.0,-23.0,292.0,-16.0,0.0,129.0,0.0,-15.0,7.0
1.0,0.0,-2.0,-1.0,56.0,23.0,-4.0,7.0,1.0,-4.0,15.0,-8.0,1.0,-2.0,-9.0,20.0,0.0,-37.0,-184.0,-132.0,-1.0,293.0,167.0,-1.0,2.0,2.0,1252.0,6.0,295.0,261.0,-1.0,-16.0,1060.0,-9.0,1.0,-44.0,1.0,-9.0,-6.0
1.0,-2.0,7.0,-3.0,-147.0,-43.0,-21.0,1.0,4.0,-1.0,2.0,1.0,-2.0,-12.0,0.0,0.0,2.0,37.0,112.0,-104.0,1.0,410.0,190.0,0.0,-1.0,-3.0,-3734.0,-38.0,-212.0,-883.0,-226.0,-129.0,-3744.0,-23.0,0.0,47.0,1.0,35.0,6.0
-4.0,-3.0,3.0,-1.0,-81.0,-24.0,-4.0,-3.0,-2.0,-1.0,0.0,-5.0,-1.0,14.0,1.0,-9.0,0.0,47.0,162.0,45.0,-3.0,376.0,269.0,1.0,-1.0,2.0,-2557.0,7.0,-174.0,-309.0,90.0,6.0,-1926.0,-2.0,5.0,-114.0,-4.0,-1.0,-8.0
-20.0,18.0,15.0,0.0,-285.0,-107.0,-11.0,3.0,-3.0,1.0,-32.0,-13.0,-4.0,-27.0,-14.0,49.0,-1.0,38.0,85.0,-4.0,0.0,398.0,50.0,2.0,0.0,0.0,-8439.0,-262.0,333.0,-1003.0,-233.0,-103.0,-8584.0,-28.0,0.0,-110.0,0.0,14.0,-11.0
16.0,-10.0,-7.0,-2.0,132.0,79.0,10.0,1.0,7.0,1.0,27.0,10.0,-2.0,15.0,17.0,-33.0,0.0,-19.0,106.0,111.0,0.0,-286.0,-18.0,1.0,-4.0,-3.0,5019.0,52.0,-241.0,345.0,155.0,114.0,5283.0,34.0,-6.0,142.0,-1.0,-19.0,6.0
-2.0,-2.0,12.0,3.0,-86.0,-26.0,-2.0,-1.0,0.0,3.0,-3.0,3.0,0.0,-52.0,2.0,-6.0,-4.0,27.0,96.0,141.0,1.0,198.0,79.0,0.0,-4.0,-4.0,-778.0,-24.0,359.0,65.0,81.0,-31.0,-435.0,5.0,1.0,4.0,-1.0,5.0,7.0
-14.0,12.0,-3.0,2.0,-16.0,-2.0,-9.0,3.0,1.0,-3.0,-7.0,-9.0,-3.0,-15.0,-11.0,31.0,8.0,16.0,-23.0,-125.0,-4.0,191.0,20.0,2.0,-2.0,-2.0,222.0,-67.0,119.0,154.0,269.0,34.0,375.0,2.0,-6.0,-167.0,0.0,22.0,-1.0
-8.0,12.0,-24.0,1.0,-176.0,-61.0,-12.0,-5.0,1.0,0.0,-20.0,1.0,-2.0,-15.0,-7.0,31.0,-1.0,58.0,57.0,34.0,4.0,374.0,171.0,0.0,-3.0,-2.0,-5186.0,-57.0,102.0,-931.0,-203.0,-43.0,-4582.0,-12.0,-2.0,-129.0,1.0,-12.0,-1.0
4.0,-7.0,0.0,-9.0,2.0,45.0,9.0,-3.0,1.0,-1.0,6.0,-1.0,3.0,2.0,4.0,-15.0,0.0,-46.0,97.0,-95.0,2.0,-407.0,-321.0,0.0,0.0,0.0,4286.0,22.0,-145.0,999.0,-147.0,-8.0,3582.0,15.0,-4.0,40.0,0.0,43.0,4.0
1.0,0.0,-20.0,0.0,96.0,51.0,7.0,-7.0,1.0,1.0,3.0,5.0,0.0,5.0,5.0,-2.0,-11.0,-11.0,118.0,54.0,-1.0,-862.0,-520.0,-1.0,-4.0,-6.0,9964.0,82.0,-73.0,2027.0,-105.0,35.0,9364.0,3.0,-1.0,58.0,2.0,1.0,-1.0
-1.0,-1.0,-21.0,-1.0,64.0,-6.0,-3.0,-4.0,2.0,-1.0,-12.0,4.0,-4.0,5.0,1.0,-8.0,0.0,29.0,111.0,-18.0,-13.0,279.0,150.0,-4.0,-3.0,-2.0,-1035.0,-130.0,658.0,190.0,-50.0,17.0,-577.0,-12.0,3.0,-48.0,-1.0,-24.0,-15.0
-14.0,9.0,2.0,4.0,21.0,-36.0,16.0,-8.0,-8.0,0.0,-34.0,-8.0,1.0,39.0,-8.0,7.0,0.0,-30.0,-69.0,-75.0,-1.0,-445.0,-384.0,1.0,2.0,2.0,-1387.0,2.0,71.0,226.0,85.0,30.0,-1663.0,2.0,-1.0,-81.0,0.0,-15.0,-7.0
21.0,-9.0,-19.0,3.0,300.0,112.0,12.0,7.0,4.0,1.0,44.0,12.0,5.0,0.0,8.0,-24.0,1.0,-65.0,-109.0,-80.0,2.0,-371.0,-157.0,0.0,-4.0,-4.0,7705.0,259.0,-246.0,924.0,9.0,51.0,7603.0,26.0,-2.0,180.0,1.0,-2.0,6.0
0.0,0.0,18.0,1.0,42.0,19.0,-7.0,8.0,-3.0,0.0,11.0,-3.0,3.0,7.0,-11.0,15.0,0.0,11.0,-111.0,-17.0,3.0,403.0,328.0,-1.0,4.0,4.0,-5630.0,-54.0,309.0,-1306.0,142.0,-36.0,-5470.0,-6.0,6.0,-139.0,0.0,-13.0,-2.0
2.0,-2.0,-12.0,4.0,86.0,7.0,5.0,-3.0,-2.0,1.0,-5.0,0.0,-2.0,25.0,4.0,-12.0,0.0,38.0,-169.0,74.0,-5.0,84.0,225.0,-2.0,0.0,1.0,959.0,-17.0,82.0,71.0,186.0,29.0,1273.0,-14.0,2.0,59.0,-1.0,-27.0,12.0
-3.0,1.0,6.0,2.0,-165.0,-101.0,-17.0,7.0,1.0,-2.0,-9.0,-3.0,-2.0,-23.0,-2.0,2.0,11.0,16.0,-183.0,-14.0,1.0,905.0,480.0,1.0,4.0,4.0,-6838.0,-41.0,190.0,-1305.0,177.0,-21.0,-5955.0,-5.0,0.0,-9.0,0.0,-1.0,-3.0
1.0,-5.0,17.0,-2.0,24.0,-1.0,5.0,-1.0,0.0,1.0,-11.0,7.0,2.0,16.0,5.0,-15.0,0.0,-40.0,-116.0,-3.0,-2.0,-330.0,-235.0,0.0,5.0,2.0,2135.0,-46.0,31.0,367.0,-25.0,2.0,1249.0,16.0,-5.0,-28.0,3.0,-16.0,7.0
3.0,-2.0,14.0,2.0,151.0,60.0,8.0,3.0,-1.0,-1.0,18.0,-3.0,1.0,-46.0,-2.0,6.0,-1.0,-34.0,20.0,74.0,-1.0,-249.0,-78.0,-2.0,2.0,3.0,3703.0,91.0,-27.0,778.0,95.0,73.0,3570.0,-6.0,8.0,84.0,-2.0,13.0,-8.0
8.0,-6.0,-16.0,-3.0,71.0,15.0,3.0,0.0,-2.0,2.0,-2.0,7.0,2.0,46.0,6.0,-30.0,-5.0,8.0,-42.0,64.0,2.0,-218.0,26.0,0.0,2.0,2.0,-169.0,39.0,-473.0,-444.0,-216.0,7.0,-380.0,5.0,1.0,-6.0,0.0,-21.0,-3.0
10.0,-5.0,4.0,0.0,179.0,95.0,4.0,1.0,1.0,-3.0,32.0,-3.0,6.0,12.0,1.0,3.0,0.0,-101.0,-47.0,-73.0,18.0,-392.0,-189.0,3.0,-1.0,0.0,6686.0,249.0,-470.0,595.0,32.0,81.0,6568.0,35.0,-5.0,164.0,0.0,-13.0,1.0
-1.0,2.0,24.0,-1.0,-212.0,-76.0,7.0,1.0,-2.0,2.0,-8.0,-2.0,-1.0,4.0,1.0,10.0,1.0,21.0,-95.0,11.0,-4.0,-58.0,-86.0,-1.0,8.0,6.0,-4926.0,-67.0,-193.0,-560.0,-116.0,-108.0,-5551.0,-35.0,6.0,53.0,2.0,31.0,11.0
-7.0,8.0,24.0,2.0,1.0,7.0,-4.0,2.0,-2.0,-1.0,1.0,-5.0,0.0,15.0,-10.0,31.0,9.0,13.0,19.0,-90.0,1.0,130.0,56.0,0.0,4.0,4.0,-5935.0,-75.0,128.0,-1188.0,278.0,4.0,-5715.0,-7.0,3.0,-93.0,0.0,12.0,0.0
-6.0,-3.0,22.0,1.0,-106.0,-29.0,-4.0,-6.0,2.0,-2.0,-6.0,-2.0,-2.0,-43.0,-1.0,1.0,-4.0,9.0,184.0,91.0,-2.0,341.0,161.0,0.0,-2.0,-1.0,-1533.0,-7.0,204.0,-81.0,51.0,6.0,-1188.0,5.0,1.0,-119.0,-2.0,-19.0,-4.0
-1.0,7.0,-10.0,1.0,37.0,22.0,-3.0,-1.0,4.0,-5.0,8.0,-7.0,-3.0,-21.0,-9.0,31.0,0.0,-25.0,42.0,-92.0,2.0,97.0,48.0,-1.0,-2.0,-1.0,-333.0,56.0,-12.0,-204.0,-95.0,29.0,-76.0,-14.0,0.0,19.0,0.0,-7.0,-10.0
8.0,-6.0,0.0,-1.0,-30.0,-8.0,6.0,0.0,-3.0,2.0,15.0,-1.0,2.0,26.0,7.0,-11.0,1.0,14.0,43.0,15.0,1.0,62.0,62.0,-1.0,1.0,3.0,-1077.0,42.0,-24.0,62.0,-14.0,-41.0,-733.0,-14.0,9.0,178.0,-2.0,17.0,0.0
2.0,-1.0,-5.0,2.0,153.0,43.0,26.0,-7.0,-1.0,1.0,-7.0,2.0,-1.0,54.0,9.0,-26.0,0.0,-49.0,37.0,36.0,-1.0,-731.0,-402.0,2.0,-2.0,-1.0,3632.0,54.0,-170.0,571.0,240.0,144.0,3620.0,36.0,-7.0,61.0,-1.0,-34.0,-1.0
10.0,-5.0,4.0,2.0,261.0,142.0,8.0,-5.0,-2.0,2.0,31.0,7.0,8.0,26.0,4.0,-4.0,-11.0,-64.0,144.0,96.0,21.0,-1144.0,-548.0,2.0,-3.0,-4.0,9768.0,271.0,-529.0,1055.0,70.0,96.0,9402.0,41.0,-1.0,127.0,1.0,-16.0,4.0
-1.0,2.0,-6.0,-2.0,21.0,31.0,12.0,-2.0,-2.0,1.0,0.0,-2.0,2.0,-31.0,-1.0,11.0,-2.0,-4.0,27.0,45.0,-3.0,-125.0,-76.0,-1.0,-1.0,2.0,2606.0,-3.0,-44.0,896.0,-228.0,7.0,2185.0,-5.0,2.0,-18.0,-2.0,12.0,1.0
0.0,0.0,0.0,-4.0,-92.0,-7.0,-4.0,6.0,2.0,1.0,1.0,-5.0,-4.0,4.0,3.0,4.0,-1.0,27.0,-57.0,109.0,0.0,235.0,224.0,0.0,0.0,0.0,-679.0,-218.0,455.0,-172.0,175.0,10.0,-507.0,-1.0,-3.0,41.0,0.0,-2.0,5.0
-12.0,14.0,23.0,2.0,-248.0,-87.0,-2.0,8.0,0.0,1.0,-11.0,-7.0,-3.0,-35.0,-11.0,37.0,0.0,27.0,0.0,-43.0,-6.0,283.0,14.0,3.0,2.0,1.0,-7140.0,-105.0,-256.0,-1010.0,-236.0,-113.0,-7725.0,-25.0,0.0,-169.0,1.0,25.0,-2.0
-8.0,11.0,-20.0,5.0,-132.0,-74.0,-5.0,-2.0,-2.0,3.0,-24.0,2.0,-2.0,13.0,-3.0,20.0,-1.0,76.0,-90.0,66.0,-4.0,531.0,323.0,1.0,-3.0,-1.0,-5383.0,-116.0,128.0,-881.0,-176.0,-58.0,-4967.0,-14.0,-2.0,-142.0,0.0,-44.0,5.0
-13.0,7.0,9.0,1.0,-126.0,-79.0,-5.0,-7.0,-4.0,-1.0,-32.0,-7.0,-1.0,27.0,-8.0,7.0,2.0,7.0,43.0,-179.0,0.0,-35.0,-194.0,1.0,1.0,-1.0,-5121.0,-36.0,-141.0,-657.0,-141.0,-99.0,-5407.0,-21.0,-1.0,-34.0,1.0,20.0,-1.0
-3.0,0.0,10.0,0.0,34.0,-12.0,5.0,3.0,2.0,-2.0,-4.0,-5.0,-7.0,-18.0,-3.0,-3.0,1.0,18.0,32.0,-53.0,-20.0,115.0,66.0,-4.0,2.0,1.0,-1833.0,-136.0,356.0,132.0,76.0,-9.0,-2062.0,-37.0,7.0,-16.0,-1.0,18.0,-10.0
23.0,-18.0,-13.0,1.0,265.0,98.0,11.0,1.0,4.0,1.0,36.0,17.0,5.0,3.0,13.0,-53.0,-8.0,-48.0,33.0,75.0,2.0,-248.0,30.0,0.0,-4.0,-3.0,6003.0,291.0,-515.0,399.0,-156.0,64.0,6035.0,36.0,0.0,55.0,-1.0,-42.0,-1.0
4.0,-8.0,-8.0,-2.0,61.0,21.0,-3.0,2.0,-2.0,-1.0,6.0,-2.0,2.0,16.0,0.0,-12.0,0.0,8.0,-248.0,2.0,0.0,123.0,192.0,-3.0,4.0,3.0,2741.0,-8.0,363.0,486.0,253.0,-1.0,2794.0,-7.0,3.0,9.0,1.0,3.0,10.0
4.0,1.0,-10.0,2.0,20.0,3.0,2.0,5.0,-2.0,5.0,3.0,5.0,2.0,-9.0,3.0,-7.0,0.0,18.0,-88.0,50.0,3.0,-143.0,-82.0,0.0,-2.0,-3.0,755.0,-17.0,155.0,146.0,30.0,-37.0,753.0,0.0,0.0,123.0,1.0,24.0,11.0
2.0,-7.0,-10.0,-3.0,-23.0,-18.0,6.0,0.0,0.0,1.0,-4.0,2.0,1.0,12.0,11.0,-26.0,0.0,-23.0,-115.0,-23.0,-6.0,-207.0,-209.0,1.0,0.0,-1.0,7215.0,4.0,-2.0,1771.0,-48.0,-9.0,6606.0,11.0,-5.0,76.0,1.0,11.0,6.0
-3.0,3.0,13.0,3.0,-22.0,-33.0,-11.0,-1.0,2.0,-1.0,-13.0,7.0,-1.0,-14.0,-3.0,11.0,0.0,-12.0,-66.0,60.0,4.0,-80.0,-66.0,-1.0,5.0,1.0,-1954.0,-9.0,150.0,-682.0,95.0,25.0,-1948.0,3.0,-1.0,-55.0,4.0,-27.0,-3.0
-1.0,3.0,-5.0,-4.0,-123.0,-40.0,-20.0,1.0,0.0,0.0,-5.0,3.0,0.0,0.0,-2.0,12.0,4.0,59.0,51.0,-45.0,1.0,240.0,156.0,-1.0,4.0,3.0,-4106.0,-36.0,-484.0,-897.0,-320.0,-97.0,-4245.0,-32.0,5.0,-21.0,1.0,38.0,0.0
10.0,-12.0,-11.0,-6.0,162.0,80.0,-3.0,-5.0,2.0,-2.0,16.0,7.0,5.0,10.0,7.0,-25.0,0.0,-65.0,169.0,-31.0,11.0,-367.0,-239.0,-1.0,-2.0,-2.0,6181.0,122.0,174.0,939.0,50.0,84.0,6452.0,39.0,-2.0,110.0,0.0,2.0,-10.0
-8.0,4.0,-7.0,0.0,-113.0,-60.0,-12.0,8.0,2.0,-3.0,-11.0,-9.0,-3.0,-35.0,-6.0,2.0,10.0,14.0,-160.0,-89.0,-4.0,923.0,484.0,3.0,-2.0,0.0,-3807.0,-74.0,64.0,-685.0,96.0,-5.0,-3274.0,6.0,-8.0,-132.0,-2.0,9.0,0.0
4.0,-1.0,7.0,0.0,-31.0,-10.0,7.0,-3.0,-3.0,2.0,2.0,4.0,3.0,-19.0,3.0,11.0,-1.0,-2.0,4.0,120.0,2.0,-143.0,-80.0,-3.0,5.0,6.0,-425.0,30.0,82.0,276.0,-147.0,-9.0,-496.0,-16.0,10.0,105.0,0.0,2.0,-2.0
8.0,-7.0,16.0,3.0,93.0,69.0,2.0,0.0,1.0,0.0,29.0,0.0,6.0,-40.0,3.0,-3.0,-4.0,-74.0,49.0,68.0,19.0,-194.0,-110.0,3.0,-5.0,-4.0,5908.0,225.0,-111.0,660.0,113.0,50.0,6133.0,40.0,-4.0,168.0,-1.0,-8.0,8.0
-5.0,-1.0,12.0,-1.0,-76.0,-26.0,2.0,-12.0,1.0,-1.0,-18.0,3.0,-3.0,11.0,6.0,-13.0,0.0,19.0,272.0,82.0,-2.0,-150.0,-85.0,1.0,0.0,1.0,-2007.0,11.0,-450.0,-407.0,-29.0,53.0,-1813.0,9.0,-1.0,-79.0,-2.0,-15.0,-5.0
-10.0,13.0,-8.0,1.0,-218.0,-81.0,-10.0,1.0,0.0,2.0,-19.0,2.0,0.0,-12.0,-7.0,32.0,-1.0,38.0,79.0,-8.0,1.0,447.0,98.0,3.0,-3.0,-2.0,-6342.0,-99.0,46.0,-952.0,-362.0,-87.0,-6240.0,0.0,-4.0,-201.0,1.0,-17.0,-7.0
2.0,-1.0,13.0,3.0,195.0,62.0,19.0,1.0,-4.0,1.0,4.0,-1.0,2.0,61.0,-2.0,-11.0,0.0,-38.0,-74.0,19.0,2.0,-328.0,-74.0,1.0,2.0,3.0,-1998.0,0.0,139.0,-735.0,382.0,108.0,-1850.0,30.0,-1.0,-78.0,-1.0,-47.0,-3.0
17.0,-10.0,-9.0,-3.0,188.0,102.0,6.0,8.0,8.0,-3.0,42.0,2.0,-1.0,13.0,8.0,-13.0,0.0,-56.0,-78.0,-21.0,-1.0,7.0,149.0,0.0,-2.0,-1.0,6271.0,58.0,54.0,606.0,154.0,98.0,6343.0,25.0,-5.0,98.0,0.0,-28.0,0.0
-18.0,16.0,3.0,4.0,-199.0,-100.0,-6.0,0.0,-5.0,2.0,-37.0,-13.0,-6.0,-2.0,-10.0,37.0,-1.0,76.0,-84.0,70.0,-5.0,482.0,275.0,0.0,0.0,1.0,-7480.0,-279.0,415.0,-932.0,-47.0,-74.0,-7311.0,-42.0,2.0,-51.0,-1.0,-13.0,1.0
-6.0,6.0,-3.0,1.0,-46.0,-10.0,-3.0,3.0,-2.0,-1.0,8.0,-10.0,-1.0,11.0,-4.0,20.0,9.0,30.0,20.0,-110.0,-3.0,253.0,82.0,1.0,-1.0,1.0,-855.0,-25.0,95.0,216.0,255.0,-7.0,-358.0,-12.0,3.0,11.0,-2.0,39.0,-1.0
-1.0,7.0,-10.0,3.0,119.0,69.0,1.0,-7.0,1.0,0.0,7.0,3.0,-1.0,-7.0,-6.0,24.0,-11.0,12.0,233.0,77.0,5.0,-655.0,-311.0,-2.0,-4.0,-5.0,2749.0,78.0,-71.0,256.0,-57.0,44.0,2758.0,-8.0,4.0,-18.0,1.0,-10.0,-7.0
-6.0,5.0,11.0,-3.0,-160.0,-35.0,12.0,2.0,-1.0,1.0,-10.0,-8.0,-2.0,-8.0,-3.0,10.0,0.0,19.0,-72.0,-64.0,-9.0,-40.0,-82.0,1.0,2.0,2.0,-1895.0,-100.0,-319.0,60.0,-197.0,-92.0,-2870.0,-24.0,-2.0,-70.0,0.0,41.0,14.0
-9.0,5.0,-6.0,-1.0,-123.0,-72.0,-8.0,6.0,0.0,-1.0,-17.0,-5.0,-5.0,-14.0,-10.0,17.0,0.0,64.0,-137.0,-59.0,-19.0,685.0,356.0,-4.0,3.0,2.0,-5434.0,-243.0,765.0,-334.0,-33.0,-97.0,-5508.0,-44.0,6.0,-208.0,1.0,4.0,-7.0
10.0,-11.0,-4.0,-2.0,47.0,12.0,2.0,0.0,2.0,1.0,5.0,5.0,0.0,34.0,8.0,-42.0,-7.0,-14.0,19.0,5.0,2.0,-48.0,60.0,1.0,-3.0,-4.0,203.0,37.0,-201.0,-430.0,-122.0,-25.0,121.0,14.0,-4.0,62.0,0.0,-24.0,3.0
9.0,-6.0,-16.0,3.0,249.0,96.0,2.0,4.0,5.0,-2.0,29.0,8.0,2.0,-12.0,2.0,-22.0,0.0,-32.0,10.0,-50.0,-2.0,-57.0,50.0,2.0,-6.0,-5.0,6225.0,224.0,-396.0,553.0,113.0,98.0,6410.0,38.0,-6.0,-112.0,-1.0,-20.0,-2.0
1.0,-6.0,6.0,-7.0,-163.0,-56.0,-8.0,4.0,2.0,-3.0,-3.0,-4.0,1.0,-21.0,2.0,-13.0,11.0,-30.0,-86.0,-109.0,3.0,498.0,159.0,1.0,4.0,4.0,-2552.0,-19.0,45.0,-306.0,30.0,-29.0,-2373.0,10.0,-4.0,31.0,0.0,42.0,1.0
-3.0,1.0,6.0,4.0,-83.0,-54.0,-13.0,1.0,-2.0,3.0,-10.0,7.0,0.0,-9.0,1.0,-5.0,0.0,53.0,8.0,155.0,4.0,153.0,121.0,0.0,2.0,0.0,-3756.0,-19.0,131.0,-845.0,215.0,-6.0,-3121.0,1.0,4.0,-46.0,1.0,-4.0,0.0
3.0,-5.0,-2.0,-4.0,49.0,4.0,5.0,2.0,-4.0,2.0,-5.0,4.0,3.0,73.0,7.0,-25.0,4.0,-2.0,-138.0,-49.0,-3.0,-295.0,-127.0,1.0,6.0,5.0,1111.0,-32.0,-347.0,139.0,14.0,2.0,511.0,9.0,-1.0,-23.0,1.0,2.0,3.0
3.0,-6.0,1.0,-2.0,66.0,19.0,3.0,-7.0,1.0,-1.0,-12.0,6.0,0.0,13.0,5.0,-16.0,0.0,-20.0,-138.0,39.0,1.0,-403.0,-162.0,-3.0,5.0,2.0,3291.0,-4.0,87.0,388.0,134.0,46.0,2907.0,4.0,-3.0,44.0,3.0,-11.0,13.0
-16.0,10.0,-11.0,1.0,-174.0,-98.0,-3.0,-9.0,-4.0,-1.0,-38.0,-7.0,-1.0,-22.0,-6.0,18.0,0.0,8.0,5.0,-94.0,-3.0,-117.0,-310.0,0.0,0.0,-1.0,611.0,2.0,-68.0,961.0,-297.0,-78.0,187.0,-28.0,0.0,-3.0,1.0,32.0,-4.0
4.0,-4.0,21.0,-1.0,4.0,17.0,-13.0,4.0,3.0,-2.0,20.0,-2.0,-1.0,-58.0,-2.0,6.0,1.0,3.0,132.0,-30.0,0.0,161.0,112.0,-2.0,1.0,0.0,-31.0,53.0,-239.0,-105.0,-131.0,-56.0,-174.0,-29.0,8.0,131.0,-1.0,48.0,-2.0
13.0,-5.0,-27.0,1.0,263.0,92.0,3.0,2.0,1.0,1.0,23.0,6.0,4.0,8.0,5.0,-12.0,0.0,-54.0,-24.0,-41.0,8.0,-256.0,-121.0,-1.0,-6.0,-5.0,6406.0,102.0,343.0,931.0,12.0,61.0,6744.0,23.0,-2.0,239.0,0.0,-13.0,-3.0
3.0,-8.0,-6.0,-3.0,-77.0,-49.0,-3.0,1.0,0.0,-2.0,-8.0,-4.0,-1.0,4.0,6.0,-25.0,11.0,8.0,-255.0,-35.0,-2.0,582.0,384.0,-1.0,4.0,5.0,-1593.0,-36.0,127.0,-235.0,216.0,0.0,-1100.0,-4.0,-2.0,90.0,-1.0,15.0,13.0
-5.0,10.0,-10.0,3.0,-25.0,-1.0,-4.0,-2.0,0.0,-1.0,-2.0,-2.0,-1.0,-61.0,-9.0,37.0,-2.0,24.0,77.0,108.0,3.0,125.0,93.0,-2.0,-1.0,1.0,-1483.0,34.0,75.0,-153.0,-108.0,30.0,-1012.0,-18.0,6.0,-45.0,-1.0,1.0,-9.0
13.0,-13.0,10.0,0.0,198.0,72.0,10.0,3.0,1.0,0.0,23.0,2.0,1.0,-12.0,6.0,-36.0,-8.0,-48.0,39.0,79.0,1.0,-297.0,-18.0,-1.0,-1.0,-1.0,3906.0,128.0,-228.0,348.0,-27.0,48.0,3691.0,8.0,4.0,146.0,-2.0,-11.0,-5.0
9.0,-6.0,-16.0,-1.0,157.0,89.0,-2.0,10.0,7.0,-1.0,30.0,3.0,-2.0,-8.0,5.0,-18.0,-1.0,-5.0,-47.0,59.0,-2.0,178.0,274.0,2.0,-6.0,-5.0,5546.0,6.0,59.0,381.0,288.0,108.0,5903.0,37.0,-9.0,-71.0,-1.0,-22.0,3.0
2.0,-6.0,4.0,-6.0,-25.0,14.0,-8.0,5.0,0.0,-2.0,11.0,-2.0,4.0,-9.0,-4.0,0.0,0.0,-30.0,-79.0,-72.0,5.0,39.0,-33.0,-1.0,4.0,2.0,1782.0,9.0,281.0,415.0,67.0,-30.0,1521.0,7.0,1.0,-50.0,2.0,30.0,-2.0
0.0,-2.0,-7.0,1.0,-61.0,-21.0,-2.0,2.0,-4.0,4.0,3.0,0.0,1.0,5.0,4.0,-16.0,0.0,65.0,74.0,95.0,0.0,233.0,187.0,1.0,-3.0,-1.0,-1802.0,-10.0,-19.0,-163.0,120.0,-31.0,-1173.0,-2.0,5.0,9.0,-3.0,23.0,3.0
-7.0,8.0,5.0,-2.0,-157.0,-63.0,1.0,4.0,-3.0,1.0,-17.0,-4.0,-2.0,35.0,-4.0,11.0,4.0,45.0,-160.0,-50.0,-6.0,-85.0,-40.0,1.0,8.0,6.0,-4873.0,-95.0,-547.0,-850.0,-63.0,-67.0,-5556.0,-28.0,1.0,-120.0,2.0,32.0,7.0
7.0,-4.0,10.0,4.0,96.0,41.0,-9.0,2.0,-1.0,0.0,22.0,4.0,6.0,3.0,2.0,-2.0,0.0,-48.0,-39.0,82.0,22.0,-239.0,-68.0,3.0,1.0,0.0,2930.0,230.0,-339.0,-250.0,247.0,75.0,3447.0,36.0,-1.0,118.0,1.0,-17.0,1.0
5.0,1.0,-30.0,0.0,34.0,7.0,5.0,4.0,2.0,1.0,7.0,0.0,0.0,-18.0,5.0,-2.0,0.0,-30.0,-161.0,-65.0,-1.0,-253.0,-243.0,0.0,-4.0,-5.0,7637.0,43.0,141.0,1713.0,-113.0,-17.0,7283.0,-3.0,-5.0,218.0,2.0,28.0,7.0
-14.0,9.0,2.0,0.0,-71.0,-43.0,12.0,-2.0,-6.0,1.0,-33.0,-13.0,-3.0,43.0,-5.0,11.0,-1.0,-3.0,-126.0,34.0,-1.0,-210.0,-160.0,1.0,2.0,2.0,-2066.0,-216.0,526.0,54.0,260.0,40.0,-2170.0,1.0,-4.0,-40.0,0.0,-17.0,-2.0
1.0,1.0,-7.0,-2.0,-182.0,-70.0,-1.0,-6.0,-2.0,3.0,-16.0,7.0,2.0,27.0,5.0,5.0,0.0,32.0,-16.0,46.0,3.0,106.0,-2.0,-1.0,3.0,3.0,-4128.0,-61.0,109.0,-502.0,-242.0,-82.0,-4066.0,-10.0,2.0,21.0,2.0,-11.0,6.0
-4.0,8.0,26.0,3.0,-19.0,-2.0,-4.0,6.0,-1.0,1.0,5.0,-1.0,1.0,-9.0,-11.0,27.0,0.0,3.0,137.0,-19.0,3.0,280.0,136.0,2.0,0.0,1.0,-8371.0,-46.0,-54.0,-1792.0,-111.0,-35.0,-8264.0,1.0,3.0,-148.0,-1.0,-16.0,-12.0
16.0,-10.0,-7.0,2.0,224.0,86.0,14.0,-5.0,5.0,0.0,26.0,15.0,2.0,11.0,14.0,-37.0,1.0,-46.0,163.0,2.0,0.0,-521.0,-242.0,1.0,-4.0,-3.0,5698.0,270.0,-696.0,517.0,-20.0,104.0,5790.0,35.0,-3.0,101.0,-1.0,-17.0,1.0
-3.0,4.0,6.0,8.0,-5.0,-17.0,2.0,1.0,1.0,1.0,1.0,-3.0,-3.0,-45.0,-3.0,14.0,-4.0,20.0,-9.0,81.0,-5.0,452.0,279.0,0.0,-6.0,-4.0,-1308.0,-27.0,373.0,-89.0,13.0,-17.0,-896.0,-11.0,1.0,10.0,-2.0,-34.0,3.0
10.0,-13.0,-7.0,-2.0,206.0,67.0,4.0,-2.0,-1.0,1.0,12.0,8.0,5.0,38.0,11.0,-36.0,0.0,-47.0,22.0,1.0,3.0,-210.0,-87.0,0.0,-2.0,-1.0,5984.0,63.0,200.0,989.0,77.0,69.0,6067.0,37.0,-2.0,97.0,-1.0,-30.0,-4.0
-10.0,7.0,3.0,-1.0,-118.0,-74.0,-2.0,-3.0,3.0,-1.0,-35.0,3.0,-7.0,-17.0,-5.0,13.0,0.0,36.0,-27.0,-22.0,-18.0,159.0,2.0,-4.0,4.0,1.0,-4884.0,-239.0,489.0,-432.0,-152.0,-50.0,-5395.0,-33.0,0.0,-173.0,3.0,-10.0,-4.0
-21.0,9.0,19.0,1.0,-208.0,-105.0,-8.0,-13.0,-6.0,-2.0,-45.0,-7.0,-1.0,-4.0,-11.0,20.0,0.0,38.0,166.0,-29.0,-2.0,136.0,-67.0,0.0,4.0,4.0,-7026.0,-41.0,-209.0,-752.0,-184.0,-61.0,-7096.0,-25.0,5.0,-221.0,-1.0,4.0,-11.0
4.0,-3.0,0.0,0.0,144.0,70.0,5.0,-5.0,1.0,1.0,9.0,5.0,0.0,54.0,3.0,-13.0,-9.0,-12.0,156.0,-31.0,2.0,-780.0,-404.0,0.0,-3.0,-6.0,4232.0,44.0,-146.0,409.0,51.0,14.0,3770.0,10.0,-2.0,27.0,2.0,-11.0,2.0
-6.0,8.0,4.0,0.0,15.0,11.0,-1.0,1.0,2.0,-5.0,5.0,-10.0,-2.0,6.0,-8.0,36.0,9.0,-35.0,-54.0,-205.0,-3.0,20.0,-105.0,0.0,2.0,2.0,947.0,-15.0,114.0,379.0,135.0,24.0,815.0,-10.0,-2.0,2.0,1.0,16.0,-4.0
0.0,0.0,1.0,-5.0,-126.0,-12.0,-9.0,-1.0,2.0,0.0,2.0,-1.0,0.0,-43.0,-1.0,11.0,0.0,33.0,139.0,-59.0,-2.0,285.0,114.0,-1.0,-2.0,-1.0,-1128.0,-41.0,-256.0,13.0,-454.0,-122.0,-1559.0,-28.0,2.0,29.0,-1.0,47.0,7.0
6.0,-2.0,4.0,2.0,117.0,72.0,3.0,0.0,-3.0,1.0,22.0,2.0,8.0,-28.0,1.0,9.0,-2.0,-52.0,-12.0,127.0,19.0,-364.0,-144.0,2.0,0.0,2.0,5536.0,227.0,-383.0,646.0,19.0,82.0,5632.0,31.0,1.0,100.0,-1.0,-5.0,2.0
3.0,8.0,-20.0,3.0,57.0,25.0,-1.0,4.0,2.0,0.0,11.0,-2.0,-1.0,-30.0,-6.0,24.0,0.0,-7.0,-46.0,-42.0,5.0,-46.0,-34.0,-1.0,-4.0,-4.0,422.0,39.0,143.0,-58.0,-65.0,-8.0,677.0,-14.0,0.0,142.0,1.0,17.0,1.0
4.0,-7.0,-1.0,-4.0,128.0,57.0,18.0,-2.0,-1.0,-1.0,4.0,0.0,3.0,45.0,5.0,-26.0,0.0,-79.0,-42.0,-36.0,4.0,-692.0,-435.0,1.0,2.0,1.0,5414.0,63.0,111.0,986.0,307.0,114.0,5141.0,43.0,-6.0,11.0,1.0,-4.0,-3.0
23.0,-18.0,-13.0,-3.0,173.0,91.0,7.0,7.0,6.0,2.0,37.0,12.0,1.0,7.0,16.0,-49.0,-9.0,-21.0,-24.0,184.0,2.0,-13.0,254.0,0.0,-4.0,-3.0,5324.0,73.0,-60.0,227.0,19.0,74.0,5528.0,35.0,-3.0,96.0,-1.0,-44.0,4.0
-7.0,4.0,-9.0,1.0,25.0,10.0,-12.0,9.0,0.0,-2.0,3.0,-7.0,0.0,-23.0,-12.0,15.0,-1.0,14.0,-153.0,-52.0,-2.0,464.0,292.0,1.0,-2.0,-2.0,527.0,-46.0,300.0,36.0,133.0,-6.0,620.0,3.0,-3.0,-213.0,0.0,-3.0,-3.0
-2.0,1.0,-14.0,2.0,-69.0,-50.0,-10.0,0.0,2.0,-1.0,-6.0,2.0,-2.0,-18.0,3.0,0.0,0.0,5.0,-65.0,40.0,0.0,43.0,-40.0,0.0,0.0,-2.0,3126.0,41.0,117.0,722.0,72.0,14.0,3409.0,-2.0,-1.0,49.0,2.0,0.0,-4.0
2.0,0.0,-19.0,-2.0,25.0,5.0,0.0,3.0,-4.0,1.0,6.0,-3.0,1.0,57.0,2.0,-10.0,4.0,38.0,-22.0,-46.0,-1.0,35.0,108.0,1.0,1.0,3.0,-1024.0,14.0,-378.0,-228.0,39.0,0.0,-738.0,-7.0,4.0,5.0,-2.0,18.0,-4.0
3.0,-8.0,-6.0,-1.0,5.0,-2.0,1.0,-5.0,-3.0,3.0,-9.0,6.0,1.0,18.0,9.0,-32.0,0.0,45.0,-64.0,134.0,1.0,-170.0,25.0,-2.0,2.0,1.0,1489.0,-14.0,68.0,225.0,254.0,15.0,1734.0,2.0,2.0,53.0,0.0,12.0,16.0
-9.0,6.0,17.0,-1.0,-325.0,-136.0,-5.0,9.0,0.0,-1.0,-19.0,-11.0,-4.0,-31.0,-5.0,12.0,11.0,35.0,-255.0,-78.0,-8.0,865.0,398.0,2.0,6.0,6.0,-8733.0,-141.0,-129.0,-1245.0,-20.0,-113.0,-8825.0,-29.0,-2.0,-79.0,0.0,40.0,11.0
-10.0,5.0,23.0,-1.0,-67.0,-26.0,-1.0,2.0,-3.0,-1.0,-13.0,-15.0,-4.0,-15.0,-7.0,17.0,0.0,0.0,6.0,4.0,-1.0,-49.0,-48.0,-1.0,3.0,2.0,-2097.0,-163.0,287.0,-51.0,129.0,-16.0,-2344.0,-28.0,4.0,91.0,-1.0,31.0,-4.0
-5.0,6.0,18.0,4.0,-91.0,-24.0,-3.0,4.0,3.0,0.0,6.0,-3.0,-1.0,-70.0,-7.0,26.0,-4.0,-18.0,160.0,7.0,0.0,368.0,54.0,2.0,-6.0,-5.0,-2267.0,-10.0,291.0,-160.0,-173.0,-46.0,-2169.0,3.0,-1.0,-49.0,-1.0,-7.0,-9.0
3.0,-3.0,2.0,-1.0,6.0,0.0,5.0,-6.0,3.0,0.0,-5.0,3.0,-3.0,42.0,9.0,-26.0,2.0,-12.0,149.0,-68.0,0.0,-321.0,-212.0,2.0,-3.0,-4.0,-102.0,16.0,-382.0,-312.0,14.0,15.0,-124.0,13.0,-7.0,108.0,0.0,1.0,5.0
4.0,-8.0,4.0,-5.0,46.0,32.0,16.0,0.0,-2.0,2.0,2.0,0.0,3.0,30.0,8.0,-26.0,0.0,-28.0,-50.0,-63.0,-6.0,-250.0,-169.0,1.0,0.0,1.0,4089.0,-37.0,-119.0,1049.0,-120.0,-23.0,3197.0,13.0,-4.0,27.0,-1.0,11.0,10.0
7.0,-4.0,27.0,0.0,17.0,9.0,5.0,-1.0,-3.0,2.0,8.0,4.0,3.0,30.0,1.0,0.0,1.0,-3.0,42.0,35.0,5.0,-61.0,36.0,-2.0,6.0,6.0,-6157.0,-8.0,9.0,-1342.0,9.0,-30.0,-6090.0,-9.0,9.0,74.0,0.0,-10.0,1.0
-6.0,8.0,4.0,2.0,97.0,58.0,3.0,-5.0,-1.0,0.0,4.0,0.0,0.0,20.0,-5.0,29.0,-2.0,2.0,137.0,-36.0,0.0,-732.0,-464.0,-1.0,0.0,-2.0,4029.0,7.0,55.0,839.0,173.0,39.0,3649.0,-4.0,2.0,-35.0,2.0,13.0,-1.0
-7.0,7.0,-7.0,-1.0,-152.0,-62.0,-7.0,-6.0,1.0,1.0,-31.0,8.0,0.0,1.0,-2.0,16.0,-1.0,18.0,-59.0,31.0,2.0,44.0,-64.0,0.0,2.0,0.0,-3051.0,-103.0,133.0,-564.0,-228.0,-41.0,-3333.0,4.0,-7.0,-157.0,4.0,-28.0,6.0
-18.0,16.0,3.0,8.0,-107.0,-93.0,-2.0,-6.0,-7.0,1.0,-38.0,-8.0,-2.0,-6.0,-13.0,33.0,0.0,49.0,-27.0,-39.0,-5.0,247.0,51.0,0.0,0.0,1.0,-6801.0,-61.0,-40.0,-760.0,-222.0,-84.0,-6804.0,-41.0,5.0,-92.0,-1.0,-11.0,-4.0
-7.0,0.0,17.0,-3.0,-229.0,-69.0,-24.0,-5.0,2.0,-2.0,-11.0,1.0,-2.0,-43.0,-3.0,13.0,0.0,68.0,235.0,46.0,-1.0,581.0,317.0,-1.0,2.0,2.0,-5639.0,-43.0,-280.0,-978.0,-269.0,-91.0,-5433.0,-27.0,6.0,-140.0,-1.0,19.0,-4.0
9.0,-6.0,-17.0,-1.0,243.0,89.0,1.0,-3.0,3.0,-4.0,20.0,1.0,2.0,17.0,2.0,-5.0,0.0,-72.0,64.0,-91.0,5.0,-113.0,-39.0,-1.0,-4.0,-2.0,5651.0,119.0,188.0,785.0,-18.0,98.0,5991.0,23.0,-2.0,116.0,-1.0,-37.0,-14.0
7.0,-5.0,-13.0,1.0,101.0,14.0,6.0,1.0,5.0,-1.0,9.0,10.0,-3.0,-3.0,4.0,-20.0,1.0,18.0,26.0,-57.0,-19.0,164.0,114.0,-3.0,-1.0,-1.0,264.0,27.0,69.0,183.0,-53.0,7.0,282.0,-9.0,3.0,-107.0,0.0,-13.0,-6.0
-7.0,8.0,6.0,1.0,-41.0,-12.0,3.0,-6.0,1.0,-1.0,-10.0,-2.0,-3.0,8.0,1.0,16.0,9.0,2.0,130.0,-73.0,-2.0,-273.0,-272.0,1.0,0.0,0.0,-305.0,-21.0,-181.0,118.0,136.0,40.0,-245.0,-1.0,-3.0,46.0,0.0,25.0,2.0
-2.0,1.0,16.0,0.0,-42.0,-20.0,2.0,6.0,-1.0,2.0,1.0,1.0,2.0,3.0,0.0,1.0,0.0,-20.0,22.0,-42.0,-3.0,73.0,-73.0,3.0,0.0,0.0,-1156.0,-42.0,-56.0,-21.0,-159.0,-44.0,-1658.0,12.0,-2.0,-72.0,0.0,-5.0,-6.0
-14.0,4.0,6.0,-2.0,-199.0,-98.0,-6.0,-6.0,1.0,-2.0,-35.0,-2.0,-8.0,-3.0,-4.0,4.0,0.0,83.0,135.0,23.0,-21.0,535.0,271.0,-3.0,3.0,3.0,-7441.0,-232.0,315.0,-741.0,-62.0,-44.0,-7321.0,-35.0,5.0,-287.0,-1.0,-11.0,-12.0
17.0,-10.0,-9.0,3.0,362.0,156.0,14.0,-4.0,3.0,1.0,40.0,17.0,5.0,23.0,8.0,-24.0,-10.0,-46.0,170.0,39.0,2.0,-980.0,-434.0,-1.0,-4.0,-5.0,10032.0,298.0,-460.0,1238.0,17.0,103.0,9684.0,32.0,2.0,20.0,1.0,-29.0,-2.0
6.0,-6.0,19.0,1.0,-55.0,-13.0,6.0,-3.0,1.0,1.0,9.0,2.0,1.0,-31.0,5.0,-1.0,-3.0,-24.0,65.0,61.0,2.0,27.0,-46.0,-2.0,0.0,0.0,-53.0,28.0,354.0,290.0,-53.0,-41.0,5.0,-7.0,5.0,173.0,0.0,-1.0,4.0
3.0,-3.0,20.0,0.0,48.0,19.0,-2.0,2.0,0.0,0.0,6.0,0.0,0.0,49.0,-2.0,-11.0,2.0,-1.0,38.0,-85.0,3.0,82.0,116.0,1.0,1.0,0.0,-5732.0,-38.0,-73.0,-1618.0,156.0,-21.0,-5594.0,7.0,-1.0,-31.0,0.0,-12.0,3.0
-14.0,9.0,3.0,-1.0,-105.0,-48.0,7.0,-9.0,-6.0,0.0,-32.0,-9.0,1.0,-4.0,-9.0,18.0,0.0,3.0,70.0,-134.0,-3.0,-160.0,-270.0,0.0,0.0,1.0,-2515.0,-39.0,-185.0,239.0,-369.0,-92.0,-3222.0,-26.0,1.0,-52.0,-1.0,32.0,0.0
-1.0,6.0,-6.0,5.0,81.0,9.0,4.0,2.0,1.0,-2.0,4.0,-6.0,-3.0,7.0,-5.0,20.0,0.0,-7.0,-105.0,-60.0,-6.0,254.0,200.0,0.0,-2.0,0.0,-530.0,-3.0,14.0,-154.0,-68.0,14.0,-461.0,-16.0,0.0,6.0,-1.0,-39.0,-4.0
-3.0,3.0,14.0,-2.0,-148.0,-45.0,-20.0,-2.0,4.0,-1.0,-11.0,6.0,-1.0,-57.0,-4.0,22.0,0.0,21.0,73.0,1.0,2.0,205.0,48.0,-2.0,3.0,0.0,-3082.0,-50.0,-106.0,-669.0,-359.0,-97.0,-3507.0,-25.0,1.0,-26.0,3.0,20.0,4.0
2.0,-1.0,-31.0,-1.0,30.0,6.0,-8.0,-7.0,0.0,1.0,-8.0,9.0,3.0,23.0,4.0,-5.0,-1.0,11.0,79.0,35.0,7.0,164.0,84.0,0.0,-5.0,-3.0,798.0,6.0,302.0,58.0,-126.0,26.0,1485.0,25.0,-4.0,-32.0,0.0,-42.0,-5.0
4.0,-4.0,20.0,4.0,130.0,29.0,-4.0,5.0,1.0,-2.0,18.0,-1.0,-1.0,-15.0,-1.0,-5.0,1.0,-30.0,-7.0,29.0,2.0,-124.0,-2.0,-1.0,3.0,1.0,1097.0,94.0,17.0,-118.0,323.0,66.0,1385.0,-1.0,6.0,102.0,0.0,1.0,-9.0
-9.0,11.0,-17.0,3.0,6.0,9.0,-11.0,1.0,3.0,-3.0,-4.0,-6.0,-4.0,-42.0,-12.0,26.0,-1.0,26.0,73.0,-12.0,1.0,268.0,173.0,1.0,-6.0,-5.0,-1058.0,4.0,-7.0,-429.0,39.0,39.0,-516.0,-2.0,-4.0,-150.0,-1.0,-1.0,-7.0
6.0,-9.0,-13.0,0.0,214.0,64.0,23.0,-5.0,-3.0,0.0,-1.0,0.0,1.0,70.0,9.0,-38.0,0.0,-41.0,-211.0,38.0,-1.0,-608.0,-210.0,-1.0,2.0,2.0,6373.0,46.0,193.0,1057.0,493.0,143.0,6414.0,29.0,-4.0,70.0,0.0,-31.0,9.0
17.0,-12.0,-16.0,-2.0,127.0,81.0,4.0,10.0,4.0,1.0,45.0,2.0,0.0,18.0,12.0,-29.0,0.0,9.0,-4.0,74.0,-1.0,240.0,336.0,1.0,-5.0,-2.0,4469.0,48.0,35.0,443.0,274.0,67.0,5170.0,23.0,0.0,107.0,-3.0,-5.0,3.0
-4.0,3.0,0.0,2.0,-62.0,-23.0,-1.0,-1.0,-4.0,4.0,-10.0,5.0,2.0,-40.0,0.0,6.0,-2.0,49.0,35.0,200.0,1.0,28.0,45.0,-1.0,1.0,2.0,-1150.0,-22.0,87.0,51.0,-13.0,1.0,-936.0,-4.0,6.0,-64.0,-1.0,8.0,1.0
-15.0,12.0,-3.0,-4.0,-194.0,-83.0,-8.0,-1.0,-6.0,1.0,-38.0,-10.0,-3.0,43.0,-7.0,23.0,3.0,56.0,-75.0,-11.0,0.0,30.0,-4.0,0.0,6.0,5.0,-6172.0,-252.0,42.0,-843.0,-60.0,-57.0,-6415.0,-31.0,1.0,-61.0,1.0,21.0,-2.0
4.0,1.0,-10.0,0.0,-62.0,-44.0,-2.0,11.0,1.0,0.0,4.0,-5.0,0.0,-23.0,0.0,0.0,11.0,-19.0,-279.0,-119.0,0.0,609.0,277.0,1.0,0.0,1.0,-2327.0,-39.0,214.0,-314.0,-8.0,-52.0,-2081.0,-6.0,-4.0,160.0,0.0,27.0,8.0
16.0,-13.0,0.0,0.0,164.0,84.0,5.0,0.0,-1.0,2.0,27.0,7.0,8.0,6.0,9.0,-33.0,-9.0,-66.0,7.0,132.0,21.0,-412.0,-84.0,3.0,-3.0,-2.0,5739.0,264.0,-584.0,216.0,-103.0,57.0,5753.0,45.0,-3.0,162.0,-1.0,-29.0,5.0
2.0,-6.0,-14.0,-7.0,-67.0,-5.0,-1.0,-3.0,3.0,-2.0,0.0,1.0,1.0,-16.0,7.0,-15.0,0.0,-41.0,32.0,-55.0,2.0,-364.0,-361.0,0.0,0.0,-2.0,7412.0,63.0,-28.0,1721.0,-75.0,6.0,6991.0,13.0,-5.0,89.0,2.0,43.0,0.0
-8.0,6.0,15.0,0.0,-187.0,-66.0,-5.0,10.0,-2.0,0.0,-5.0,-9.0,-1.0,-19.0,-11.0,25.0,0.0,35.0,-248.0,-41.0,-6.0,406.0,206.0,0.0,6.0,4.0,-4399.0,-113.0,107.0,-524.0,17.0,-114.0,-4931.0,-32.0,3.0,-160.0,2.0,28.0,8.0
-5.0,3.0,-14.0,3.0,178.0,53.0,14.0,2.0,-1.0,-1.0,-4.0,-5.0,-1.0,31.0,-3.0,-11.0,-1.0,-35.0,-116.0,-16.0,-3.0,-267.0,-110.0,3.0,-4.0,-3.0,4159.0,8.0,130.0,607.0,373.0,138.0,4240.0,39.0,-10.0,-152.0,-1.0,-37.0,-4.0
20.0,-18.0,-15.0,-4.0,193.0,100.0,7.0,3.0,5.0,0.0,33.0,8.0,0.0,31.0,17.0,-45.0,0.0,-11.0,-142.0,113.0,0.0,-163.0,174.0,-2.0,0.0,0.0,7760.0,44.0,122.0,831.0,408.0,113.0,8077.0,27.0,-3.0,151.0,0.0,-16.0,16.0
11.0,-11.0,10.0,-5.0,98.0,86.0,0.0,-1.0,0.0,-1.0,28.0,3.0,9.0,5.0,6.0,-17.0,0.0,-94.0,58.0,-13.0,24.0,-646.0,-389.0,3.0,1.0,0.0,7216.0,252.0,-484.0,749.0,100.0,67.0,7029.0,51.0,-5.0,158.0,1.0,26.0,5.0
5.0,-1.0,-14.0,1.0,22.0,11.0,-2.0,-2.0,2.0,0.0,3.0,3.0,-1.0,-27.0,-1.0,-5.0,-9.0,10.0,96.0,113.0,5.0,77.0,153.0,-1.0,-4.0,-3.0,-1280.0,71.0,-126.0,-583.0,-230.0,5.0,-891.0,-4.0,2.0,17.0,-1.0,-23.0,-6.0
11.0,-4.0,4.0,2.0,233.0,86.0,11.0,9.0,1.0,0.0,31.0,-3.0,1.0,-15.0,1.0,-7.0,1.0,-65.0,-103.0,-76.0,1.0,-420.0,-205.0,-1.0,-1.0,-2.0,5608.0,96.0,41.0,873.0,138.0,35.0,5259.0,-2.0,2.0,271.0,0.0,29.0,2.0
-2.0,1.0,4.0,3.0,-27.0,-31.0,-17.0,8.0,-1.0,-1.0,5.0,-1.0,1.0,-11.0,-8.0,15.0,0.0,16.0,-176.0,23.0,3.0,446.0,288.0,-1.0,4.0,2.0,-2504.0,-13.0,426.0,-584.0,214.0,-22.0,-2061.0,-8.0,5.0,-90.0,2.0,-13.0,-6.0
0.0,-2.0,-7.0,-1.0,-143.0,-68.0,-6.0,8.0,-1.0,-1.0,4.0,-10.0,-1.0,-9.0,1.0,-9.0,11.0,28.0,-117.0,-74.0,-3.0,985.0,546.0,2.0,-1.0,3.0,-4884.0,-32.0,40.0,-623.0,82.0,-46.0,-4007.0,-8.0,1.0,46.0,-4.0,26.0,0.0
-8.0,6.0,-3.0,-1.0,-229.0,-85.0,2.0,2.0,1.0,0.0,-16.0,-6.0,-4.0,-26.0,0.0,10.0,0.0,24.0,-137.0,-24.0,-9.0,3.0,-122.0,1.0,2.0,0.0,1231.0,-59.0,-202.0,782.0,-125.0,-78.0,539.0,-26.0,-3.0,-21.0,2.0,41.0,10.0
-2.0,5.0,-12.0,-1.0,24.0,3.0,1.0,0.0,-4.0,1.0,-7.0,2.0,2.0,12.0,-2.0,12.0,2.0,22.0,-61.0,59.0,0.0,-170.0,-34.0,-1.0,5.0,6.0,-372.0,2.0,-272.0,-14.0,-94.0,32.0,-501.0,-9.0,5.0,-68.0,0.0,3.0,-6.0
-17.0,10.0,9.0,-1.0,-280.0,-109.0,-10.0,-2.0,-6.0,4.0,-41.0,-7.0,-3.0,-9.0,-5.0,17.0,-1.0,83.0,21.0,130.0,1.0,228.0,75.0,0.0,2.0,1.0,-6950.0,-276.0,401.0,-778.0,21.0,-88.0,-6850.0,-26.0,2.0,-57.0,0.0,26.0,5.0
-5.0,-1.0,30.0,0.0,-34.0,-7.0,-5.0,-4.0,-2.0,-1.0,-7.0,0.0,0.0,18.0,-5.0,2.0,0.0,30.0,161.0,65.0,1.0,253.0,243.0,0.0,4.0,5.0,-7637.0,-43.0,-141.0,-1713.0,113.0,17.0,-7283.0,3.0,5.0,-218.0,-2.0,-28.0,-7.0
-3.0,8.0,6.0,3.0,77.0,49.0,3.0,-1.0,0.0,2.0,8.0,4.0,1.0,-4.0,-6.0,25.0,-11.0,-8.0,255.0,35.0,2.0,-582.0,-384.0,1.0,-4.0,-5.0,1593.0,36.0,-127.0,235.0,-216.0,0.0,1100.0,4.0,2.0,-90.0,1.0,-15.0,-13.0
-2.0,6.0,-4.0,6.0,25.0,-14.0,8.0,-5.0,0.0,2.0,-11.0,2.0,-4.0,9.0,4.0,0.0,0.0,30.0,79.0,72.0,-5.0,-39.0,33.0,1.0,-4.0,-2.0,-1782.0,-9.0,-281.0,-415.0,-67.0,30.0,-1521.0,-7.0,-1.0,50.0,-2.0,-30.0,2.0
-13.0,13.0,-10.0,0.0,-198.0,-72.0,-10.0,-3.0,-1.0,0.0,-23.0,-2.0,-1.0,12.0,-6.0,36.0,8.0,48.0,-39.0,-79.0,-1.0,297.0,18.0,1.0,1.0,1.0,-3906.0,-128.0,228.0,-348.0,27.0,-48.0,-3691.0,-8.0,-4.0,-146.0,2.0,11.0,5.0
-7.0,4.0,-10.0,-4.0,-96.0,-41.0,9.0,-2.0,1.0,0.0,-22.0,-4.0,-6.0,-3.0,-2.0,2.0,0.0,48.0,39.0,-82.0,-22.0,239.0,68.0,-3.0,-1.0,0.0,-2930.0,-230.0,339.0,250.0,-247.0,-75.0,-3447.0,-36.0,1.0,-118.0,-1.0,17.0,-1.0
7.0,-8.0,-5.0,2.0,157.0,63.0,-1.0,-4.0,3.0,-1.0,17.0,4.0,2.0,-35.0,4.0,-11.0,-4.0,-45.0,160.0,50.0,6.0,85.0,40.0,-1.0,-8.0,-6.0,4873.0,95.0,547.0,850.0,63.0,67.0,5556.0,28.0,-1.0,120.0,-2.0,-32.0,-7.0
0.0,2.0,7.0,-1.0,61.0,21.0,2.0,-2.0,4.0,-4.0,-3.0,0.0,-1.0,-5.0,-4.0,16.0,0.0,-65.0,-74.0,-95.0,0.0,-233.0,-187.0,-1.0,3.0,1.0,1802.0,10.0,19.0,163.0,-120.0,31.0,1173.0,2.0,-5.0,-9.0,3.0,-23.0,-3.0
14.0,-9.0,-2.0,0.0,71.0,43.0,-12.0,2.0,6.0,-1.0,33.0,13.0,3.0,-43.0,5.0,-11.0,1.0,3.0,126.0,-34.0,1.0,210.0,160.0,-1.0,-2.0,-2.0,2066.0,216.0,-526.0,-54.0,-260.0,-40.0,2170.0,-1.0,4.0,40.0,0.0,17.0,2.0
5.0,-10.0,10.0,-3.0,25.0,1.0,4.0,2.0,0.0,1.0,2.0,2.0,1.0,61.0,9.0,-37.0,2.0,-24.0,-77.0,-108.0,-3.0,-125.0,-93.0,2.0,1.0,-1.0,1483.0,-34.0,-75.0,153.0,108.0,-30.0,1012.0,18.0,-6.0,45.0,1.0,-1.0,9.0
-9.0,6.0,16.0,1.0,-157.0,-89.0,2.0,-10.0,-7.0,1.0,-30.0,-3.0,2.0,8.0,-5.0,18.0,1.0,5.0,47.0,-59.0,2.0,-178.0,-274.0,-2.0,6.0,5.0,-5546.0,-6.0,-59.0,-381.0,-288.0,-108.0,-5903.0,-37.0,9.0,71.0,1.0,22.0,-3.0
5.0,-3.0,-17.0,1.0,181.0,66.0,0.0,-4.0,-1.0,0.0,10.0,6.0,4.0,-23.0,2.0,1.0,-2.0,-23.0,99.0,109.0,6.0,-85.0,6.0,-2.0,-3.0,0.0,4501.0,97.0,275.0,836.0,-31.0,99.0,5055.0,19.0,4.0,52.0,-2.0,-29.0,-13.0
-8.0,2.0,10.0,0.0,-82.0,-26.0,-3.0,-6.0,-2.0,-1.0,-13.0,0.0,0.0,-31.0,-3.0,13.0,-2.0,31.0,123.0,150.0,-2.0,171.0,127.0,-1.0,3.0,5.0,-1905.0,-5.0,-68.0,-95.0,-43.0,38.0,-1689.0,-4.0,6.0,-187.0,-2.0,-16.0,-10.0
-6.0,9.0,12.0,5.0,-88.0,-52.0,-14.0,6.0,1.0,0.0,-1.0,1.0,-1.0,-27.0,-8.0,27.0,0.0,8.0,72.0,21.0,3.0,323.0,96.0,2.0,0.0,-1.0,-5245.0,-5.0,63.0,-1070.0,-39.0,-21.0,-4855.0,-1.0,2.0,-99.0,1.0,-16.0,-16.0
7.0,-5.0,14.0,0.0,213.0,83.0,9.0,4.0,3.0,-5.0,28.0,-8.0,-1.0,-6.0,-2.0,0.0,1.0,-83.0,-15.0,-126.0,-2.0,-277.0,-123.0,-1.0,1.0,1.0,4853.0,113.0,-114.0,727.0,108.0,72.0,4506.0,-2.0,2.0,148.0,-1.0,5.0,-9.0
3.0,-1.0,-7.0,3.0,291.0,113.0,26.0,-6.0,-3.0,2.0,7.0,4.0,2.0,66.0,3.0,-13.0,-11.0,-49.0,44.0,73.0,1.0,-1190.0,-594.0,0.0,-2.0,-3.0,7966.0,82.0,66.0,1292.0,277.0,143.0,7514.0,33.0,-2.0,-20.0,1.0,-46.0,-4.0
18.0,-17.0,1.0,-4.0,151.0,80.0,9.0,9.0,4.0,2.0,34.0,9.0,2.0,34.0,17.0,-44.0,0.0,-31.0,-120.0,71.0,-3.0,-90.0,101.0,1.0,0.0,0.0,6604.0,2.0,66.0,810.0,249.0,69.0,6419.0,39.0,-5.0,79.0,0.0,-21.0,10.0
15.0,-14.0,-21.0,-1.0,228.0,78.0,2.0,-4.0,1.0,1.0,15.0,11.0,4.0,11.0,10.0,-41.0,-9.0,-37.0,118.0,114.0,8.0,-133.0,66.0,-1.0,-6.0,-4.0,4704.0,134.0,74.0,406.0,-153.0,74.0,5176.0,33.0,0.0,114.0,-2.0,-53.0,-10.0
1.0,2.0,-10.0,-2.0,30.0,3.0,6.0,-6.0,-1.0,1.0,-12.0,5.0,-1.0,54.0,7.0,-14.0,4.0,10.0,88.0,-9.0,0.0,-491.0,-246.0,1.0,2.0,2.0,-474.0,18.0,-654.0,-326.0,-80.0,47.0,-625.0,4.0,-2.0,40.0,0.0,4.0,-1.0
9.0,-10.0,13.0,-7.0,-50.0,4.0,4.0,-4.0,0.0,0.0,8.0,5.0,4.0,14.0,8.0,-15.0,1.0,-44.0,74.0,-20.0,7.0,-425.0,-325.0,-2.0,6.0,4.0,1255.0,55.0,-19.0,379.0,-66.0,-24.0,901.0,4.0,4.0,163.0,2.0,33.0,1.0
-9.0,5.0,-24.0,-2.0,-165.0,-91.0,-1.0,-2.0,3.0,-1.0,-28.0,-2.0,-8.0,-21.0,1.0,2.0,0.0,53.0,-26.0,-42.0,-22.0,282.0,28.0,-3.0,-1.0,-2.0,196.0,-189.0,456.0,972.0,-175.0,-61.0,-38.0,-38.0,0.0,-69.0,1.0,17.0,-5.0
-17.0,12.0,16.0,-2.0,-219.0,-88.0,-8.0,-4.0,-2.0,0.0,-44.0,-7.0,-4.0,-14.0,-9.0,33.0,-1.0,18.0,-53.0,35.0,1.0,-5.0,-112.0,-1.0,5.0,2.0,-5148.0,-266.0,420.0,-615.0,-99.0,-57.0,-5677.0,-24.0,-3.0,-66.0,3.0,3.0,2.0
-6.0,5.0,-16.0,-1.0,-157.0,-60.0,-13.0,3.0,-2.0,1.0,-13.0,0.0,2.0,4.0,-7.0,20.0,-1.0,46.0,-169.0,-6.0,1.0,570.0,290.0,0.0,1.0,1.0,-3601.0,-107.0,409.0,-466.0,-109.0,-88.0,-3446.0,-7.0,-1.0,-192.0,2.0,-14.0,3.0
7.0,-11.0,-6.0,-3.0,67.0,21.0,2.0,-4.0,1.0,-1.0,1.0,1.0,-1.0,58.0,9.0,-38.0,2.0,-4.0,-99.0,-66.0,0.0,-198.0,-20.0,-1.0,1.0,-1.0,2639.0,8.0,-19.0,174.0,267.0,14.0,2670.0,6.0,-4.0,117.0,1.0,4.0,15.0
-5.0,3.0,-13.0,-2.0,52.0,41.0,5.0,1.0,1.0,-1.0,-2.0,-6.0,-1.0,-12.0,-4.0,0.0,-1.0,-2.0,23.0,-75.0,-5.0,18.0,4.0,2.0,-6.0,-4.0,3031.0,-33.0,-126.0,620.0,-81.0,16.0,2681.0,11.0,-8.0,-123.0,-2.0,10.0,3.0
-1.0,4.0,-13.0,6.0,20.0,-12.0,2.0,4.0,-3.0,2.0,7.0,-6.0,-2.0,12.0,-1.0,4.0,0.0,58.0,-31.0,35.0,-6.0,487.0,387.0,1.0,-5.0,-1.0,-2332.0,-13.0,-5.0,-317.0,52.0,-17.0,-1634.0,-18.0,5.0,15.0,-4.0,-16.0,-1.0
-2.0,-2.0,12.0,1.0,-168.0,-73.0,-6.0,5.0,3.0,-2.0,-2.0,-7.0,-2.0,-66.0,-1.0,1.0,7.0,-10.0,-95.0,-28.0,-2.0,950.0,438.0,1.0,-2.0,0.0,-3860.0,-46.0,418.0,-395.0,43.0,-46.0,-3269.0,-1.0,-3.0,41.0,-2.0,8.0,4.0
-1.0,0.0,20.0,2.0,-14.0,-4.0,-3.0,1.0,-4.0,4.0,-4.0,5.0,2.0,9.0,-2.0,-5.0,0.0,48.0,73.0,115.0,4.0,110.0,161.0,0.0,2.0,2.0,-6882.0,-60.0,14.0,-1567.0,143.0,-20.0,-6530.0,3.0,5.0,-95.0,-1.0,-4.0,4.0
-2.0,9.0,-6.0,2.0,35.0,14.0,1.0,6.0,0.0,0.0,8.0,-5.0,0.0,-3.0,-5.0,29.0,9.0,-17.0,-142.0,-155.0,0.0,-123.0,-187.0,0.0,0.0,-1.0,1702.0,-32.0,269.0,525.0,165.0,-13.0,1568.0,-10.0,-2.0,125.0,2.0,40.0,7.0
-4.0,8.0,-3.0,0.0,-172.0,-44.0,-25.0,-1.0,4.0,-2.0,0.0,-1.0,-3.0,-73.0,-9.0,37.0,0.0,61.0,189.0,4.0,4.0,535.0,283.0,-2.0,-2.0,-2.0,-5217.0,-4.0,-137.0,-1036.0,-334.0,-99.0,-4756.0,-41.0,6.0,2.0,0.0,36.0,-3.0
8.0,-4.0,8.0,2.0,37.0,20.0,9.0,5.0,3.0,0.0,21.0,6.0,1.0,-8.0,3.0,-12.0,1.0,-11.0,-85.0,-39.0,-6.0,-115.0,-36.0,1.0,2.0,1.0,1299.0,157.0,-589.0,-7.0,-3.0,-10.0,859.0,3.0,0.0,-59.0,1.0,11.0,9.0
-7.0,5.0,13.0,3.0,-9.0,-7.0,-2.0,-7.0,-7.0,0.0,-10.0,-5.0,7.0,-1.0,-7.0,16.0,0.0,-45.0,31.0,-52.0,19.0,-399.0,-338.0,3.0,1.0,1.0,415.0,191.0,-524.0,-11.0,-122.0,-17.0,225.0,10.0,0.0,66.0,0.0,15.0,1.0
-6.0,5.0,-34.0,-2.0,-199.0,-79.0,-6.0,-5.0,1.0,1.0,-24.0,3.0,-1.0,-3.0,4.0,5.0,-1.0,35.0,-58.0,11.0,-2.0,167.0,-38.0,1.0,-3.0,-3.0,2029.0,-53.0,100.0,840.0,-251.0,-52.0,2024.0,-1.0,-7.0,-53.0,2.0,-1.0,5.0
9.0,-8.0,-24.0,0.0,182.0,68.0,-1.0,-1.0,-1.0,0.0,23.0,1.0,3.0,22.0,6.0,-21.0,0.0,-7.0,138.0,4.0,5.0,120.0,148.0,0.0,-7.0,-3.0,3849.0,109.0,169.0,622.0,102.0,67.0,4818.0,21.0,3.0,125.0,-4.0,-14.0,-11.0
-9.0,9.0,11.0,-1.0,-194.0,-55.0,-23.0,1.0,2.0,-2.0,-3.0,-4.0,-2.0,-46.0,-8.0,42.0,9.0,51.0,93.0,-109.0,-1.0,458.0,130.0,-1.0,2.0,1.0,-3937.0,-75.0,-11.0,-453.0,-104.0,-104.0,-3865.0,-37.0,4.0,-15.0,1.0,59.0,3.0
-13.0,7.0,9.0,-3.0,-218.0,-86.0,-9.0,-1.0,-2.0,0.0,-31.0,-12.0,-5.0,31.0,-5.0,11.0,1.0,34.0,-14.0,-70.0,0.0,200.0,30.0,1.0,1.0,-1.0,-5800.0,-254.0,314.0,-829.0,34.0,-89.0,-5914.0,-22.0,-4.0,7.0,1.0,18.0,4.0
17.0,-10.0,-9.0,-1.0,270.0,149.0,10.0,2.0,5.0,2.0,41.0,12.0,1.0,27.0,11.0,-20.0,-11.0,-19.0,113.0,148.0,2.0,-745.0,-210.0,-1.0,-4.0,-5.0,9353.0,80.0,-5.0,1066.0,192.0,113.0,9177.0,31.0,-1.0,61.0,1.0,-31.0,3.0
-3.0,-7.0,16.0,-7.0,-101.0,-12.0,-6.0,-7.0,1.0,-3.0,-7.0,1.0,1.0,2.0,2.0,-13.0,0.0,-11.0,193.0,10.0,3.0,-111.0,-118.0,0.0,4.0,3.0,-225.0,20.0,-169.0,8.0,38.0,23.0,-292.0,16.0,0.0,-129.0,0.0,15.0,-7.0
-11.0,12.0,-1.0,3.0,-36.0,-11.0,-9.0,7.0,2.0,-1.0,-3.0,-5.0,-2.0,-39.0,-12.0,27.0,-1.0,6.0,95.0,-54.0,-2.0,341.0,100.0,4.0,-6.0,-5.0,-2214.0,-38.0,-63.0,-450.0,-120.0,-5.0,-2174.0,10.0,-6.0,-222.0,-1.0,-6.0,-13.0
-11.0,12.0,-14.0,1.0,-142.0,-73.0,-7.0,-2.0,3.0,-2.0,-24.0,-4.0,-9.0,-33.0,-10.0,28.0,0.0,76.0,89.0,-19.0,-16.0,489.0,237.0,-4.0,-1.0,-1.0,-7019.0,-193.0,458.0,-799.0,-127.0,-52.0,-6644.0,-49.0,5.0,-145.0,0.0,6.0,-11.0
1.0,-3.0,6.0,-1.0,-3.0,28.0,11.0,-2.0,2.0,0.0,7.0,-4.0,0.0,-43.0,1.0,-1.0,-4.0,-26.0,88.0,-14.0,-3.0,45.0,-42.0,0.0,-6.0,-4.0,2978.0,-5.0,228.0,910.0,-134.0,-25.0,2686.0,4.0,-3.0,50.0,-2.0,9.0,7.0
-1.0,0.0,2.0,1.0,-56.0,-23.0,4.0,-7.0,-1.0,4.0,-15.0,8.0,-1.0,2.0,9.0,-20.0,0.0,37.0,184.0,132.0,1.0,-293.0,-167.0,1.0,-2.0,-2.0,-1252.0,-6.0,-295.0,-261.0,1.0,16.0,-1060.0,9.0,-1.0,44.0,-1.0,9.0,6.0
13.0,-13.0,-2.0,-1.0,184.0,93.0,5.0,-4.0,-2.0,0.0,23.0,3.0,7.0,30.0,10.0,-29.0,0.0,-56.0,-111.0,61.0,19.0,-562.0,-164.0,1.0,1.0,1.0,8175.0,235.0,-402.0,820.0,286.0,96.0,8302.0,37.0,-3.0,217.0,0.0,-1.0,17.0
2.0,-7.0,8.0,-2.0,19.0,1.0,-1.0,8.0,-3.0,1.0,7.0,-1.0,4.0,19.0,0.0,-11.0,0.0,-12.0,-226.0,-40.0,-3.0,196.0,119.0,0.0,4.0,3.0,1585.0,-50.0,307.0,465.0,94.0,-45.0,1136.0,5.0,1.0,-63.0,1.0,-2.0,4.0
5.0,-2.0,-10.0,5.0,66.0,-2.0,5.0,1.0,-1.0,3.0,-1.0,4.0,-1.0,1.0,3.0,-16.0,-9.0,28.0,-51.0,145.0,-3.0,234.0,305.0,0.0,-4.0,-2.0,-1477.0,12.0,-100.0,-533.0,-203.0,-10.0,-1276.0,-6.0,2.0,4.0,-2.0,-55.0,0.0
0.0,0.0,0.0,-2.0,-82.0,-47.0,-4.0,6.0,3.0,-5.0,1.0,-10.0,-2.0,-14.0,-3.0,7.0,11.0,-37.0,-191.0,-169.0,-3.0,752.0,359.0,1.0,2.0,4.0,-3082.0,-22.0,59.0,-460.0,-38.0,-15.0,-2834.0,-6.0,-4.0,37.0,-1.0,3.0,-3.0
1.0,2.0,8.0,-1.0,72.0,22.0,-1.0,2.0,-4.0,1.0,-1.0,2.0,2.0,61.0,-4.0,1.0,4.0,21.0,-23.0,-26.0,3.0,-88.0,82.0,0.0,6.0,6.0,-6104.0,-36.0,-345.0,-1632.0,62.0,11.0,-6095.0,-2.0,4.0,-99.0,0.0,-9.0,-3.0
-4.0,5.0,7.0,1.0,-1.0,-2.0,1.0,-3.0,0.0,0.0,-13.0,5.0,1.0,-45.0,-4.0,22.0,-2.0,-16.0,-39.0,105.0,1.0,-205.0,-142.0,-2.0,4.0,3.0,652.0,-12.0,106.0,214.0,-133.0,32.0,237.0,-2.0,1.0,-73.0,2.0,-15.0,-2.0
14.0,-9.0,-3.0,5.0,197.0,55.0,-3.0,3.0,4.0,-1.0,31.0,14.0,3.0,0.0,6.0,-22.0,1.0,-30.0,-13.0,25.0,3.0,-75.0,46.0,0.0,0.0,-1.0,3194.0,257.0,-270.0,-67.0,194.0,82.0,3729.0,27.0,2.0,11.0,1.0,-30.0,-5.0
12.0,-3.0,-3.0,0.0,51.0,16.0,10.0,3.0,-1.0,3.0,15.0,4.0,3.0,12.0,6.0,-2.0,1.0,-33.0,-119.0,-30.0,4.0,-314.0,-207.0,-2.0,2.0,1.0,1480.0,35.0,150.0,371.0,-104.0,-47.0,1193.0,-12.0,4.0,292.0,2.0,18.0,8.0
-10.0,5.0,23.0,3.0,25.0,-19.0,3.0,-4.0,-5.0,-2.0,-14.0,-10.0,0.0,-19.0,-10.0,13.0,1.0,-27.0,63.0,-105.0,-1.0,-284.0,-272.0,-1.0,3.0,2.0,-1418.0,55.0,-168.0,121.0,-46.0,-26.0,-1837.0,-27.0,7.0,50.0,-1.0,33.0,-9.0
-6.0,5.0,10.0,2.0,-34.0,-23.0,21.0,3.0,-3.0,1.0,-12.0,-7.0,-2.0,35.0,-2.0,-1.0,0.0,-14.0,-211.0,-5.0,-7.0,-325.0,-196.0,2.0,4.0,3.0,-767.0,-59.0,-63.0,47.0,257.0,30.0,-1311.0,4.0,-4.0,-99.0,1.0,-6.0,7.0
14.0,-9.0,-2.0,-4.0,-21.0,36.0,-16.0,8.0,8.0,0.0,34.0,8.0,-1.0,-39.0,8.0,-7.0,0.0,30.0,69.0,75.0,1.0,445.0,384.0,-1.0,-2.0,-2.0,1387.0,-2.0,-71.0,-226.0,-85.0,-30.0,1663.0,-2.0,1.0,81.0,0.0,15.0,7.0
-2.0,2.0,12.0,-4.0,-86.0,-7.0,-5.0,3.0,2.0,-1.0,5.0,0.0,2.0,-25.0,-4.0,12.0,0.0,-38.0,169.0,-74.0,5.0,-84.0,-225.0,2.0,0.0,-1.0,-959.0,17.0,-82.0,-71.0,-186.0,-29.0,-1273.0,14.0,-2.0,-59.0,1.0,27.0,-12.0
-1.0,5.0,-17.0,2.0,-24.0,1.0,-5.0,1.0,0.0,-1.0,11.0,-7.0,-2.0,-16.0,-5.0,15.0,0.0,40.0,116.0,3.0,2.0,330.0,235.0,0.0,-5.0,-2.0,-2135.0,46.0,-31.0,-367.0,25.0,-2.0,-1249.0,-16.0,5.0,28.0,-3.0,16.0,-7.0
-3.0,2.0,-14.0,-2.0,-151.0,-60.0,-8.0,-3.0,1.0,1.0,-18.0,3.0,-1.0,46.0,2.0,-6.0,1.0,34.0,-20.0,-74.0,1.0,249.0,78.0,2.0,-2.0,-3.0,-3703.0,-91.0,27.0,-778.0,-95.0,-73.0,-3570.0,6.0,-8.0,-84.0,2.0,-13.0,8.0
3.0,-1.0,-6.0,-2.0,165.0,101.0,17.0,-7.0,-1.0,2.0,9.0,3.0,2.0,23.0,2.0,-2.0,-11.0,-16.0,183.0,14.0,-1.0,-905.0,-480.0,-1.0,-4.0,-4.0,6838.0,41.0,-190.0,1305.0,-177.0,21.0,5955.0,5.0,0.0,9.0,0.0,1.0,3.0
-10.0,5.0,-4.0,0.0,-179.0,-95.0,-4.0,-1.0,-1.0,3.0,-32.0,3.0,-6.0,-12.0,-1.0,-3.0,0.0,101.0,47.0,73.0,-18.0,392.0,189.0,-3.0,1.0,0.0,-6686.0,-249.0,470.0,-595.0,-32.0,-81.0,-6568.0,-35.0,5.0,-164.0,0.0,13.0,-1.0
0.0,0.0,-18.0,-1.0,-42.0,-19.0,7.0,-8.0,3.0,0.0,-11.0,3.0,-3.0,-7.0,11.0,-15.0,0.0,-11.0,111.0,17.0,-3.0,-403.0,-328.0,1.0,-4.0,-4.0,5630.0,54.0,-309.0,1306.0,-142.0,36.0,5470.0,6.0,-6.0,139.0,0.0,13.0,2.0
1.0,-2.0,-24.0,1.0,212.0,76.0,-7.0,-1.0,2.0,-2.0,8.0,2.0,1.0,-4.0,-1.0,-10.0,-1.0,-21.0,95.0,-11.0,4.0,58.0,86.0,1.0,-8.0,-6.0,4926.0,67.0,193.0,560.0,116.0,108.0,5551.0,35.0,-6.0,-53.0,-2.0,-31.0,-11.0
-8.0,6.0,16.0,3.0,-71.0,-15.0,-3.0,0.0,2.0,-2.0,2.0,-7.0,-2.0,-46.0,-6.0,30.0,5.0,-8.0,42.0,-64.0,-2.0,218.0,-26.0,0.0,-2.0,-2.0,169.0,-39.0,473.0,444.0,216.0,-7.0,380.0,-5.0,-1.0,6.0,0.0,21.0,3.0
-21.0,9.0,19.0,-3.0,-300.0,-112.0,-12.0,-7.0,-4.0,-1.0,-44.0,-12.0,-5.0,0.0,-8.0,24.0,-1.0,65.0,109.0,80.0,-2.0,371.0,157.0,0.0,4.0,4.0,-7705.0,-259.0,246.0,-924.0,-9.0,-51.0,-7603.0,-26.0,2.0,-180.0,-1.0,2.0,-6.0
8.0,-12.0,24.0,-1.0,176.0,61.0,12.0,5.0,-1.0,0.0,20.0,-1.0,2.0,15.0,7.0,-31.0,1.0,-58.0,-57.0,-34.0,-4.0,-374.0,-171.0,0.0,3.0,2.0,5186.0,57.0,-102.0,931.0,203.0,43.0,4582.0,12.0,2.0,129.0,-1.0,12.0,1.0
14.0,-12.0,3.0,-2.0,16.0,2.0,9.0,-3.0,-1.0,3.0,7.0,9.0,3.0,15.0,11.0,-31.0,-8.0,-16.0,23.0,125.0,4.0,-191.0,-20.0,-2.0,2.0,2.0,-222.0,67.0,-119.0,-154.0,-269.0,-34.0,-375.0,-2.0,6.0,167.0,0.0,-22.0,1.0
-4.0,7.0,0.0,9.0,-2.0,-45.0,-9.0,3.0,-1.0,1.0,-6.0,1.0,-3.0,-2.0,-4.0,15.0,0.0,46.0,-97.0,95.0,-2.0,407.0,321.0,0.0,0.0,0.0,-4286.0,-22.0,145.0,-999.0,147.0,8.0,-3582.0,-15.0,4.0,-40.0,0.0,-43.0,-4.0
2.0,2.0,-12.0,-3.0,86.0,26.0,2.0,1.0,0.0,-3.0,3.0,-3.0,0.0,52.0,-2.0,6.0,4.0,-27.0,-96.0,-141.0,-1.0,-198.0,-79.0,0.0,4.0,4.0,778.0,24.0,-359.0,-65.0,-81.0,31.0,435.0,-5.0,-1.0,-4.0,1.0,-5.0,-7.0
4.0,3.0,-3.0,1.0,81.0,24.0,4.0,3.0,2.0,1.0,0.0,5.0,1.0,-14.0,-1.0,9.0,0.0,-47.0,-162.0,-45.0,3.0,-376.0,-269.0,-1.0,1.0,-2.0,2557.0,-7.0,174.0,309.0,-90.0,-6.0,1926.0,2.0,-5.0,114.0,4.0,1.0,8.0
20.0,-18.0,-15.0,0.0,285.0,107.0,11.0,-3.0,3.0,-1.0,32.0,13.0,4.0,27.0,14.0,-49.0,1.0,-38.0,-85.0,4.0,0.0,-398.0,-50.0,-2.0,0.0,0.0,8439.0,262.0,-333.0,1003.0,233.0,103.0,8584.0,28.0,0.0,110.0,0.0,-14.0,11.0
1.0,1.0,21.0,1.0,-64.0,6.0,3.0,4.0,-2.0,1.0,12.0,-4.0,4.0,-5.0,-1.0,8.0,0.0,-29.0,-111.0,18.0,13.0,-279.0,-150.0,4.0,3.0,2.0,1035.0,130.0,-658.0,-190.0,50.0,-17.0,577.0,12.0,-3.0,48.0,1.0,24.0,15.0
-16.0,10.0,7.0,2.0,-132.0,-79.0,-10.0,-1.0,-7.0,-1.0,-27.0,-10.0,2.0,-15.0,-17.0,33.0,0.0,19.0,-106.0,-111.0,0.0,286.0,18.0,-1.0,4.0,3.0,-5019.0,-52.0,241.0,-345.0,-155.0,-114.0,-5283.0,-34.0,6.0,-142.0,1.0,19.0,-6.0
-1.0,0.0,20.0,0.0,-96.0,-51.0,-7.0,7.0,-1.0,-1.0,-3.0,-5.0,0.0,-5.0,-5.0,2.0,11.0,11.0,-118.0,-54.0,1.0,862.0,520.0,1.0,4.0,6.0,-9964.0,-82.0,73.0,-2027.0,105.0,-35.0,-9364.0,-3.0,1.0,-58.0,-2.0,-1.0,1.0
-7.0,4.0,-11.0,1.0,30.0,-29.0,18.0,-1.0,-1.0,0.0,-24.0,-3.0,-6.0,40.0,-1.0,-9.0,0.0,15.0,-100.0,-23.0,-20.0,-46.0,-46.0,-2.0,1.0,1.0,-1802.0,-189.0,595.0,237.0,207.0,47.0,-1888.0,-8.0,-1.0,-147.0,0.0,-30.0,-8.0
1.0,9.0,-4.0,3.0,15.0,5.0,1.0,10.0,1.0,2.0,12.0,-1.0,1.0,-27.0,-6.0,25.0,0.0,-27.0,-24.0,-84.0,2.0,27.0,-107.0,2.0,-4.0,-4.0,-734.0,-3.0,87.0,-79.0,-224.0,-52.0,-981.0,-2.0,-2.0,70.0,1.0,12.0,-5.0
18.0,-17.0,1.0,0.0,243.0,87.0,13.0,3.0,2.0,1.0,33.0,14.0,6.0,30.0,14.0,-48.0,1.0,-58.0,-63.0,-38.0,-3.0,-325.0,-123.0,1.0,0.0,0.0,7283.0,220.0,-389.0,982.0,74.0,59.0,6926.0,40.0,-2.0,38.0,0.0,-19.0,5.0
-5.0,9.0,-6.0,7.0,19.0,-14.0,3.0,1.0,-3.0,2.0,-6.0,-1.0,-1.0,-33.0,-5.0,26.0,-2.0,42.0,-70.0,140.0,-5.0,282.0,245.0,-1.0,-1.0,2.0,-1680.0,-25.0,101.0,-103.0,-81.0,15.0,-1397.0,-20.0,6.0,-58.0,-2.0,-31.0,-3.0
-1.0,0.0,2.0,-1.0,-138.0,-70.0,0.0,-1.0,2.0,-1.0,-14.0,-2.0,-3.0,-12.0,6.0,-13.0,11.0,0.0,-7.0,-37.0,-2.0,459.0,192.0,2.0,0.0,2.0,-4334.0,-28.0,-236.0,-721.0,-37.0,1.0,-3894.0,3.0,-5.0,81.0,-2.0,12.0,3.0
-5.0,7.0,-26.0,-3.0,-127.0,-57.0,-7.0,-3.0,-3.0,2.0,-25.0,5.0,1.0,58.0,0.0,6.0,3.0,56.0,-81.0,-15.0,1.0,79.0,44.0,1.0,3.0,3.0,-4075.0,-89.0,-245.0,-792.0,-189.0,-41.0,-4071.0,-3.0,-3.0,-152.0,2.0,-10.0,2.0
-1.0,2.0,27.0,1.0,47.0,17.0,-1.0,-1.0,0.0,0.0,-7.0,5.0,1.0,4.0,-6.0,11.0,0.0,-17.0,-1.0,20.0,4.0,-123.0,-26.0,-1.0,5.0,3.0,-5080.0,-50.0,33.0,-1404.0,23.0,11.0,-5357.0,5.0,0.0,-104.0,2.0,-27.0,1.0
8.0,-4.0,7.0,-2.0,31.0,13.0,8.0,-2.0,1.0,-2.0,12.0,-1.0,1.0,21.0,3.0,5.0,1.0,-51.0,-31.0,-80.0,1.0,-171.0,-125.0,-2.0,4.0,4.0,725.0,52.0,-5.0,225.0,-134.0,-10.0,440.0,-12.0,4.0,169.0,1.0,-6.0,-3.0
9.0,-9.0,-10.0,-4.0,68.0,43.0,14.0,-2.0,0.0,2.0,5.0,3.0,2.0,3.0,7.0,-31.0,-9.0,-18.0,46.0,50.0,-1.0,-173.0,-16.0,0.0,-4.0,-2.0,2809.0,34.0,-245.0,466.0,-350.0,-18.0,2306.0,9.0,-2.0,44.0,-2.0,-12.0,4.0
-8.0,4.0,-8.0,2.0,55.0,-13.0,-5.0,-11.0,-5.0,-1.0,-22.0,-1.0,3.0,4.0,-6.0,8.0,0.0,-16.0,142.0,-70.0,6.0,-120.0,-188.0,-1.0,-2.0,-1.0,-620.0,61.0,134.0,179.0,-172.0,0.0,-352.0,-2.0,3.0,18.0,-1.0,-9.0,-14.0
0.0,1.0,-4.0,-4.0,-44.0,13.0,-7.0,-3.0,3.0,-3.0,4.0,-1.0,0.0,-28.0,-4.0,11.0,0.0,-18.0,147.0,-32.0,8.0,-157.0,-152.0,-1.0,0.0,-1.0,197.0,59.0,-26.0,-50.0,-27.0,15.0,385.0,2.0,0.0,13.0,1.0,32.0,-6.0
-7.0,0.0,16.0,2.0,-103.0,-57.0,-15.0,-4.0,0.0,-2.0,-13.0,2.0,-2.0,0.0,-2.0,2.0,0.0,35.0,96.0,105.0,1.0,296.0,203.0,0.0,4.0,3.0,-4511.0,-2.0,-24.0,-991.0,185.0,31.0,-3874.0,1.0,4.0,-169.0,0.0,-28.0,-11.0
7.0,-5.0,14.0,2.0,295.0,130.0,13.0,-2.0,0.0,0.0,27.0,2.0,1.0,8.0,1.0,-7.0,-10.0,-46.0,176.0,43.0,1.0,-1029.0,-482.0,-2.0,-1.0,-3.0,7935.0,135.0,-173.0,1187.0,146.0,87.0,7340.0,4.0,6.0,111.0,0.0,2.0,-6.0
-3.0,1.0,7.0,-1.0,-209.0,-66.0,-22.0,0.0,0.0,3.0,-8.0,6.0,0.0,-52.0,0.0,6.0,0.0,86.0,147.0,96.0,2.0,438.0,235.0,-1.0,0.0,-1.0,-4884.0,-60.0,-125.0,-832.0,-239.0,-128.0,-4680.0,-27.0,6.0,-17.0,0.0,43.0,7.0
-3.0,0.0,-2.0,-1.0,20.0,9.0,0.0,-4.0,-1.0,-2.0,-4.0,-4.0,-1.0,24.0,1.0,4.0,9.0,10.0,-118.0,-71.0,-2.0,-150.0,-80.0,-2.0,4.0,3.0,2436.0,-29.0,182.0,604.0,389.0,39.0,2549.0,-8.0,0.0,55.0,1.0,28.0,12.0
-5.0,3.0,17.0,-1.0,-181.0,-66.0,0.0,4.0,1.0,0.0,-10.0,-6.0,-4.0,23.0,-2.0,-1.0,2.0,23.0,-99.0,-109.0,-6.0,85.0,-6.0,2.0,3.0,0.0,-4501.0,-97.0,-275.0,-836.0,31.0,-99.0,-5055.0,-19.0,-4.0,-52.0,2.0,29.0,13.0
15.0,-12.0,3.0,0.0,102.0,76.0,4.0,7.0,8.0,0.0,39.0,5.0,-1.0,-39.0,10.0,-19.0,-4.0,-29.0,18.0,120.0,0.0,205.0,228.0,0.0,-6.0,-5.0,5493.0,34.0,413.0,671.0,235.0,67.0,5908.0,30.0,-4.0,102.0,-1.0,-23.0,7.0
-16.0,10.0,-11.0,-3.0,-266.0,-105.0,-7.0,-3.0,-2.0,0.0,-37.0,-12.0,-5.0,-18.0,-3.0,22.0,-1.0,35.0,-52.0,15.0,-3.0,118.0,-86.0,0.0,0.0,-1.0,-68.0,-216.0,387.0,789.0,-122.0,-68.0,-320.0,-29.0,-3.0,38.0,1.0,30.0,1.0
1.0,-2.0,-9.0,0.0,-5.0,2.0,-6.0,9.0,-3.0,0.0,18.0,-8.0,2.0,3.0,-5.0,4.0,0.0,28.0,-110.0,-37.0,-1.0,526.0,354.0,0.0,-1.0,1.0,-550.0,-4.0,276.0,98.0,119.0,-47.0,-113.0,-11.0,6.0,-35.0,-2.0,14.0,-3.0
2.0,-1.0,-3.0,2.0,148.0,82.0,-4.0,3.0,0.0,-1.0,20.0,-2.0,5.0,-9.0,-2.0,-2.0,-1.0,-50.0,-16.0,7.0,17.0,-221.0,-64.0,5.0,-5.0,-4.0,5961.0,197.0,-465.0,370.0,166.0,91.0,6128.0,47.0,-9.0,-5.0,-1.0,-7.0,4.0
-1.0,2.0,-7.0,3.0,147.0,43.0,21.0,-1.0,-4.0,1.0,-2.0,-1.0,2.0,12.0,0.0,0.0,-2.0,-37.0,-112.0,104.0,-1.0,-410.0,-190.0,0.0,1.0,3.0,3734.0,38.0,212.0,883.0,226.0,129.0,3744.0,23.0,0.0,-47.0,-1.0,-35.0,-6.0
2.0,-1.0,14.0,-2.0,69.0,50.0,10.0,0.0,-2.0,1.0,6.0,-2.0,2.0,18.0,-3.0,0.0,0.0,-5.0,65.0,-40.0,0.0,-43.0,40.0,0.0,0.0,2.0,-3126.0,-41.0,-117.0,-722.0,-72.0,-14.0,-3409.0,2.0,1.0,-49.0,-2.0,0.0,4.0
-2.0,0.0,19.0,2.0,-25.0,-5.0,0.0,-3.0,4.0,-1.0,-6.0,3.0,-1.0,-57.0,-2.0,10.0,-4.0,-38.0,22.0,46.0,1.0,-35.0,-108.0,-1.0,-1.0,-3.0,1024.0,-14.0,378.0,228.0,-39.0,0.0,738.0,7.0,-4.0,-5.0,2.0,-18.0,4.0
-23.0,18.0,13.0,3.0,-173.0,-91.0,-7.0,-7.0,-6.0,-2.0,-37.0,-12.0,-1.0,-7.0,-16.0,49.0,9.0,21.0,24.0,-184.0,-2.0,13.0,-254.0,0.0,4.0,3.0,-5324.0,-73.0,60.0,-227.0,-19.0,-74.0,-5528.0,-35.0,3.0,-96.0,1.0,44.0,-4.0
7.0,-4.0,9.0,-1.0,-25.0,-10.0,12.0,-9.0,0.0,2.0,-3.0,7.0,0.0,23.0,12.0,-15.0,1.0,-14.0,153.0,52.0,2.0,-464.0,-292.0,-1.0,2.0,2.0,-527.0,46.0,-300.0,-36.0,-133.0,6.0,-620.0,-3.0,3.0,213.0,0.0,3.0,3.0
-3.0,8.0,6.0,1.0,-5.0,2.0,-1.0,5.0,3.0,-3.0,9.0,-6.0,-1.0,-18.0,-9.0,32.0,0.0,-45.0,64.0,-134.0,-1.0,170.0,-25.0,2.0,-2.0,-1.0,-1489.0,14.0,-68.0,-225.0,-254.0,-15.0,-1734.0,-2.0,-2.0,-53.0,0.0,-12.0,-16.0
10.0,-5.0,-23.0,1.0,67.0,26.0,1.0,-2.0,3.0,1.0,13.0,15.0,4.0,15.0,7.0,-17.0,0.0,0.0,-6.0,-4.0,1.0,49.0,48.0,1.0,-3.0,-2.0,2097.0,163.0,-287.0,51.0,-129.0,16.0,2344.0,28.0,-4.0,-91.0,1.0,-31.0,4.0
9.0,-6.0,-17.0,1.0,325.0,136.0,5.0,-9.0,0.0,1.0,19.0,11.0,4.0,31.0,5.0,-12.0,-11.0,-35.0,255.0,78.0,8.0,-865.0,-398.0,-2.0,-6.0,-6.0,8733.0,141.0,129.0,1245.0,20.0,113.0,8825.0,29.0,2.0,79.0,0.0,-40.0,-11.0
-6.0,2.0,-4.0,-2.0,-117.0,-72.0,-3.0,0.0,3.0,-1.0,-22.0,-2.0,-8.0,28.0,-1.0,-9.0,2.0,52.0,12.0,-127.0,-19.0,364.0,144.0,-2.0,0.0,-2.0,-5536.0,-227.0,383.0,-646.0,-19.0,-82.0,-5632.0,-31.0,-1.0,-100.0,1.0,5.0,-2.0
-4.0,7.0,1.0,4.0,-128.0,-57.0,-18.0,2.0,1.0,1.0,-4.0,0.0,-3.0,-45.0,-5.0,26.0,0.0,79.0,42.0,36.0,-4.0,692.0,435.0,-1.0,-2.0,-1.0,-5414.0,-63.0,-111.0,-986.0,-307.0,-114.0,-5141.0,-43.0,6.0,-11.0,-1.0,4.0,3.0
-2.0,1.0,31.0,1.0,-30.0,-6.0,8.0,7.0,0.0,-1.0,8.0,-9.0,-3.0,-23.0,-4.0,5.0,1.0,-11.0,-79.0,-35.0,-7.0,-164.0,-84.0,0.0,5.0,3.0,-798.0,-6.0,-302.0,-58.0,126.0,-26.0,-1485.0,-25.0,4.0,32.0,0.0,42.0,5.0
14.0,-4.0,-6.0,2.0,199.0,98.0,6.0,6.0,-1.0,2.0,35.0,2.0,8.0,3.0,4.0,-4.0,0.0,-83.0,-135.0,-23.0,21.0,-535.0,-271.0,3.0,-3.0,-3.0,7441.0,232.0,-315.0,741.0,62.0,44.0,7321.0,35.0,-5.0,287.0,1.0,11.0,12.0
2.0,-1.0,-16.0,0.0,42.0,20.0,-2.0,-6.0,1.0,-2.0,-1.0,-1.0,-2.0,-3.0,0.0,-1.0,0.0,20.0,-22.0,42.0,3.0,-73.0,73.0,-3.0,0.0,0.0,1156.0,42.0,56.0,21.0,159.0,44.0,1658.0,-12.0,2.0,72.0,0.0,5.0,6.0
3.0,-3.0,-14.0,2.0,148.0,45.0,20.0,2.0,-4.0,1.0,11.0,-6.0,1.0,57.0,4.0,-22.0,0.0,-21.0,-73.0,-1.0,-2.0,-205.0,-48.0,2.0,-3.0,0.0,3082.0,50.0,106.0,669.0,359.0,97.0,3507.0,25.0,-1.0,26.0,-3.0,-20.0,-4.0
7.0,-8.0,-6.0,-1.0,41.0,12.0,-3.0,6.0,-1.0,1.0,10.0,2.0,3.0,-8.0,-1.0,-16.0,-9.0,-2.0,-130.0,73.0,2.0,273.0,272.0,-1.0,0.0,0.0,305.0,21.0,181.0,-118.0,-136.0,-40.0,245.0,1.0,3.0,-46.0,0.0,-25.0,-2.0
1.0,-6.0,6.0,-5.0,-81.0,-9.0,-4.0,-2.0,-1.0,2.0,-4.0,6.0,3.0,-7.0,5.0,-20.0,0.0,7.0,105.0,60.0,6.0,-254.0,-200.0,0.0,2.0,0.0,530.0,3.0,-14.0,154.0,68.0,-14.0,461.0,16.0,0.0,-6.0,1.0,39.0,4.0
-3.0,3.0,-20.0,0.0,-48.0,-19.0,2.0,-2.0,0.0,0.0,-6.0,0.0,0.0,-49.0,2.0,11.0,-2.0,1.0,-38.0,85.0,-3.0,-82.0,-116.0,-1.0,-1.0,0.0,5732.0,38.0,73.0,1618.0,-156.0,21.0,5594.0,-7.0,1.0,31.0,0.0,12.0,-3.0
-17.0,10.0,9.0,-3.0,-362.0,-156.0,-14.0,4.0,-3.0,-1.0,-40.0,-17.0,-5.0,-23.0,-8.0,24.0,10.0,46.0,-170.0,-39.0,-2.0,980.0,434.0,1.0,4.0,5.0,-10032.0,-298.0,460.0,-1238.0,-17.0,-103.0,-9684.0,-32.0,-2.0,-20.0,-1.0,29.0,2.0
-6.0,6.0,-19.0,-1.0,55.0,13.0,-6.0,3.0,-1.0,-1.0,-9.0,-2.0,-1.0,31.0,-5.0,1.0,3.0,24.0,-65.0,-61.0,-2.0,-27.0,46.0,2.0,0.0,0.0,53.0,-28.0,-354.0,-290.0,53.0,41.0,-5.0,7.0,-5.0,-173.0,0.0,1.0,-4.0
14.0,-9.0,-3.0,1.0,105.0,48.0,-7.0,9.0,6.0,0.0,32.0,9.0,-1.0,4.0,9.0,-18.0,0.0,-3.0,-70.0,134.0,3.0,160.0,270.0,0.0,0.0,-1.0,2515.0,39.0,185.0,-239.0,369.0,92.0,3222.0,26.0,-1.0,52.0,1.0,-32.0,0.0
-11.0,4.0,-4.0,-2.0,-233.0,-86.0,-11.0,-9.0,-1.0,0.0,-31.0,3.0,-1.0,15.0,-1.0,7.0,-1.0,65.0,103.0,76.0,-1.0,420.0,205.0,1.0,1.0,2.0,-5608.0,-96.0,-41.0,-873.0,-138.0,-35.0,-5259.0,2.0,-2.0,-271.0,0.0,-29.0,-2.0
2.0,-5.0,12.0,1.0,-24.0,-3.0,-1.0,0.0,4.0,-1.0,7.0,-2.0,-2.0,-12.0,2.0,-12.0,-2.0,-22.0,61.0,-59.0,0.0,170.0,34.0,1.0,-5.0,-6.0,372.0,-2.0,272.0,14.0,94.0,-32.0,501.0,9.0,-5.0,68.0,0.0,-3.0,6.0
2.0,-1.0,-4.0,-3.0,27.0,31.0,17.0,-8.0,1.0,1.0,-5.0,1.0,-1.0,11.0,8.0,-15.0,0.0,-16.0,176.0,-23.0,-3.0,-446.0,-288.0,1.0,-4.0,-2.0,2504.0,13.0,-426.0,584.0,-214.0,22.0,2061.0,8.0,-5.0,90.0,-2.0,13.0,6.0
17.0,-10.0,-9.0,1.0,280.0,109.0,10.0,2.0,6.0,-4.0,41.0,7.0,3.0,9.0,5.0,-17.0,1.0,-83.0,-21.0,-130.0,-1.0,-228.0,-75.0,0.0,-2.0,-1.0,6950.0,276.0,-401.0,778.0,-21.0,88.0,6850.0,26.0,-2.0,57.0,0.0,-26.0,-5.0
-11.0,11.0,-10.0,5.0,-98.0,-86.0,0.0,1.0,0.0,1.0,-28.0,-3.0,-9.0,-5.0,-6.0,17.0,0.0,94.0,-58.0,13.0,-24.0,646.0,389.0,-3.0,-1.0,0.0,-7216.0,-252.0,484.0,-749.0,-100.0,-67.0,-7029.0,-51.0,5.0,-158.0,-1.0,-26.0,-5.0
0.0,2.0,7.0,1.0,143.0,68.0,6.0,-8.0,1.0,1.0,-4.0,10.0,1.0,9.0,-1.0,9.0,-11.0,-28.0,117.0,74.0,3.0,-985.0,-546.0,-2.0,1.0,-3.0,4884.0,32.0,-40.0,623.0,-82.0,46.0,4007.0,8.0,-1.0,-46.0,4.0,-26.0,0.0
-5.0,1.0,14.0,-1.0,-22.0,-11.0,2.0,2.0,-2.0,0.0,-3.0,-3.0,1.0,27.0,1.0,5.0,9.0,-10.0,-96.0,-113.0,-5.0,-77.0,-153.0,1.0,4.0,3.0,1280.0,-71.0,126.0,583.0,230.0,-5.0,891.0,4.0,-2.0,-17.0,1.0,23.0,6.0
5.0,-3.0,14.0,-3.0,-178.0,-53.0,-14.0,-2.0,1.0,1.0,4.0,5.0,1.0,-31.0,3.0,11.0,1.0,35.0,116.0,16.0,3.0,267.0,110.0,-3.0,4.0,3.0,-4159.0,-8.0,-130.0,-607.0,-373.0,-138.0,-4240.0,-39.0,10.0,152.0,1.0,37.0,4.0
8.0,-6.0,3.0,1.0,229.0,85.0,-2.0,-2.0,-1.0,0.0,16.0,6.0,4.0,26.0,0.0,-10.0,0.0,-24.0,137.0,24.0,9.0,-3.0,122.0,-1.0,-2.0,0.0,-1231.0,59.0,202.0,-782.0,125.0,78.0,-539.0,26.0,3.0,21.0,-2.0,-41.0,-10.0
-20.0,18.0,15.0,4.0,-193.0,-100.0,-7.0,-3.0,-5.0,0.0,-33.0,-8.0,0.0,-31.0,-17.0,45.0,0.0,11.0,142.0,-113.0,0.0,163.0,-174.0,2.0,0.0,0.0,-7760.0,-44.0,-122.0,-831.0,-408.0,-113.0,-8077.0,-27.0,3.0,-151.0,0.0,16.0,-16.0
-7.0,4.0,-27.0,0.0,-17.0,-9.0,-5.0,1.0,3.0,-2.0,-8.0,-4.0,-3.0,-30.0,-1.0,0.0,-1.0,3.0,-42.0,-35.0,-5.0,61.0,-36.0,2.0,-6.0,-6.0,6157.0,8.0,-9.0,1342.0,-9.0,30.0,6090.0,9.0,-9.0,-74.0,0.0,10.0,-1.0
-9.0,6.0,17.0,1.0,-243.0,-89.0,-1.0,3.0,-3.0,4.0,-20.0,-1.0,-2.0,-17.0,-2.0,5.0,0.0,72.0,-64.0,91.0,-5.0,113.0,39.0,1.0,4.0,2.0,-5651.0,-119.0,-188.0,-785.0,18.0,-98.0,-5991.0,-23.0,2.0,-116.0,1.0,37.0,14.0
-4.0,8.0,-4.0,5.0,-46.0,-32.0,-16.0,0.0,2.0,-2.0,-2.0,0.0,-3.0,-30.0,-8.0,26.0,0.0,28.0,50.0,63.0,6.0,250.0,169.0,-1.0,0.0,-1.0,-4089.0,37.0,119.0,-1049.0,120.0,23.0,-3197.0,-13.0,4.0,-27.0,1.0,-11.0,-10.0
7.0,-7.0,7.0,1.0,152.0,62.0,7.0,6.0,-1.0,-1.0,31.0,-8.0,0.0,-1.0,2.0,-16.0,1.0,-18.0,59.0,-31.0,-2.0,-44.0,64.0,0.0,-2.0,0.0,3051.0,103.0,-133.0,564.0,228.0,41.0,3333.0,-4.0,7.0,157.0,-4.0,28.0,-6.0
7.0,0.0,-17.0,3.0,229.0,69.0,24.0,5.0,-2.0,2.0,11.0,-1.0,2.0,43.0,3.0,-13.0,0.0,-68.0,-235.0,-46.0,1.0,-581.0,-317.0,1.0,-2.0,-2.0,5639.0,43.0,280.0,978.0,269.0,91.0,5433.0,27.0,-6.0,140.0,1.0,-19.0,4.0
-3.0,3.0,-2.0,1.0,-6.0,0.0,-5.0,6.0,-3.0,0.0,5.0,-3.0,3.0,-42.0,-9.0,26.0,-2.0,12.0,-149.0,68.0,0.0,321.0,212.0,-2.0,3.0,4.0,102.0,-16.0,382.0,312.0,-14.0,-15.0,124.0,-13.0,7.0,-108.0,0.0,-1.0,-5.0
5.0,-6.0,-18.0,-4.0,91.0,24.0,3.0,-4.0,-3.0,0.0,-6.0,3.0,1.0,70.0,7.0,-26.0,4.0,18.0,-160.0,-7.0,0.0,-368.0,-54.0,-2.0,6.0,5.0,2267.0,10.0,-291.0,160.0,173.0,46.0,2169.0,-3.0,1.0,49.0,1.0,7.0,9.0
6.0,-8.0,-4.0,-2.0,-97.0,-58.0,-3.0,5.0,1.0,0.0,-4.0,0.0,0.0,-20.0,5.0,-29.0,2.0,-2.0,-137.0,36.0,0.0,732.0,464.0,1.0,0.0,2.0,-4029.0,-7.0,-55.0,-839.0,-173.0,-39.0,-3649.0,4.0,-2.0,35.0,-2.0,-13.0,1.0
18.0,-16.0,-3.0,-8.0,107.0,93.0,2.0,6.0,7.0,-1.0,38.0,8.0,2.0,6.0,13.0,-33.0,0.0,-49.0,27.0,39.0,5.0,-247.0,-51.0,0.0,0.0,-1.0,6801.0,61.0,40.0,760.0,222.0,84.0,6804.0,41.0,-5.0,92.0,1.0,11.0,4.0
-7.0,5.0,13.0,-1.0,-101.0,-14.0,-6.0,-1.0,-5.0,1.0,-9.0,-10.0,3.0,3.0,-4.0,20.0,-1.0,-18.0,-26.0,57.0,19.0,-164.0,-114.0,3.0,1.0,1.0,-264.0,-27.0,-69.0,-183.0,53.0,-7.0,-282.0,9.0,-3.0,107.0,0.0,13.0,6.0
4.0,-3.0,0.0,-2.0,62.0,23.0,1.0,1.0,4.0,-4.0,10.0,-5.0,-2.0,40.0,0.0,-6.0,2.0,-49.0,-35.0,-200.0,-1.0,-28.0,-45.0,1.0,-1.0,-2.0,1150.0,22.0,-87.0,-51.0,13.0,-1.0,936.0,4.0,-6.0,64.0,1.0,-8.0,-1.0
9.0,-11.0,17.0,-3.0,-6.0,-9.0,11.0,-1.0,-3.0,3.0,4.0,6.0,4.0,42.0,12.0,-26.0,1.0,-26.0,-73.0,12.0,-1.0,-268.0,-173.0,-1.0,6.0,5.0,1058.0,-4.0,7.0,429.0,-39.0,-39.0,516.0,2.0,4.0,150.0,1.0,1.0,7.0
8.0,-6.0,-15.0,0.0,187.0,66.0,5.0,-10.0,2.0,0.0,5.0,9.0,1.0,19.0,11.0,-25.0,0.0,-35.0,248.0,41.0,6.0,-406.0,-206.0,0.0,-6.0,-4.0,4399.0,113.0,-107.0,524.0,-17.0,114.0,4931.0,32.0,-3.0,160.0,-2.0,-28.0,-8.0
-4.0,-1.0,10.0,0.0,62.0,44.0,2.0,-11.0,-1.0,0.0,-4.0,5.0,0.0,23.0,0.0,0.0,-11.0,19.0,279.0,119.0,0.0,-609.0,-277.0,-1.0,0.0,-1.0,2327.0,39.0,-214.0,314.0,8.0,52.0,2081.0,6.0,4.0,-160.0,0.0,-27.0,-8.0
-4.0,4.0,-20.0,-4.0,-130.0,-29.0,4.0,-5.0,-1.0,2.0,-18.0,1.0,1.0,15.0,1.0,5.0,-1.0,30.0,7.0,-29.0,-2.0,124.0,2.0,1.0,-3.0,-1.0,-1097.0,-94.0,-17.0,118.0,-323.0,-66.0,-1385.0,1.0,-6.0,-102.0,0.0,-1.0,9.0
-6.0,9.0,13.0,0.0,-214.0,-64.0,-23.0,5.0,3.0,0.0,1.0,0.0,-1.0,-70.0,-9.0,38.0,0.0,41.0,211.0,-38.0,1.0,608.0,210.0,1.0,-2.0,-2.0,-6373.0,-46.0,-193.0,-1057.0,-493.0,-143.0,-6414.0,-29.0,4.0,-70.0,0.0,31.0,-9.0
15.0,-12.0,3.0,4.0,194.0,83.0,8.0,1.0,6.0,-1.0,38.0,10.0,3.0,-43.0,7.0,-23.0,-3.0,-56.0,75.0,11.0,0.0,-30.0,4.0,0.0,-6.0,-5.0,6172.0,252.0,-42.0,843.0,60.0,57.0,6415.0,31.0,-1.0,61.0,-1.0,-21.0,2.0
-17.0,12.0,16.0,2.0,-127.0,-81.0,-4.0,-10.0,-4.0,-1.0,-45.0,-2.0,0.0,-18.0,-12.0,29.0,0.0,-9.0,4.0,-74.0,1.0,-240.0,-336.0,-1.0,5.0,2.0,-4469.0,-48.0,-35.0,-443.0,-274.0,-67.0,-5170.0,-23.0,0.0,-107.0,3.0,5.0,-3.0
-16.0,13.0,0.0,0.0,-164.0,-84.0,-5.0,0.0,1.0,-2.0,-27.0,-7.0,-8.0,-6.0,-9.0,33.0,9.0,66.0,-7.0,-132.0,-21.0,412.0,84.0,-3.0,3.0,2.0,-5739.0,-264.0,584.0,-216.0,103.0,-57.0,-5753.0,-45.0,3.0,-162.0,1.0,29.0,-5.0
-2.0,6.0,14.0,7.0,67.0,5.0,1.0,3.0,-3.0,2.0,0.0,-1.0,-1.0,16.0,-7.0,15.0,0.0,41.0,-32.0,55.0,-2.0,364.0,361.0,0.0,0.0,2.0,-7412.0,-63.0,28.0,-1721.0,75.0,-6.0,-6991.0,-13.0,5.0,-89.0,-2.0,-43.0,0.0
-16.0,10.0,7.0,-2.0,-224.0,-86.0,-14.0,5.0,-5.0,0.0,-26.0,-15.0,-2.0,-11.0,-14.0,37.0,-1.0,46.0,-163.0,-2.0,0.0,521.0,242.0,-1.0,4.0,3.0,-5698.0,-270.0,696.0,-517.0,20.0,-104.0,-5790.0,-35.0,3.0,-101.0,1.0,17.0,-1.0
6.0,-8.0,-4.0,0.0,-15.0,-11.0,1.0,-1.0,-2.0,5.0,-5.0,10.0,2.0,-6.0,8.0,-36.0,-9.0,35.0,54.0,205.0,3.0,-20.0,105.0,0.0,-2.0,-2.0,-947.0,15.0,-114.0,-379.0,-135.0,-24.0,-815.0,10.0,2.0,-2.0,-1.0,-16.0,4.0
4.0,-8.0,-26.0,-3.0,19.0,2.0,4.0,-6.0,1.0,-1.0,-5.0,1.0,-1.0,9.0,11.0,-27.0,0.0,-3.0,-137.0,19.0,-3.0,-280.0,-136.0,-2.0,0.0,-1.0,8371.0,46.0,54.0,1792.0,111.0,35.0,8264.0,-1.0,-3.0,148.0,1.0,16.0,12.0
3.0,-4.0,-6.0,-8.0,5.0,17.0,-2.0,-1.0,-1.0,-1.0,-1.0,3.0,3.0,45.0,3.0,-14.0,4.0,-20.0,9.0,-81.0,5.0,-452.0,-279.0,0.0,6.0,4.0,1308.0,27.0,-373.0,89.0,-13.0,17.0,896.0,11.0,-1.0,-10.0,2.0,34.0,-3.0
21.0,-9.0,-19.0,-1.0,208.0,105.0,8.0,13.0,6.0,2.0,45.0,7.0,1.0,4.0,11.0,-20.0,0.0,-38.0,-166.0,29.0,2.0,-136.0,67.0,0.0,-4.0,-4.0,7026.0,41.0,209.0,752.0,184.0,61.0,7096.0,25.0,-5.0,221.0,1.0,-4.0,11.0
10.0,-7.0,-3.0,1.0,118.0,74.0,2.0,3.0,-3.0,1.0,35.0,-3.0,7.0,17.0,5.0,-13.0,0.0,-36.0,27.0,22.0,18.0,-159.0,-2.0,4.0,-4.0,-1.0,4884.0,239.0,-489.0,432.0,152.0,50.0,5395.0,33.0,0.0,173.0,-3.0,10.0,4.0
3.0,0.0,-10.0,0.0,-34.0,12.0,-5.0,-3.0,-2.0,2.0,4.0,5.0,7.0,18.0,3.0,3.0,-1.0,-18.0,-32.0,53.0,20.0,-115.0,-66.0,4.0,-2.0,-1.0,1833.0,136.0,-356.0,-132.0,-76.0,9.0,2062.0,37.0,-7.0,16.0,1.0,-18.0,10.0
-4.0,-1.0,10.0,-2.0,-20.0,-3.0,-2.0,-5.0,2.0,-5.0,-3.0,-5.0,-2.0,9.0,-3.0,7.0,0.0,-18.0,88.0,-50.0,-3.0,143.0,82.0,0.0,2.0,3.0,-755.0,17.0,-155.0,-146.0,-30.0,37.0,-753.0,0.0,0.0,-123.0,-1.0,-24.0,-11.0
-4.0,8.0,8.0,2.0,-61.0,-21.0,3.0,-2.0,2.0,1.0,-6.0,2.0,-2.0,-16.0,0.0,12.0,0.0,-8.0,248.0,-2.0,0.0,-123.0,-192.0,3.0,-4.0,-3.0,-2741.0,8.0,-363.0,-486.0,-253.0,1.0,-2794.0,7.0,-3.0,-9.0,-1.0,-3.0,-10.0
-2.0,7.0,10.0,3.0,23.0,18.0,-6.0,0.0,0.0,-1.0,4.0,-2.0,-1.0,-12.0,-11.0,26.0,0.0,23.0,115.0,23.0,6.0,207.0,209.0,-1.0,0.0,1.0,-7215.0,-4.0,2.0,-1771.0,48.0,9.0,-6606.0,-11.0,5.0,-76.0,-1.0,-11.0,-6.0
3.0,-3.0,-13.0,-3.0,22.0,33.0,11.0,1.0,-2.0,1.0,13.0,-7.0,1.0,14.0,3.0,-11.0,0.0,12.0,66.0,-60.0,-4.0,80.0,66.0,1.0,-5.0,-1.0,1954.0,9.0,-150.0,682.0,-95.0,-25.0,1948.0,-3.0,1.0,55.0,-4.0,27.0,3.0
8.0,-4.0,7.0,0.0,113.0,60.0,12.0,-8.0,-2.0,3.0,11.0,9.0,3.0,35.0,6.0,-2.0,-10.0,-14.0,160.0,89.0,4.0,-923.0,-484.0,-3.0,2.0,0.0,3807.0,74.0,-64.0,685.0,-96.0,5.0,3274.0,-6.0,8.0,132.0,2.0,-9.0,0.0
-10.0,12.0,11.0,6.0,-162.0,-80.0,3.0,5.0,-2.0,2.0,-16.0,-7.0,-5.0,-10.0,-7.0,25.0,0.0,65.0,-169.0,31.0,-11.0,367.0,239.0,1.0,2.0,2.0,-6181.0,-122.0,-174.0,-939.0,-50.0,-84.0,-6452.0,-39.0,2.0,-110.0,0.0,-2.0,10.0
13.0,-7.0,-9.0,-1.0,126.0,79.0,5.0,7.0,4.0,1.0,32.0,7.0,1.0,-27.0,8.0,-7.0,-2.0,-7.0,-43.0,179.0,0.0,35.0,194.0,-1.0,-1.0,1.0,5121.0,36.0,141.0,657.0,141.0,99.0,5407.0,21.0,1.0,34.0,-1.0,-20.0,1.0
1.0,-3.0,5.0,4.0,123.0,40.0,20.0,-1.0,0.0,0.0,5.0,-3.0,0.0,0.0,2.0,-12.0,-4.0,-59.0,-51.0,45.0,-1.0,-240.0,-156.0,1.0,-4.0,-3.0,4106.0,36.0,484.0,897.0,320.0,97.0,4245.0,32.0,-5.0,21.0,-1.0,-38.0,0.0
-23.0,18.0,13.0,-1.0,-265.0,-98.0,-11.0,-1.0,-4.0,-1.0,-36.0,-17.0,-5.0,-3.0,-13.0,53.0,8.0,48.0,-33.0,-75.0,-2.0,248.0,-30.0,0.0,4.0,3.0,-6003.0,-291.0,515.0,-399.0,156.0,-64.0,-6035.0,-36.0,0.0,-55.0,1.0,42.0,1.0
-3.0,-8.0,20.0,-3.0,-57.0,-25.0,1.0,-4.0,-2.0,0.0,-11.0,2.0,1.0,30.0,6.0,-24.0,0.0,7.0,46.0,42.0,-5.0,46.0,34.0,1.0,4.0,4.0,-422.0,-39.0,-143.0,58.0,65.0,8.0,-677.0,14.0,0.0,-142.0,-1.0,-17.0,-1.0
1.0,-2.0,6.0,2.0,-21.0,-31.0,-12.0,2.0,2.0,-1.0,0.0,2.0,-2.0,31.0,1.0,-11.0,2.0,4.0,-27.0,-45.0,3.0,125.0,76.0,1.0,1.0,-2.0,-2606.0,3.0,44.0,-896.0,228.0,-7.0,-2185.0,5.0,-2.0,18.0,2.0,-12.0,-1.0
-10.0,5.0,-4.0,-2.0,-261.0,-142.0,-8.0,5.0,2.0,-2.0,-31.0,-7.0,-8.0,-26.0,-4.0,4.0,11.0,64.0,-144.0,-96.0,-21.0,1144.0,548.0,-2.0,3.0,4.0,-9768.0,-271.0,529.0,-1055.0,-70.0,-96.0,-9402.0,-41.0,1.0,-127.0,-1.0,16.0,-4.0
1.0,-7.0,10.0,-1.0,-37.0,-22.0,3.0,1.0,-4.0,5.0,-8.0,7.0,3.0,21.0,9.0,-31.0,0.0,25.0,-42.0,92.0,-2.0,-97.0,-48.0,1.0,2.0,1.0,333.0,-56.0,12.0,204.0,95.0,-29.0,76.0,14.0,0.0,-19.0,0.0,7.0,10.0
7.0,-8.0,-24.0,-2.0,-1.0,-7.0,4.0,-2.0,2.0,1.0,-1.0,5.0,0.0,-15.0,10.0,-31.0,-9.0,-13.0,-19.0,90.0,-1.0,-130.0,-56.0,0.0,-4.0,-4.0,5935.0,75.0,-128.0,1188.0,-278.0,-4.0,5715.0,7.0,-3.0,93.0,0.0,-12.0,0.0
6.0,3.0,-22.0,-1.0,106.0,29.0,4.0,6.0,-2.0,2.0,6.0,2.0,2.0,43.0,1.0,-1.0,4.0,-9.0,-184.0,-91.0,2.0,-341.0,-161.0,0.0,2.0,1.0,1533.0,7.0,-204.0,81.0,-51.0,-6.0,1188.0,-5.0,-1.0,119.0,2.0,19.0,4.0
-8.0,6.0,0.0,1.0,30.0,8.0,-6.0,0.0,3.0,-2.0,-15.0,1.0,-2.0,-26.0,-7.0,11.0,-1.0,-14.0,-43.0,-15.0,-1.0,-62.0,-62.0,1.0,-1.0,-3.0,1077.0,-42.0,24.0,-62.0,14.0,41.0,733.0,14.0,-9.0,-178.0,2.0,-17.0,0.0
-2.0,1.0,5.0,-2.0,-153.0,-43.0,-26.0,7.0,1.0,-1.0,7.0,-2.0,1.0,-54.0,-9.0,26.0,0.0,49.0,-37.0,-36.0,1.0,731.0,402.0,-2.0,2.0,1.0,-3632.0,-54.0,170.0,-571.0,-240.0,-144.0,-3620.0,-36.0,7.0,-61.0,1.0,34.0,1.0
8.0,-11.0,20.0,-5.0,132.0,74.0,5.0,2.0,2.0,-3.0,24.0,-2.0,2.0,-13.0,3.0,-20.0,1.0,-76.0,90.0,-66.0,4.0,-531.0,-323.0,-1.0,3.0,1.0,5383.0,116.0,-128.0,881.0,176.0,58.0,4967.0,14.0,2.0,142.0,0.0,44.0,-5.0
12.0,-14.0,-23.0,-2.0,248.0,87.0,2.0,-8.0,0.0,-1.0,11.0,7.0,3.0,35.0,11.0,-37.0,0.0,-27.0,0.0,43.0,6.0,-283.0,-14.0,-3.0,-2.0,-1.0,7140.0,105.0,256.0,1010.0,236.0,113.0,7725.0,25.0,0.0,169.0,-1.0,-25.0,2.0
0.0,0.0,0.0,4.0,92.0,7.0,4.0,-6.0,-2.0,-1.0,-1.0,5.0,4.0,-4.0,-3.0,-4.0,1.0,-27.0,57.0,-109.0,0.0,-235.0,-224.0,0.0,0.0,0.0,679.0,218.0,-455.0,172.0,-175.0,-10.0,507.0,1.0,3.0,-41.0,0.0,2.0,-5.0
0.0,0.0,-1.0,5.0,126.0,12.0,9.0,1.0,-2.0,0.0,-2.0,1.0,0.0,43.0,1.0,-11.0,0.0,-33.0,-139.0,59.0,2.0,-285.0,-114.0,1.0,2.0,1.0,1128.0,41.0,256.0,-13.0,454.0,122.0,1559.0,28.0,-2.0,-29.0,1.0,-47.0,-7.0
-4.0,3.0,0.0,0.0,-144.0,-70.0,-5.0,5.0,-1.0,-1.0,-9.0,-5.0,0.0,-54.0,-3.0,13.0,9.0,12.0,-156.0,31.0,-2.0,780.0,404.0,0.0,3.0,6.0,-4232.0,-44.0,146.0,-409.0,-51.0,-14.0,-3770.0,-10.0,2.0,-27.0,-2.0,11.0,-2.0
-1.0,-1.0,7.0,2.0,182.0,70.0,1.0,6.0,2.0,-3.0,16.0,-7.0,-2.0,-27.0,-5.0,-5.0,0.0,-32.0,16.0,-46.0,-3.0,-106.0,2.0,1.0,-3.0,-3.0,4128.0,61.0,-109.0,502.0,242.0,82.0,4066.0,10.0,-2.0,-21.0,-2.0,11.0,-6.0
-10.0,13.0,7.0,2.0,-206.0,-67.0,-4.0,2.0,1.0,-1.0,-12.0,-8.0,-5.0,-38.0,-11.0,36.0,0.0,47.0,-22.0,-1.0,-3.0,210.0,87.0,0.0,2.0,1.0,-5984.0,-63.0,-200.0,-989.0,-77.0,-69.0,-6067.0,-37.0,2.0,-97.0,1.0,30.0,4.0
9.0,-5.0,6.0,1.0,123.0,72.0,8.0,-6.0,0.0,1.0,17.0,5.0,5.0,14.0,10.0,-17.0,0.0,-64.0,137.0,59.0,19.0,-685.0,-356.0,4.0,-3.0,-2.0,5434.0,243.0,-765.0,334.0,33.0,97.0,5508.0,44.0,-6.0,208.0,-1.0,-4.0,7.0
-9.0,6.0,16.0,-3.0,-249.0,-96.0,-2.0,-4.0,-5.0,2.0,-29.0,-8.0,-2.0,12.0,-2.0,22.0,0.0,32.0,-10.0,50.0,2.0,57.0,-50.0,-2.0,6.0,5.0,-6225.0,-224.0,396.0,-553.0,-113.0,-98.0,-6410.0,-38.0,6.0,112.0,1.0,20.0,2.0
-13.0,5.0,27.0,-1.0,-263.0,-92.0,-3.0,-2.0,-1.0,-1.0,-23.0,-6.0,-4.0,-8.0,-5.0,12.0,0.0,54.0,24.0,41.0,-8.0,256.0,121.0,1.0,6.0,5.0,-6406.0,-102.0,-343.0,-931.0,-12.0,-61.0,-6744.0,-23.0,2.0,-239.0,0.0,13.0,3.0
-3.0,5.0,2.0,4.0,-49.0,-4.0,-5.0,-2.0,4.0,-2.0,5.0,-4.0,-3.0,-73.0,-7.0,25.0,-4.0,2.0,138.0,49.0,3.0,295.0,127.0,-1.0,-6.0,-5.0,-1111.0,32.0,347.0,-139.0,-14.0,-2.0,-511.0,-9.0,1.0,23.0,-1.0,-2.0,-3.0
3.0,-1.0,-6.0,-4.0,83.0,54.0,13.0,-1.0,2.0,-3.0,10.0,-7.0,0.0,9.0,-1.0,5.0,0.0,-53.0,-8.0,-155.0,-4.0,-153.0,-121.0,0.0,-2.0,0.0,3756.0,19.0,-131.0,845.0,-215.0,6.0,3121.0,-1.0,-4.0,46.0,-1.0,4.0,0.0
-1.0,6.0,-6.0,7.0,163.0,56.0,8.0,-4.0,-2.0,3.0,3.0,4.0,-1.0,21.0,-2.0,13.0,-11.0,30.0,86.0,109.0,-3.0,-498.0,-159.0,-1.0,-4.0,-4.0,2552.0,19.0,-45.0,306.0,-30.0,29.0,2373.0,-10.0,4.0,-31.0,0.0,-42.0,-1.0
-10.0,11.0,4.0,2.0,-47.0,-12.0,-2.0,0.0,-2.0,-1.0,-5.0,-5.0,0.0,-34.0,-8.0,42.0,7.0,14.0,-19.0,-5.0,-2.0,48.0,-60.0,-1.0,3.0,4.0,-203.0,-37.0,201.0,430.0,122.0,25.0,-121.0,-14.0,4.0,-62.0,0.0,24.0,-3.0
16.0,-10.0,11.0,-1.0,174.0,98.0,3.0,9.0,4.0,1.0,38.0,7.0,1.0,22.0,6.0,-18.0,0.0,-8.0,-5.0,94.0,3.0,117.0,310.0,0.0,0.0,1.0,-611.0,-2.0,68.0,-961.0,297.0,78.0,-187.0,28.0,0.0,3.0,-1.0,-32.0,4.0
-3.0,6.0,-1.0,2.0,-66.0,-19.0,-3.0,7.0,-1.0,1.0,12.0,-6.0,0.0,-13.0,-5.0,16.0,0.0,20.0,138.0,-39.0,-1.0,403.0,162.0,3.0,-5.0,-2.0,-3291.0,4.0,-87.0,-388.0,-134.0,-46.0,-2907.0,-4.0,3.0,-44.0,-3.0,11.0,-13.0
-4.0,4.0,-21.0,1.0,-4.0,-17.0,13.0,-4.0,-3.0,2.0,-20.0,2.0,1.0,58.0,2.0,-6.0,-1.0,-3.0,-132.0,30.0,0.0,-161.0,-112.0,2.0,-1.0,0.0,31.0,-53.0,239.0,105.0,131.0,56.0,174.0,29.0,-8.0,-131.0,1.0,-48.0,2.0
10.0,-13.0,8.0,-1.0,218.0,81.0,10.0,-1.0,0.0,-2.0,19.0,-2.0,0.0,12.0,7.0,-32.0,1.0,-38.0,-79.0,8.0,-1.0,-447.0,-98.0,-3.0,3.0,2.0,6342.0,99.0,-46.0,952.0,362.0,87.0,6240.0,0.0,4.0,201.0,-1.0,17.0,7.0
-4.0,1.0,-7.0,0.0,31.0,10.0,-7.0,3.0,3.0,-2.0,-2.0,-4.0,-3.0,19.0,-3.0,-11.0,1.0,2.0,-4.0,-120.0,-2.0,143.0,80.0,3.0,-5.0,-6.0,425.0,-30.0,-82.0,-276.0,147.0,9.0,496.0,16.0,-10.0,-105.0,0.0,-2.0,2.0
18.0,-16.0,-3.0,-4.0,199.0,100.0,6.0,0.0,5.0,-2.0,37.0,13.0,6.0,2.0,10.0,-37.0,1.0,-76.0,84.0,-70.0,5.0,-482.0,-275.0,0.0,0.0,-1.0,7480.0,279.0,-415.0,932.0,47.0,74.0,7311.0,42.0,-2.0,51.0,1.0,13.0,-1.0
5.0,1.0,-12.0,1.0,76.0,26.0,-2.0,12.0,-1.0,1.0,18.0,-3.0,3.0,-11.0,-6.0,13.0,0.0,-19.0,-272.0,-82.0,2.0,150.0,85.0,-1.0,0.0,-1.0,2007.0,-11.0,450.0,407.0,29.0,-53.0,1813.0,-9.0,1.0,79.0,2.0,15.0,5.0
1.0,-7.0,10.0,-3.0,-119.0,-69.0,-1.0,7.0,-1.0,0.0,-7.0,-3.0,1.0,7.0,6.0,-24.0,11.0,-12.0,-233.0,-77.0,-5.0,655.0,311.0,2.0,4.0,5.0,-2749.0,-78.0,71.0,-256.0,57.0,-44.0,-2758.0,8.0,-4.0,18.0,-1.0,10.0,7.0
-17.0,10.0,9.0,3.0,-188.0,-102.0,-6.0,-8.0,-8.0,3.0,-42.0,-2.0,1.0,-13.0,-8.0,13.0,0.0,56.0,78.0,21.0,1.0,-7.0,-149.0,0.0,2.0,1.0,-6271.0,-58.0,-54.0,-606.0,-154.0,-98.0,-6343.0,-25.0,5.0,-98.0,0.0,28.0,0.0
-2.0,1.0,-13.0,-3.0,-195.0,-62.0,-19.0,-1.0,4.0,-1.0,-4.0,1.0,-2.0,-61.0,2.0,11.0,0.0,38.0,74.0,-19.0,-2.0,328.0,74.0,-1.0,-2.0,-3.0,1998.0,0.0,-139.0,735.0,-382.0,-108.0,1850.0,-30.0,1.0,78.0,1.0,47.0,3.0
6.0,-5.0,-11.0,3.0,160.0,35.0,-12.0,-2.0,1.0,-1.0,10.0,8.0,2.0,8.0,3.0,-10.0,0.0,-19.0,72.0,64.0,9.0,40.0,82.0,-1.0,-2.0,-2.0,1895.0,100.0,319.0,-60.0,197.0,92.0,2870.0,24.0,2.0,70.0,0.0,-41.0,-14.0
-8.0,7.0,-16.0,-3.0,-93.0,-69.0,-2.0,0.0,-1.0,0.0,-29.0,0.0,-6.0,40.0,-3.0,3.0,4.0,74.0,-49.0,-68.0,-19.0,194.0,110.0,-3.0,5.0,4.0,-5908.0,-225.0,111.0,-660.0,-113.0,-50.0,-6133.0,-40.0,4.0,-168.0,1.0,8.0,-8.0
6.0,-6.0,3.0,-1.0,46.0,10.0,3.0,-3.0,2.0,1.0,-8.0,10.0,1.0,-11.0,4.0,-20.0,-9.0,-30.0,-20.0,110.0,3.0,-253.0,-82.0,-1.0,1.0,-1.0,855.0,25.0,-95.0,-216.0,-255.0,7.0,358.0,12.0,-3.0,-11.0,2.0,-39.0,1.0
12.0,-10.0,-20.0,2.0,180.0,66.0,9.0,9.0,1.0,1.0,32.0,-1.0,4.0,12.0,3.0,-17.0,0.0,-84.0,54.0,-36.0,10.0,-282.0,-115.0,-4.0,2.0,0.0,8001.0,174.0,-197.0,1095.0,83.0,81.0,8080.0,20.0,-3.0,-12.0,1.0,-21.0,-19.0
1.0,3.0,-12.0,2.0,47.0,26.0,12.0,-3.0,5.0,-3.0,7.0,2.0,2.0,-23.0,-2.0,2.0,0.0,20.0,205.0,4.0,-1.0,128.0,232.0,-3.0,-1.0,-1.0,3537.0,-7.0,137.0,709.0,-104.0,4.0,4069.0,-6.0,2.0,59.0,1.0,21.0,5.0
-7.0,7.0,1.0,1.0,-4.0,-21.0,-2.0,-3.0,1.0,-1.0,-23.0,6.0,1.0,21.0,-3.0,9.0,0.0,17.0,-37.0,132.0,2.0,10.0,8.0,4.0,-2.0,-1.0,-6311.0,-29.0,-224.0,-1674.0,-107.0,-23.0,-5700.0,-10.0,-2.0,92.0,-1.0,5.0,12.0
-3.0,8.0,-33.0,-3.0,4.0,14.0,-3.0,3.0,1.0,1.0,6.0,3.0,1.0,8.0,-7.0,28.0,-9.0,7.0,61.0,-126.0,5.0,139.0,53.0,-4.0,-2.0,-2.0,-481.0,6.0,-134.0,-78.0,154.0,24.0,-217.0,-10.0,9.0,45.0,0.0,-44.0,31.0
-2.0,8.0,9.0,2.0,-233.0,-62.0,-4.0,4.0,0.0,-3.0,-13.0,-5.0,4.0,-10.0,-8.0,14.0,2.0,51.0,-149.0,-97.0,-1.0,165.0,222.0,2.0,1.0,1.0,-5435.0,-71.0,-144.0,-881.0,-16.0,-82.0,-6231.0,-22.0,0.0,-74.0,0.0,39.0,-8.0
2.0,-1.0,2.0,-2.0,54.0,17.0,-1.0,2.0,1.0,1.0,3.0,-5.0,-4.0,-15.0,6.0,-16.0,0.0,-11.0,-310.0,-13.0,-5.0,0.0,55.0,-4.0,-6.0,-5.0,-1665.0,-32.0,10.0,-125.0,338.0,35.0,-1645.0,5.0,-5.0,-12.0,-1.0,-65.0,-19.0
-10.0,11.0,16.0,2.0,-148.0,-67.0,-5.0,0.0,4.0,1.0,-16.0,-5.0,-4.0,7.0,-3.0,22.0,0.0,25.0,-243.0,-13.0,1.0,-11.0,-129.0,0.0,1.0,1.0,-2048.0,-17.0,257.0,-178.0,57.0,-59.0,-2150.0,3.0,-1.0,40.0,0.0,30.0,8.0
-13.0,13.0,15.0,-1.0,-126.0,-42.0,0.0,-7.0,-8.0,-1.0,-22.0,-6.0,0.0,3.0,-9.0,34.0,-6.0,31.0,188.0,6.0,-1.0,-80.0,-180.0,1.0,6.0,6.0,-498.0,2.0,40.0,-17.0,-50.0,-42.0,-786.0,-9.0,4.0,-16.0,1.0,-12.0,-1.0
14.0,-9.0,19.0,1.0,144.0,64.0,0.0,-3.0,1.0,0.0,12.0,5.0,4.0,-11.0,11.0,-26.0,1.0,2.0,-287.0,-136.0,-18.0,-207.0,-15.0,-3.0,-3.0,-1.0,3251.0,-86.0,-213.0,142.0,-57.0,60.0,2160.0,45.0,3.0,38.0,-2.0,-28.0,7.0
-12.0,2.0,2.0,2.0,72.0,-6.0,-3.0,-1.0,-2.0,0.0,-33.0,2.0,2.0,4.0,-2.0,-3.0,3.0,-17.0,78.0,-11.0,3.0,-147.0,-171.0,-2.0,2.0,2.0,-3867.0,-49.0,82.0,-456.0,27.0,39.0,-3410.0,2.0,3.0,-57.0,0.0,23.0,0.0
16.0,-15.0,6.0,2.0,232.0,84.0,-2.0,4.0,5.0,2.0,25.0,7.0,1.0,0.0,9.0,-34.0,6.0,-62.0,-56.0,108.0,-6.0,-319.0,-17.0,2.0,-3.0,-4.0,6619.0,14.0,153.0,1030.0,-146.0,51.0,6346.0,20.0,-11.0,-8.0,0.0,6.0,-8.0
-1.0,-2.0,-16.0,1.0,12.0,9.0,2.0,-2.0,-4.0,-1.0,3.0,-1.0,0.0,5.0,-1.0,-2.0,-2.0,-9.0,238.0,-42.0,-2.0,-167.0,-93.0,0.0,3.0,2.0,7361.0,53.0,114.0,1488.0,-224.0,-19.0,6972.0,4.0,6.0,-132.0,1.0,15.0,19.0
-6.0,10.0,13.0,0.0,-195.0,-66.0,-11.0,-6.0,1.0,0.0,-9.0,1.0,2.0,-3.0,-6.0,29.0,-2.0,51.0,177.0,21.0,2.0,348.0,56.0,3.0,6.0,5.0,-1582.0,4.0,-155.0,-35.0,-313.0,-80.0,-1540.0,-34.0,1.0,56.0,1.0,40.0,-3.0
17.0,-12.0,9.0,-2.0,101.0,53.0,5.0,4.0,-2.0,0.0,34.0,2.0,0.0,22.0,5.0,-17.0,1.0,-18.0,-231.0,51.0,1.0,45.0,179.0,4.0,-6.0,-3.0,2756.0,63.0,-158.0,-160.0,229.0,42.0,2520.0,31.0,-2.0,60.0,-3.0,-29.0,4.0
6.0,-7.0,1.0,-2.0,-87.0,-12.0,-2.0,9.0,0.0,4.0,18.0,-7.0,-3.0,-11.0,3.0,-2.0,0.0,-33.0,-120.0,-142.0,0.0,-217.0,-266.0,-2.0,4.0,1.0,-229.0,-3.0,194.0,253.0,154.0,2.0,-1266.0,8.0,-3.0,-66.0,2.0,-10.0,-18.0
0.0,-5.0,-23.0,0.0,16.0,-3.0,9.0,0.0,2.0,0.0,3.0,-1.0,-1.0,3.0,2.0,-13.0,0.0,-26.0,87.0,103.0,18.0,374.0,143.0,2.0,-2.0,-4.0,-1117.0,193.0,-222.0,-195.0,104.0,11.0,192.0,5.0,-2.0,59.0,2.0,15.0,-12.0
7.0,-9.0,-8.0,-2.0,175.0,71.0,2.0,-7.0,-5.0,2.0,4.0,9.0,1.0,-23.0,1.0,-11.0,-2.0,-68.0,344.0,47.0,7.0,516.0,200.0,-2.0,-3.0,-2.0,2280.0,71.0,132.0,419.0,106.0,60.0,3664.0,2.0,3.0,11.0,-1.0,-33.0,15.0
11.0,-12.0,-20.0,-1.0,93.0,38.0,-5.0,10.0,5.0,0.0,30.0,0.0,1.0,-4.0,8.0,-29.0,6.0,-11.0,26.0,-22.0,-5.0,-603.0,-138.0,1.0,-3.0,-4.0,3826.0,-32.0,-277.0,426.0,-78.0,37.0,2954.0,1.0,-4.0,-72.0,0.0,-21.0,-9.0
-12.0,7.0,36.0,-1.0,-207.0,-91.0,-4.0,-2.0,-2.0,-2.0,-32.0,-6.0,-6.0,-8.0,-2.0,8.0,9.0,65.0,-137.0,-20.0,-14.0,288.0,75.0,4.0,0.0,2.0,-8823.0,-194.0,234.0,-1241.0,-96.0,-95.0,-9032.0,-15.0,-2.0,-14.0,-1.0,60.0,-14.0
-7.0,3.0,-8.0,-1.0,79.0,1.0,3.0,3.0,1.0,1.0,2.0,3.0,-5.0,35.0,-2.0,9.0,-1.0,-4.0,34.0,112.0,-1.0,-154.0,-103.0,-1.0,3.0,3.0,-259.0,-60.0,427.0,284.0,-66.0,15.0,197.0,-25.0,-3.0,14.0,0.0,10.0,0.0
1.0,-1.0,26.0,-2.0,32.0,-2.0,-10.0,-1.0,-2.0,1.0,-5.0,0.0,0.0,8.0,3.0,-7.0,2.0,5.0,-286.0,48.0,1.0,246.0,119.0,1.0,-4.0,-1.0,-4358.0,-14.0,-221.0,-776.0,281.0,36.0,-4075.0,4.0,-3.0,47.0,-3.0,-31.0,-18.0
2.0,-3.0,-4.0,-1.0,87.0,28.0,4.0,5.0,-4.0,0.0,8.0,-2.0,-1.0,19.0,-1.0,-3.0,0.0,-21.0,115.0,-98.0,-7.0,198.0,88.0,-3.0,1.0,0.0,6834.0,27.0,72.0,1615.0,-78.0,14.0,6859.0,12.0,2.0,-62.0,1.0,-1.0,-14.0
11.0,-6.0,-5.0,1.0,268.0,107.0,10.0,-7.0,-1.0,-2.0,14.0,11.0,6.0,-20.0,-1.0,-12.0,0.0,-51.0,181.0,69.0,4.0,449.0,433.0,-2.0,-4.0,-1.0,3244.0,54.0,34.0,364.0,47.0,90.0,4480.0,1.0,1.0,79.0,-2.0,-2.0,11.0
-2.0,10.0,4.0,1.0,-127.0,-37.0,-6.0,0.0,3.0,-1.0,2.0,-4.0,1.0,0.0,-3.0,17.0,-2.0,32.0,-215.0,-22.0,-6.0,-93.0,-7.0,1.0,4.0,3.0,-1462.0,-24.0,-159.0,-148.0,-211.0,-55.0,-2363.0,-28.0,-5.0,6.0,1.0,16.0,-13.0
0.0,6.0,-12.0,-2.0,110.0,56.0,-5.0,0.0,-2.0,2.0,9.0,4.0,2.0,11.0,-7.0,28.0,-9.0,-24.0,193.0,-12.0,-2.0,-260.0,-144.0,-1.0,1.0,0.0,5640.0,22.0,59.0,935.0,-42.0,33.0,5343.0,1.0,2.0,21.0,1.0,-50.0,22.0
19.0,-15.0,3.0,0.0,160.0,85.0,7.0,2.0,3.0,2.0,39.0,-3.0,3.0,-33.0,11.0,-26.0,1.0,-63.0,-168.0,-135.0,-1.0,-295.0,-152.0,-3.0,-1.0,-2.0,6429.0,111.0,-187.0,795.0,177.0,99.0,5584.0,54.0,-2.0,62.0,1.0,-28.0,-14.0
-5.0,2.0,12.0,-3.0,142.0,27.0,3.0,-2.0,0.0,1.0,-6.0,5.0,-6.0,30.0,2.0,6.0,0.0,13.0,-110.0,47.0,-17.0,41.0,-44.0,1.0,-1.0,0.0,-1308.0,-125.0,285.0,-75.0,-157.0,24.0,-1140.0,11.0,-2.0,118.0,0.0,7.0,3.0
1.0,2.0,-1.0,1.0,95.0,33.0,2.0,-1.0,1.0,2.0,-1.0,-1.0,-4.0,-13.0,1.0,-1.0,-2.0,-62.0,-291.0,-9.0,0.0,64.0,8.0,-4.0,-4.0,-3.0,352.0,26.0,385.0,128.0,265.0,26.0,691.0,11.0,-4.0,1.0,-1.0,-27.0,13.0
-19.0,10.0,-14.0,1.0,-45.0,-46.0,-8.0,-5.0,-1.0,1.0,-32.0,-5.0,0.0,-10.0,-6.0,17.0,-1.0,-34.0,265.0,88.0,17.0,-44.0,-282.0,1.0,5.0,2.0,-2886.0,144.0,-147.0,-149.0,-45.0,-9.0,-1899.0,-24.0,-2.0,-29.0,3.0,18.0,-12.0
-2.0,-2.0,-14.0,0.0,-79.0,-24.0,-2.0,4.0,-3.0,2.0,-2.0,-2.0,-2.0,15.0,-1.0,5.0,-2.0,-25.0,81.0,-52.0,0.0,-374.0,-351.0,2.0,5.0,2.0,821.0,21.0,84.0,67.0,-177.0,-40.0,6.0,2.0,1.0,-106.0,2.0,10.0,13.0
12.0,-8.0,-1.0,3.0,81.0,38.0,0.0,2.0,2.0,0.0,20.0,3.0,5.0,-6.0,7.0,-23.0,0.0,-15.0,-143.0,-71.0,-2.0,-402.0,-74.0,-5.0,1.0,2.0,4300.0,-21.0,-71.0,501.0,34.0,51.0,3497.0,9.0,2.0,-66.0,-2.0,-25.0,4.0
-1.0,3.0,14.0,1.0,-66.0,-26.0,-1.0,0.0,3.0,0.0,-6.0,6.0,4.0,10.0,-5.0,18.0,2.0,20.0,72.0,55.0,7.0,167.0,38.0,4.0,3.0,3.0,-5696.0,-21.0,-124.0,-1363.0,-114.0,-16.0,-5327.0,-9.0,-1.0,144.0,0.0,50.0,0.0
-3.0,0.0,-15.0,-1.0,-46.0,-10.0,4.0,-3.0,1.0,1.0,-3.0,0.0,-3.0,-26.0,0.0,3.0,-2.0,3.0,368.0,-18.0,2.0,195.0,-1.0,-3.0,0.0,-2.0,2573.0,10.0,235.0,764.0,-45.0,-26.0,3253.0,-5.0,4.0,-9.0,2.0,-10.0,9.0
19.0,-15.0,-9.0,-1.0,61.0,43.0,17.0,5.0,3.0,-1.0,35.0,4.0,-1.0,13.0,8.0,-30.0,1.0,8.0,-178.0,15.0,1.0,418.0,425.0,1.0,-7.0,-6.0,1769.0,49.0,-75.0,-46.0,149.0,20.0,2091.0,29.0,0.0,88.0,-1.0,-3.0,0.0
-18.0,14.0,8.0,0.0,-126.0,-66.0,2.0,-12.0,-8.0,-3.0,-46.0,1.0,0.0,28.0,-7.0,21.0,-6.0,70.0,156.0,108.0,0.0,382.0,100.0,3.0,2.0,3.0,-4793.0,-2.0,-208.0,-865.0,-180.0,-70.0,-4018.0,-13.0,7.0,19.0,0.0,3.0,8.0
-14.0,8.0,16.0,1.0,-270.0,-117.0,-4.0,3.0,-1.0,-2.0,-24.0,-8.0,-5.0,-3.0,-6.0,11.0,8.0,48.0,7.0,45.0,2.0,93.0,16.0,2.0,4.0,5.0,-7774.0,-129.0,376.0,-882.0,-5.0,-104.0,-7695.0,-51.0,-3.0,-118.0,-1.0,63.0,-17.0
-7.0,8.0,8.0,1.0,-322.0,-93.0,-12.0,-7.0,-1.0,-2.0,-26.0,-4.0,2.0,-42.0,-5.0,11.0,0.0,71.0,56.0,-11.0,7.0,241.0,159.0,3.0,-1.0,0.0,-6693.0,-49.0,-88.0,-1020.0,74.0,-105.0,-6940.0,-31.0,5.0,-106.0,-1.0,14.0,16.0
-15.0,14.0,-10.0,-1.0,-287.0,-113.0,-8.0,6.0,4.0,-1.0,-11.0,-12.0,-4.0,3.0,-4.0,27.0,0.0,76.0,-161.0,-143.0,2.0,-295.0,-250.0,-1.0,1.0,1.0,-4841.0,-63.0,-173.0,-782.0,125.0,-73.0,-5542.0,-16.0,6.0,-24.0,0.0,3.0,7.0
5.0,-12.0,-12.0,-1.0,100.0,33.0,9.0,7.0,-2.0,-2.0,10.0,0.0,2.0,16.0,5.0,-28.0,4.0,11.0,114.0,-12.0,-2.0,-412.0,-64.0,1.0,-2.0,-2.0,1230.0,-30.0,-230.0,-93.0,48.0,54.0,849.0,23.0,3.0,-57.0,0.0,-13.0,-10.0
-5.0,7.0,-1.0,-1.0,-129.0,-40.0,-10.0,-6.0,-2.0,0.0,-3.0,-5.0,-2.0,-13.0,-1.0,11.0,-4.0,31.0,105.0,-34.0,-5.0,181.0,18.0,-1.0,3.0,2.0,4114.0,25.0,-31.0,1328.0,-199.0,-64.0,3787.0,-25.0,2.0,-88.0,1.0,-10.0,-3.0
13.0,-7.0,-27.0,-1.0,236.0,98.0,-5.0,7.0,6.0,3.0,31.0,10.0,2.0,8.0,2.0,-6.0,-3.0,-55.0,5.0,-18.0,-1.0,-180.0,36.0,-2.0,-5.0,-6.0,6138.0,20.0,19.0,952.0,8.0,75.0,6129.0,10.0,-2.0,37.0,0.0,-38.0,23.0
-1.0,-2.0,-29.0,-1.0,78.0,26.0,6.0,2.0,0.0,1.0,10.0,-8.0,-4.0,-11.0,2.0,-9.0,-2.0,-68.0,10.0,78.0,12.0,-245.0,-167.0,0.0,-3.0,-5.0,2563.0,189.0,-74.0,342.0,241.0,32.0,3051.0,8.0,-6.0,-28.0,2.0,-45.0,-9.0
8.0,-5.0,18.0,3.0,112.0,42.0,6.0,1.0,1.0,-1.0,7.0,3.0,3.0,20.0,3.0,-16.0,2.0,-8.0,-183.0,96.0,-9.0,-221.0,50.0,3.0,2.0,1.0,2561.0,-8.0,41.0,363.0,-231.0,13.0,1878.0,14.0,-9.0,13.0,1.0,30.0,-22.0
3.0,-1.0,12.0,-2.0,75.0,19.0,2.0,7.0,0.0,1.0,5.0,-1.0,-1.0,14.0,0.0,-1.0,2.0,-12.0,-123.0,-56.0,-5.0,365.0,181.0,-3.0,-2.0,-2.0,-527.0,-26.0,-42.0,127.0,146.0,33.0,-113.0,8.0,-4.0,70.0,0.0,-16.0,-33.0
-2.0,3.0,18.0,-1.0,40.0,10.0,-12.0,-1.0,-5.0,1.0,-1.0,-2.0,1.0,9.0,-3.0,13.0,0.0,-26.0,-53.0,36.0,0.0,-373.0,-246.0,3.0,1.0,3.0,987.0,14.0,-83.0,-114.0,80.0,22.0,429.0,2.0,-2.0,-28.0,-2.0,-26.0,4.0
-12.0,4.0,-3.0,1.0,178.0,19.0,-5.0,-5.0,1.0,2.0,-18.0,3.0,-1.0,14.0,3.0,0.0,-1.0,-36.0,12.0,64.0,-2.0,-405.0,-400.0,-3.0,5.0,4.0,106.0,-2.0,67.0,277.0,-168.0,66.0,458.0,-4.0,-2.0,23.0,1.0,0.0,-5.0
1.0,5.0,11.0,3.0,120.0,40.0,5.0,-7.0,3.0,-1.0,-2.0,6.0,2.0,-13.0,-4.0,10.0,0.0,-26.0,-62.0,56.0,5.0,438.0,304.0,-2.0,-3.0,0.0,1196.0,37.0,291.0,186.0,104.0,31.0,2330.0,4.0,0.0,119.0,-2.0,28.0,19.0
2.0,-1.0,20.0,-2.0,63.0,26.0,0.0,-5.0,-1.0,0.0,-8.0,2.0,-1.0,-5.0,4.0,-3.0,1.0,17.0,-144.0,-65.0,-16.0,195.0,59.0,2.0,-4.0,-3.0,-1049.0,-65.0,-142.0,-359.0,-91.0,9.0,-1337.0,36.0,1.0,104.0,0.0,-3.0,3.0
17.0,-13.0,-4.0,-1.0,181.0,95.0,8.0,2.0,-1.0,2.0,32.0,4.0,3.0,-31.0,2.0,-14.0,0.0,-84.0,61.0,-73.0,4.0,232.0,167.0,-4.0,0.0,0.0,3015.0,51.0,228.0,617.0,201.0,92.0,3214.0,9.0,-2.0,13.0,0.0,-12.0,-7.0
-1.0,0.0,-9.0,2.0,-29.0,-7.0,9.0,-5.0,-4.0,-1.0,1.0,-4.0,4.0,0.0,0.0,-2.0,-6.0,-10.0,132.0,38.0,15.0,-108.0,-111.0,-2.0,5.0,4.0,2685.0,174.0,-253.0,289.0,88.0,20.0,2903.0,5.0,4.0,-23.0,1.0,-22.0,-9.0
7.0,-8.0,16.0,1.0,117.0,40.0,5.0,4.0,-1.0,-1.0,-1.0,7.0,2.0,14.0,4.0,-20.0,4.0,17.0,-187.0,-99.0,-14.0,-103.0,111.0,-3.0,-3.0,0.0,-981.0,-193.0,229.0,-307.0,72.0,48.0,-1511.0,26.0,5.0,-28.0,-3.0,5.0,12.0
-12.0,11.0,-14.0,0.0,-200.0,-71.0,3.0,4.0,2.0,-1.0,-14.0,-2.0,-4.0,-1.0,-10.0,26.0,-1.0,50.0,253.0,-3.0,0.0,206.0,118.0,-2.0,4.0,2.0,-3121.0,-121.0,518.0,167.0,-127.0,-93.0,-2781.0,-52.0,1.0,-69.0,2.0,39.0,1.0
-6.0,5.0,6.0,-1.0,-326.0,-98.0,-12.0,4.0,-4.0,1.0,-23.0,-7.0,-1.0,-13.0,-6.0,15.0,0.0,34.0,14.0,-119.0,2.0,232.0,-11.0,2.0,2.0,0.0,-6399.0,-54.0,-46.0,-826.0,43.0,-112.0,-7047.0,-21.0,2.0,-142.0,1.0,8.0,-4.0
-5.0,3.0,-26.0,-3.0,-139.0,-46.0,-3.0,6.0,0.0,-2.0,5.0,-7.0,0.0,-4.0,-1.0,5.0,0.0,51.0,82.0,-130.0,1.0,-284.0,-121.0,-1.0,0.0,0.0,-2793.0,-46.0,-430.0,-604.0,68.0,-14.0,-3392.0,-19.0,7.0,-64.0,0.0,-27.0,-1.0
-2.0,0.0,20.0,2.0,-114.0,-53.0,1.0,2.0,3.0,-1.0,-8.0,-5.0,-1.0,-15.0,2.0,-6.0,9.0,2.0,-198.0,42.0,3.0,-192.0,-128.0,3.0,1.0,2.0,-7656.0,-47.0,-35.0,-1761.0,65.0,-28.0,-7811.0,-7.0,-7.0,36.0,-1.0,40.0,-19.0
0.0,-3.0,-4.0,1.0,-83.0,-31.0,0.0,-7.0,3.0,-1.0,-9.0,3.0,0.0,-15.0,6.0,-19.0,0.0,43.0,-110.0,68.0,6.0,254.0,184.0,1.0,-3.0,-2.0,-4818.0,-2.0,-96.0,-789.0,55.0,-19.0,-4391.0,-6.0,3.0,5.0,-1.0,11.0,11.0
7.0,-3.0,2.0,-1.0,-120.0,-28.0,7.0,8.0,4.0,-1.0,27.0,-7.0,-4.0,19.0,4.0,-3.0,1.0,53.0,-207.0,-14.0,-4.0,-276.0,-22.0,3.0,-3.0,-3.0,3049.0,2.0,-55.0,185.0,78.0,-44.0,2109.0,24.0,-1.0,40.0,0.0,-6.0,-2.0
-4.0,0.0,9.0,-1.0,-68.0,-29.0,-5.0,-6.0,-2.0,1.0,-11.0,5.0,1.0,-3.0,-3.0,12.0,0.0,19.0,392.0,43.0,8.0,441.0,63.0,2.0,2.0,2.0,-120.0,28.0,4.0,113.0,-102.0,-25.0,823.0,-6.0,6.0,50.0,0.0,24.0,10.0
-8.0,5.0,-15.0,2.0,8.0,-12.0,0.0,-5.0,-3.0,-2.0,-20.0,5.0,1.0,26.0,-4.0,7.0,-2.0,8.0,201.0,90.0,0.0,-157.0,-85.0,4.0,1.0,1.0,1050.0,24.0,-110.0,-186.0,-331.0,-42.0,1272.0,-6.0,4.0,-40.0,0.0,20.0,31.0
14.0,-11.0,0.0,0.0,243.0,92.0,9.0,4.0,0.0,1.0,24.0,1.0,3.0,7.0,7.0,-20.0,1.0,-67.0,-90.0,-101.0,-6.0,-87.0,-56.0,-2.0,-2.0,-3.0,6952.0,109.0,-339.0,736.0,-8.0,90.0,6743.0,56.0,-2.0,92.0,1.0,-24.0,-16.0
12.0,-7.0,-9.0,2.0,213.0,78.0,0.0,3.0,8.0,-1.0,28.0,6.0,3.0,-17.0,4.0,-19.0,6.0,-37.0,-36.0,34.0,0.0,-165.0,166.0,-1.0,-6.0,-4.0,5022.0,5.0,14.0,612.0,26.0,68.0,5284.0,5.0,-4.0,47.0,-2.0,7.0,10.0
5.0,-8.0,13.0,1.0,110.0,39.0,2.0,-5.0,-4.0,0.0,2.0,2.0,0.0,7.0,5.0,-22.0,0.0,-9.0,137.0,84.0,-8.0,53.0,75.0,1.0,1.0,0.0,8137.0,41.0,169.0,1839.0,-219.0,4.0,8028.0,17.0,-2.0,-81.0,1.0,4.0,-12.0
10.0,-4.0,4.0,1.0,6.0,24.0,6.0,9.0,4.0,0.0,28.0,-5.0,2.0,-8.0,1.0,-3.0,2.0,-16.0,-283.0,-120.0,-3.0,-284.0,-33.0,-2.0,3.0,2.0,735.0,-20.0,96.0,198.0,95.0,32.0,-450.0,7.0,-5.0,2.0,1.0,21.0,-22.0
-7.0,13.0,7.0,-1.0,-133.0,-37.0,-14.0,-4.0,-1.0,1.0,-2.0,-6.0,-1.0,-17.0,-6.0,33.0,-4.0,9.0,100.0,-4.0,-4.0,-271.0,-254.0,1.0,5.0,4.0,2098.0,0.0,-7.0,502.0,-176.0,-59.0,1319.0,-31.0,-3.0,-31.0,1.0,-20.0,0.0
-9.0,9.0,32.0,-4.0,-105.0,-47.0,-7.0,-2.0,-1.0,0.0,-27.0,0.0,-5.0,2.0,-3.0,16.0,2.0,72.0,-177.0,-20.0,-15.0,647.0,296.0,1.0,-4.0,-2.0,-8528.0,-200.0,155.0,-968.0,63.0,-48.0,-8193.0,-12.0,-1.0,82.0,-1.0,5.0,-14.0
-2.0,-2.0,-5.0,-1.0,56.0,7.0,-3.0,-1.0,-3.0,1.0,2.0,-3.0,0.0,12.0,-1.0,0.0,0.0,-52.0,34.0,139.0,18.0,1.0,-103.0,5.0,-1.0,-1.0,-130.0,207.0,-305.0,-309.0,184.0,33.0,621.0,7.0,-4.0,31.0,0.0,-11.0,-8.0
7.0,-5.0,-24.0,-2.0,349.0,118.0,7.0,0.0,2.0,3.0,26.0,11.0,0.0,38.0,4.0,-2.0,-9.0,-52.0,27.0,67.0,-3.0,-247.0,-119.0,-3.0,-1.0,-2.0,7515.0,69.0,51.0,1166.0,-61.0,119.0,7892.0,26.0,0.0,132.0,1.0,-53.0,17.0
11.0,-9.0,-17.0,-1.0,243.0,100.0,7.0,-1.0,-3.0,1.0,15.0,4.0,0.0,-20.0,4.0,-23.0,-2.0,-87.0,-48.0,4.0,-1.0,75.0,137.0,-4.0,-5.0,-4.0,2400.0,43.0,128.0,306.0,208.0,85.0,2841.0,8.0,-3.0,-39.0,-1.0,-57.0,5.0
-17.0,14.0,14.0,3.0,-28.0,-39.0,-12.0,-8.0,0.0,2.0,-43.0,2.0,0.0,-12.0,-7.0,25.0,-1.0,-28.0,-36.0,1.0,5.0,265.0,-107.0,-3.0,4.0,4.0,-5097.0,-19.0,312.0,-363.0,-21.0,-15.0,-4259.0,-21.0,0.0,0.0,0.0,36.0,10.0
-1.0,1.0,4.0,-1.0,55.0,29.0,10.0,-10.0,-9.0,-1.0,-14.0,5.0,3.0,-3.0,-5.0,7.0,-6.0,-14.0,217.0,35.0,4.0,614.0,267.0,-1.0,2.0,3.0,-1778.0,49.0,20.0,-248.0,21.0,22.0,-804.0,-4.0,5.0,32.0,0.0,-9.0,1.0
1.0,0.0,-24.0,0.0,22.0,19.0,9.0,3.0,3.0,0.0,8.0,-5.0,-4.0,-23.0,3.0,-9.0,-2.0,-16.0,-24.0,-61.0,-6.0,-246.0,-64.0,-5.0,-2.0,-4.0,2693.0,-18.0,231.0,651.0,57.0,-1.0,2430.0,1.0,-2.0,-59.0,2.0,-34.0,-1.0
10.0,-13.0,9.0,1.0,345.0,104.0,10.0,-3.0,1.0,2.0,20.0,8.0,-1.0,30.0,11.0,-30.0,0.0,-59.0,-34.0,193.0,-8.0,-386.0,-172.0,1.0,1.0,0.0,7996.0,63.0,185.0,1244.0,-215.0,95.0,8109.0,36.0,-9.0,87.0,1.0,-9.0,-14.0
19.0,-9.0,-21.0,-3.0,171.0,99.0,12.0,5.0,1.0,1.0,44.0,8.0,1.0,24.0,1.0,-2.0,-8.0,-16.0,15.0,3.0,-1.0,158.0,281.0,0.0,-6.0,-6.0,7409.0,71.0,-16.0,889.0,107.0,53.0,7434.0,30.0,2.0,109.0,0.0,-53.0,22.0
2.0,-6.0,-8.0,0.0,4.0,-3.0,4.0,-2.0,-1.0,-1.0,-1.0,1.0,-1.0,4.0,5.0,-22.0,0.0,22.0,5.0,-30.0,-1.0,452.0,272.0,-2.0,-2.0,-2.0,2016.0,25.0,-24.0,826.0,-23.0,-5.0,2468.0,6.0,5.0,-57.0,0.0,10.0,-3.0
-9.0,11.0,1.0,1.0,-154.0,-61.0,-1.0,7.0,1.0,-2.0,-11.0,-2.0,-1.0,25.0,-10.0,23.0,1.0,47.0,-115.0,15.0,-2.0,11.0,119.0,1.0,4.0,4.0,-5694.0,-131.0,283.0,-597.0,-82.0,-67.0,-6034.0,-47.0,-3.0,-60.0,0.0,49.0,-8.0
3.0,1.0,31.0,-1.0,-24.0,-9.0,-7.0,0.0,1.0,0.0,-7.0,3.0,0.0,-4.0,4.0,-7.0,2.0,57.0,-320.0,-91.0,-17.0,245.0,222.0,-4.0,-3.0,0.0,-4228.0,-221.0,84.0,-467.0,97.0,3.0,-4696.0,-3.0,1.0,16.0,-3.0,-20.0,-10.0
-11.0,7.0,18.0,-4.0,-184.0,-71.0,-9.0,2.0,-4.0,2.0,-29.0,-2.0,-7.0,17.0,-4.0,21.0,0.0,47.0,-96.0,-72.0,-15.0,273.0,-55.0,3.0,1.0,0.0,-7707.0,-179.0,239.0,-901.0,-114.0,-88.0,-8187.0,-10.0,0.0,-24.0,1.0,15.0,-1.0
-2.0,-2.0,-9.0,-1.0,-116.0,-35.0,-5.0,-4.0,0.0,-2.0,-1.0,-3.0,1.0,-16.0,5.0,-14.0,0.0,63.0,104.0,52.0,0.0,-429.0,-134.0,3.0,0.0,0.0,-1490.0,-32.0,-333.0,-380.0,-73.0,-24.0,-2223.0,-14.0,3.0,-83.0,0.0,-22.0,1.0
-12.0,14.0,0.0,0.0,-133.0,-61.0,-12.0,-9.0,-1.0,-1.0,-26.0,1.0,-1.0,8.0,-4.0,20.0,-4.0,48.0,68.0,98.0,-3.0,191.0,26.0,3.0,1.0,1.0,-2197.0,-4.0,-255.0,-346.0,-306.0,-87.0,-1913.0,-35.0,0.0,4.0,0.0,-5.0,9.0
0.0,3.0,12.0,2.0,25.0,7.0,3.0,-6.0,2.0,-3.0,-1.0,7.0,6.0,0.0,-5.0,11.0,2.0,36.0,229.0,65.0,5.0,374.0,296.0,2.0,1.0,3.0,844.0,11.0,-94.0,58.0,-161.0,5.0,1639.0,-7.0,4.0,118.0,-1.0,55.0,6.0
17.0,-14.0,-17.0,2.0,97.0,59.0,7.0,7.0,4.0,2.0,47.0,-5.0,4.0,-28.0,7.0,-23.0,0.0,-80.0,-24.0,-70.0,15.0,-490.0,-211.0,-5.0,3.0,1.0,7478.0,176.0,-45.0,1154.0,268.0,90.0,6921.0,18.0,-3.0,-42.0,1.0,-25.0,-17.0
-5.0,5.0,-3.0,-2.0,-66.0,-32.0,-10.0,2.0,-2.0,0.0,-4.0,-3.0,0.0,6.0,-3.0,13.0,0.0,5.0,-185.0,-78.0,7.0,26.0,-49.0,0.0,-2.0,1.0,-5134.0,-2.0,-276.0,-1127.0,276.0,13.0,-5131.0,-9.0,5.0,-4.0,-3.0,-20.0,13.0
0.0,-3.0,16.0,1.0,-27.0,-25.0,5.0,7.0,-1.0,-1.0,0.0,-7.0,-2.0,4.0,1.0,-9.0,9.0,-19.0,-83.0,-56.0,-4.0,6.0,-40.0,0.0,2.0,2.0,-822.0,-20.0,37.0,-146.0,-13.0,-14.0,-952.0,5.0,-5.0,-26.0,0.0,39.0,-33.0
-3.0,4.0,-8.0,1.0,8.0,12.0,-2.0,0.0,-3.0,0.0,4.0,-2.0,1.0,1.0,-6.0,20.0,-2.0,-31.0,233.0,-12.0,-1.0,-619.0,-365.0,2.0,5.0,4.0,5345.0,28.0,138.0,662.0,-201.0,-14.0,4504.0,-2.0,1.0,-75.0,1.0,5.0,22.0
12.0,-8.0,4.0,1.0,156.0,64.0,5.0,-1.0,4.0,1.0,16.0,3.0,4.0,-12.0,8.0,-17.0,1.0,-46.0,-205.0,-3.0,1.0,-285.0,-144.0,1.0,-3.0,-3.0,118.0,82.0,-411.0,-879.0,70.0,76.0,-116.0,44.0,-4.0,154.0,0.0,-23.0,-2.0
0.0,-2.0,5.0,1.0,-106.0,-25.0,2.0,4.0,-3.0,-2.0,-15.0,-1.0,3.0,-10.0,-5.0,-3.0,4.0,19.0,66.0,-75.0,5.0,258.0,229.0,1.0,-3.0,-2.0,-3973.0,-47.0,15.0,-733.0,195.0,-27.0,-3868.0,6.0,5.0,-80.0,-1.0,23.0,5.0
-3.0,2.0,8.0,0.0,27.0,4.0,-3.0,-7.0,-1.0,3.0,-12.0,4.0,-3.0,-16.0,-2.0,11.0,-2.0,-43.0,101.0,34.0,8.0,505.0,71.0,-2.0,-2.0,-1.0,232.0,54.0,389.0,241.0,163.0,1.0,1514.0,5.0,2.0,51.0,-1.0,-3.0,23.0
-12.0,7.0,-12.0,0.0,-165.0,-74.0,-1.0,3.0,3.0,0.0,-5.0,-12.0,-4.0,9.0,-2.0,14.0,0.0,19.0,58.0,74.0,13.0,-320.0,-304.0,4.0,2.0,-1.0,163.0,146.0,-202.0,36.0,33.0,-53.0,210.0,0.0,-3.0,11.0,3.0,12.0,-14.0
-6.0,2.0,-6.0,2.0,65.0,-1.0,-17.0,2.0,5.0,2.0,-13.0,2.0,1.0,-16.0,1.0,-4.0,5.0,-39.0,-10.0,-21.0,0.0,-338.0,-245.0,-2.0,1.0,0.0,-1271.0,-51.0,35.0,63.0,-99.0,22.0,-1305.0,-20.0,-4.0,-72.0,0.0,15.0,1.0
7.0,-2.0,15.0,-4.0,-36.0,8.0,8.0,3.0,-1.0,-1.0,12.0,2.0,-5.0,16.0,-1.0,6.0,1.0,49.0,-122.0,-17.0,-15.0,446.0,356.0,4.0,-6.0,-4.0,-1414.0,-123.0,218.0,-352.0,11.0,-42.0,-1598.0,15.0,0.0,95.0,-1.0,7.0,8.0
-5.0,10.0,-11.0,0.0,-173.0,-47.0,-2.0,-3.0,4.0,0.0,-1.0,-4.0,-2.0,-26.0,-3.0,20.0,-4.0,35.0,153.0,-40.0,-4.0,102.0,-8.0,-2.0,4.0,1.0,1111.0,-14.0,76.0,616.0,-256.0,-81.0,890.0,-33.0,-1.0,-3.0,3.0,6.0,-4.0
1.0,0.0,-18.0,-3.0,23.0,20.0,-5.0,4.0,-2.0,4.0,3.0,4.0,-1.0,25.0,-2.0,13.0,-9.0,-18.0,41.0,-52.0,-1.0,-15.0,-130.0,-1.0,1.0,-2.0,1116.0,15.0,5.0,340.0,-18.0,7.0,845.0,5.0,2.0,-10.0,2.0,-45.0,13.0
-1.0,0.0,-10.0,0.0,-21.0,-2.0,-3.0,-5.0,1.0,0.0,-2.0,-4.0,-3.0,-29.0,6.0,-15.0,-2.0,1.0,-187.0,43.0,0.0,-365.0,-126.0,-1.0,-4.0,-3.0,-1138.0,-6.0,52.0,-252.0,192.0,2.0,-1532.0,-3.0,-1.0,-82.0,-1.0,-49.0,14.0
-11.0,7.0,7.0,-1.0,-122.0,-45.0,4.0,-9.0,-9.0,-2.0,-23.0,-5.0,-1.0,7.0,-4.0,12.0,-6.0,53.0,193.0,-24.0,-2.0,372.0,92.0,-1.0,4.0,4.0,1518.0,27.0,16.0,809.0,-73.0,-47.0,1682.0,-3.0,9.0,-73.0,1.0,-2.0,-4.0
12.0,-12.0,-11.0,0.0,181.0,71.0,10.0,-3.0,-1.0,0.0,8.0,11.0,3.0,-6.0,4.0,-27.0,0.0,-45.0,29.0,29.0,5.0,694.0,447.0,-2.0,-4.0,-3.0,-1280.0,47.0,-20.0,-231.0,71.0,64.0,-18.0,5.0,1.0,48.0,-1.0,3.0,2.0
-11.0,10.0,12.0,-2.0,-168.0,-73.0,-7.0,3.0,0.0,0.0,-19.0,-2.0,-4.0,7.0,-7.0,19.0,1.0,55.0,-33.0,45.0,1.0,452.0,237.0,-1.0,0.0,1.0,-7479.0,-135.0,297.0,-609.0,154.0,-57.0,-6856.0,-48.0,-2.0,-22.0,-1.0,8.0,-17.0
-2.0,-1.0,14.0,2.0,106.0,18.0,0.0,-8.0,-3.0,-1.0,-21.0,8.0,1.0,28.0,2.0,-13.0,0.0,8.0,100.0,216.0,-6.0,63.0,83.0,5.0,-1.0,-1.0,1826.0,12.0,-55.0,165.0,-326.0,-19.0,2328.0,7.0,-4.0,11.0,0.0,9.0,0.0
5.0,-10.0,-17.0,-2.0,206.0,58.0,7.0,3.0,1.0,0.0,25.0,1.0,-1.0,26.0,10.0,-25.0,0.0,-8.0,48.0,63.0,-7.0,-670.0,-293.0,0.0,1.0,0.0,5203.0,17.0,-245.0,640.0,-147.0,81.0,4717.0,17.0,-2.0,23.0,1.0,-36.0,-15.0
5.0,2.0,20.0,2.0,-10.0,3.0,-1.0,4.0,2.0,-2.0,1.0,3.0,3.0,14.0,1.0,-3.0,2.0,49.0,-402.0,-121.0,-20.0,-196.0,104.0,-2.0,1.0,3.0,-2443.0,-217.0,70.0,-455.0,-139.0,-7.0,-3874.0,-2.0,0.0,-22.0,-2.0,21.0,-1.0
10.0,-10.0,-6.0,2.0,137.0,45.0,-3.0,1.0,-1.0,1.0,22.0,0.0,5.0,6.0,6.0,-23.0,0.0,-67.0,-109.0,68.0,16.0,-401.0,-177.0,0.0,0.0,1.0,4170.0,186.0,-376.0,192.0,218.0,84.0,4118.0,16.0,-2.0,-35.0,-2.0,-36.0,-4.0
7.0,-10.0,-3.0,0.0,216.0,68.0,14.0,11.0,-2.0,0.0,11.0,3.0,1.0,32.0,0.0,-14.0,4.0,-52.0,10.0,-64.0,-2.0,17.0,70.0,-2.0,-2.0,-2.0,2720.0,2.0,103.0,287.0,121.0,78.0,3072.0,37.0,0.0,26.0,0.0,9.0,-11.0
-4.0,8.0,-15.0,0.0,-19.0,-6.0,2.0,-1.0,3.0,-3.0,3.0,-1.0,2.0,-17.0,-5.0,15.0,0.0,25.0,20.0,-74.0,6.0,154.0,183.0,-3.0,-3.0,0.0,-1597.0,-9.0,-139.0,-418.0,172.0,17.0,-1062.0,-15.0,7.0,55.0,-2.0,1.0,18.0
-2.0,1.0,-15.0,0.0,12.0,0.0,5.0,2.0,3.0,1.0,4.0,-2.0,0.0,-1.0,-3.0,9.0,0.0,-48.0,82.0,133.0,19.0,-78.0,-129.0,4.0,0.0,-2.0,-3133.0,168.0,-198.0,-1021.0,127.0,16.0,-2276.0,-1.0,-7.0,116.0,2.0,5.0,-9.0
5.0,-7.0,19.0,1.0,-110.0,-32.0,3.0,5.0,2.0,0.0,15.0,-11.0,-2.0,-36.0,5.0,-15.0,9.0,-15.0,-161.0,-90.0,1.0,-202.0,-136.0,-1.0,3.0,3.0,-1345.0,-18.0,189.0,-87.0,172.0,-5.0,-2111.0,3.0,-5.0,-56.0,0.0,35.0,-31.0
-5.0,3.0,3.0,-2.0,-6.0,0.0,-8.0,-4.0,-4.0,2.0,-4.0,-2.0,-2.0,-17.0,-3.0,16.0,-2.0,-23.0,315.0,18.0,2.0,-178.0,-247.0,0.0,1.0,1.0,3560.0,24.0,152.0,650.0,35.0,-4.0,3682.0,-3.0,2.0,-37.0,0.0,-36.0,13.0
-18.0,12.0,15.0,2.0,-123.0,-72.0,-14.0,-7.0,-1.0,0.0,-42.0,3.0,4.0,1.0,-8.0,26.0,1.0,34.0,255.0,10.0,5.0,201.0,-115.0,1.0,8.0,7.0,-5449.0,-45.0,-73.0,-491.0,-286.0,-41.0,-4950.0,-32.0,4.0,-1.0,1.0,63.0,-3.0
2.0,-2.0,7.0,1.0,-21.0,-10.0,-1.0,0.0,4.0,0.0,7.0,-7.0,0.0,-2.0,9.0,-12.0,1.0,21.0,-229.0,-62.0,-5.0,-527.0,-319.0,1.0,-1.0,-2.0,3414.0,60.0,-415.0,178.0,-24.0,7.0,2370.0,45.0,0.0,49.0,1.0,-16.0,-7.0
-1.0,3.0,-3.0,3.0,41.0,16.0,3.0,-3.0,0.0,1.0,-4.0,4.0,0.0,2.0,-5.0,15.0,-2.0,-51.0,19.0,4.0,5.0,64.0,-47.0,0.0,2.0,2.0,2017.0,58.0,375.0,253.0,-73.0,-9.0,2336.0,6.0,1.0,13.0,0.0,38.0,32.0
6.0,-2.0,-3.0,1.0,-113.0,-20.0,-12.0,7.0,4.0,0.0,5.0,-1.0,2.0,-30.0,-2.0,-4.0,6.0,-3.0,-22.0,-85.0,2.0,67.0,155.0,1.0,-4.0,-4.0,-1377.0,-49.0,-32.0,-214.0,69.0,-44.0,-1763.0,-16.0,-2.0,-95.0,-1.0,15.0,6.0
0.0,-1.0,-13.0,3.0,-84.0,-36.0,-1.0,5.0,5.0,0.0,15.0,-9.0,1.0,3.0,5.0,-9.0,0.0,4.0,-85.0,3.0,11.0,-722.0,-378.0,-1.0,3.0,1.0,4463.0,125.0,-273.0,537.0,67.0,-2.0,3707.0,9.0,-1.0,-55.0,1.0,-13.0,-10.0
7.0,-11.0,-12.0,0.0,239.0,62.0,12.0,0.0,4.0,1.0,17.0,7.0,-2.0,27.0,11.0,-30.0,0.0,-28.0,-166.0,79.0,-1.0,13.0,25.0,-2.0,-2.0,-2.0,1875.0,47.0,-8.0,231.0,-19.0,86.0,2549.0,25.0,-2.0,111.0,0.0,-3.0,-5.0
13.0,-11.0,-10.0,0.0,222.0,90.0,6.0,-1.0,1.0,1.0,22.0,-3.0,0.0,-22.0,13.0,-35.0,-1.0,-66.0,-277.0,-58.0,-6.0,-452.0,-182.0,-3.0,-6.0,-6.0,5814.0,103.0,-287.0,484.0,184.0,92.0,5211.0,53.0,-3.0,10.0,0.0,-73.0,-2.0
0.0,5.0,13.0,2.0,29.0,7.0,1.0,-1.0,4.0,2.0,-7.0,5.0,0.0,-3.0,-4.0,17.0,0.0,-42.0,-219.0,46.0,7.0,231.0,46.0,0.0,-1.0,0.0,-5344.0,5.0,261.0,-1235.0,151.0,10.0,-4636.0,2.0,-5.0,145.0,-1.0,23.0,13.0
-5.0,6.0,16.0,1.0,-16.0,-21.0,-7.0,-5.0,-2.0,-2.0,-27.0,8.0,1.0,22.0,0.0,0.0,0.0,65.0,-119.0,-1.0,-17.0,88.0,137.0,0.0,-2.0,1.0,-3178.0,-197.0,-26.0,-653.0,-234.0,-39.0,-3424.0,-9.0,5.0,-24.0,-3.0,0.0,21.0
-10.0,15.0,-14.0,-2.0,-239.0,-79.0,-12.0,-1.0,2.0,0.0,-5.0,-7.0,-2.0,-20.0,-6.0,33.0,-4.0,40.0,-32.0,-118.0,3.0,128.0,-57.0,-2.0,2.0,2.0,-4023.0,-16.0,-200.0,-511.0,20.0,-68.0,-4241.0,-42.0,4.0,-7.0,0.0,-14.0,9.0
-8.0,10.0,12.0,1.0,-120.0,-42.0,8.0,-3.0,-4.0,-3.0,-18.0,-4.0,2.0,20.0,-6.0,18.0,-4.0,54.0,-127.0,-12.0,-3.0,98.0,67.0,1.0,5.0,5.0,-4058.0,-22.0,-112.0,-667.0,-85.0,-38.0,-4468.0,-6.0,2.0,21.0,1.0,24.0,-14.0
-18.0,9.0,3.0,0.0,-148.0,-79.0,-17.0,-1.0,-3.0,3.0,-41.0,-4.0,-2.0,1.0,-3.0,15.0,-1.0,-2.0,26.0,-55.0,0.0,-173.0,-411.0,-1.0,7.0,4.0,-6293.0,-56.0,21.0,-549.0,-125.0,-46.0,-6589.0,-25.0,0.0,-119.0,2.0,8.0,-9.0
2.0,0.0,-14.0,0.0,43.0,21.0,12.0,8.0,2.0,0.0,10.0,-1.0,-1.0,6.0,-3.0,6.0,0.0,-17.0,163.0,-104.0,-6.0,119.0,62.0,-4.0,2.0,-1.0,3831.0,-12.0,179.0,903.0,-135.0,-3.0,3962.0,4.0,-1.0,23.0,3.0,15.0,-15.0
3.0,2.0,-4.0,-3.0,102.0,44.0,-3.0,0.0,1.0,2.0,5.0,6.0,1.0,10.0,-1.0,8.0,-7.0,7.0,-40.0,0.0,-1.0,359.0,221.0,-3.0,-4.0,-4.0,295.0,-6.0,-79.0,273.0,159.0,47.0,839.0,3.0,1.0,96.0,0.0,-55.0,0.0
-5.0,0.0,-1.0,-1.0,-89.0,-31.0,-8.0,-11.0,-1.0,1.0,-13.0,1.0,-2.0,-32.0,3.0,-3.0,-2.0,20.0,205.0,86.0,8.0,76.0,-63.0,1.0,-2.0,-1.0,-1258.0,22.0,56.0,-139.0,90.0,-23.0,-709.0,-9.0,5.0,-32.0,-1.0,-25.0,24.0
6.0,-7.0,-1.0,2.0,220.0,73.0,14.0,0.0,1.0,-3.0,8.0,6.0,4.0,3.0,1.0,-18.0,4.0,-15.0,52.0,44.0,3.0,26.0,240.0,-1.0,-5.0,-2.0,2426.0,7.0,61.0,93.0,152.0,85.0,3179.0,27.0,3.0,62.0,-2.0,15.0,9.0
24.0,-16.0,-2.0,-2.0,61.0,67.0,15.0,10.0,3.0,1.0,59.0,-3.0,-1.0,-12.0,6.0,-17.0,1.0,-31.0,-146.0,-87.0,0.0,-44.0,145.0,-1.0,-3.0,-3.0,6064.0,53.0,173.0,802.0,279.0,48.0,5323.0,33.0,-3.0,53.0,0.0,-18.0,-9.0
-2.0,-3.0,30.0,1.0,-70.0,-46.0,-7.0,-1.0,-3.0,-1.0,-10.0,-6.0,-1.0,-2.0,4.0,-15.0,9.0,-2.0,-246.0,48.0,2.0,-113.0,-102.0,4.0,0.0,3.0,-4653.0,-8.0,-142.0,-1049.0,122.0,-11.0,-4914.0,1.0,-4.0,-49.0,-3.0,24.0,-18.0
3.0,-2.0,21.0,1.0,106.0,42.0,-2.0,-3.0,-3.0,1.0,3.0,1.0,1.0,3.0,0.0,0.0,0.0,-31.0,132.0,114.0,-7.0,-399.0,-197.0,3.0,3.0,2.0,6121.0,16.0,193.0,1013.0,-196.0,9.0,5560.0,11.0,-7.0,-24.0,1.0,-6.0,-9.0
-11.0,10.0,30.0,-2.0,-159.0,-64.0,-6.0,-4.0,-2.0,-1.0,-30.0,5.0,-1.0,17.0,-9.0,32.0,2.0,83.0,133.0,-7.0,-10.0,647.0,241.0,5.0,2.0,3.0,-6863.0,-168.0,145.0,-843.0,-275.0,-83.0,-6548.0,-17.0,4.0,94.0,0.0,70.0,5.0
-5.0,5.0,4.0,0.0,-235.0,-65.0,-8.0,-2.0,-5.0,-2.0,-18.0,-6.0,1.0,-23.0,-6.0,8.0,0.0,50.0,171.0,-109.0,0.0,439.0,247.0,0.0,0.0,0.0,141.0,-22.0,-16.0,595.0,-4.0,-91.0,-81.0,-19.0,7.0,-168.0,0.0,13.0,2.0
-2.0,-4.0,-28.0,-2.0,-17.0,-7.0,4.0,3.0,-1.0,-1.0,11.0,-7.0,0.0,2.0,1.0,-8.0,0.0,-6.0,301.0,87.0,12.0,-309.0,-175.0,4.0,1.0,-2.0,2211.0,163.0,-459.0,214.0,-24.0,6.0,2360.0,-3.0,-2.0,-29.0,3.0,-18.0,-22.0
-1.0,1.0,-11.0,0.0,-34.0,-19.0,-9.0,10.0,5.0,1.0,7.0,2.0,-3.0,5.0,-4.0,5.0,5.0,-7.0,12.0,27.0,1.0,-87.0,52.0,0.0,-1.0,-1.0,-1636.0,-109.0,395.0,70.0,3.0,-29.0,-1566.0,-41.0,-5.0,-81.0,-1.0,25.0,6.0
9.0,-8.0,-19.0,1.0,189.0,83.0,8.0,-3.0,-4.0,0.0,12.0,9.0,4.0,-5.0,-2.0,-7.0,-2.0,-76.0,262.0,17.0,4.0,75.0,82.0,0.0,1.0,1.0,4065.0,75.0,118.0,431.0,-130.0,50.0,4486.0,3.0,2.0,-27.0,0.0,8.0,24.0
5.0,-4.0,3.0,0.0,-83.0,-7.0,-2.0,-2.0,3.0,1.0,15.0,-4.0,0.0,-40.0,4.0,-6.0,0.0,4.0,-78.0,-34.0,5.0,-208.0,-96.0,-1.0,1.0,1.0,-523.0,2.0,152.0,59.0,185.0,9.0,-1159.0,-2.0,0.0,-30.0,0.0,-4.0,2.0
4.0,-5.0,27.0,2.0,44.0,13.0,1.0,-5.0,-1.0,0.0,-4.0,8.0,4.0,17.0,0.0,-4.0,2.0,11.0,209.0,139.0,-1.0,220.0,113.0,5.0,4.0,3.0,2441.0,20.0,45.0,476.0,-333.0,-12.0,2701.0,8.0,-3.0,63.0,1.0,54.0,-12.0
11.0,-10.0,3.0,0.0,166.0,52.0,-12.0,6.0,3.0,2.0,21.0,4.0,1.0,6.0,6.0,-21.0,6.0,-57.0,-241.0,30.0,1.0,-293.0,-66.0,2.0,-5.0,-3.0,1485.0,12.0,-123.0,-97.0,130.0,64.0,1215.0,11.0,-6.0,-12.0,-3.0,-14.0,5.0
-5.0,0.0,17.0,-2.0,36.0,2.0,5.0,2.0,-3.0,-1.0,-21.0,4.0,-3.0,20.0,-3.0,3.0,4.0,32.0,-44.0,-28.0,-12.0,299.0,185.0,2.0,-4.0,-2.0,-5281.0,-172.0,300.0,-808.0,38.0,-3.0,-5008.0,17.0,3.0,38.0,-1.0,30.0,8.0
-1.0,1.0,-17.0,1.0,103.0,33.0,9.0,-4.0,2.0,-2.0,9.0,-1.0,2.0,-11.0,-3.0,2.0,0.0,-32.0,239.0,143.0,17.0,129.0,129.0,2.0,-2.0,-2.0,3407.0,200.0,-168.0,400.0,80.0,37.0,4690.0,1.0,-2.0,90.0,1.0,10.0,-3.0
-2.0,-5.0,7.0,0.0,-143.0,-60.0,0.0,3.0,-1.0,-3.0,-1.0,-10.0,-1.0,-12.0,6.0,-23.0,9.0,44.0,21.0,-4.0,-4.0,-423.0,-174.0,3.0,2.0,2.0,-2312.0,-52.0,-296.0,-526.0,-86.0,-38.0,-3175.0,-9.0,-2.0,-109.0,0.0,17.0,-32.0
-3.0,-3.0,-5.0,-2.0,-2.0,-3.0,-4.0,-6.0,-5.0,1.0,-5.0,-1.0,-3.0,-13.0,2.0,-6.0,-2.0,-1.0,320.0,-12.0,1.0,274.0,25.0,-2.0,-1.0,-1.0,5576.0,49.0,128.0,1476.0,12.0,-9.0,6150.0,3.0,7.0,-94.0,0.0,-26.0,10.0
5.0,-1.0,1.0,0.0,-58.0,9.0,-2.0,-3.0,-5.0,-1.0,-9.0,4.0,5.0,-33.0,-7.0,3.0,0.0,-17.0,195.0,-50.0,6.0,681.0,422.0,0.0,-2.0,-1.0,-3155.0,0.0,-12.0,-462.0,90.0,-22.0,-2567.0,-20.0,3.0,-63.0,-1.0,6.0,7.0
16.0,-11.0,-17.0,0.0,69.0,55.0,15.0,5.0,0.0,-1.0,39.0,2.0,0.0,14.0,2.0,-10.0,-1.0,-23.0,55.0,3.0,0.0,-201.0,60.0,3.0,-2.0,-2.0,7114.0,77.0,63.0,616.0,-52.0,6.0,6595.0,27.0,1.0,13.0,0.0,2.0,22.0
-14.0,14.0,4.0,-1.0,-160.0,-61.0,-9.0,3.0,-3.0,0.0,-15.0,-4.0,-3.0,8.0,-13.0,39.0,-1.0,24.0,200.0,33.0,0.0,-167.0,-128.0,1.0,5.0,5.0,-2134.0,-107.0,435.0,53.0,-47.0,-71.0,-2352.0,-50.0,-1.0,-97.0,0.0,13.0,5.0
-10.0,9.0,23.0,-2.0,-134.0,-54.0,2.0,-7.0,-5.0,-1.0,-26.0,-4.0,-1.0,2.0,-3.0,14.0,-4.0,62.0,-45.0,18.0,0.0,539.0,185.0,-1.0,1.0,2.0,-5843.0,-26.0,-98.0,-679.0,151.0,-28.0,-5290.0,-7.0,3.0,59.0,0.0,-17.0,-23.0
10.0,-7.0,-16.0,3.0,93.0,38.0,5.0,4.0,5.0,1.0,24.0,1.0,5.0,-7.0,4.0,-14.0,0.0,-63.0,-61.0,62.0,17.0,-480.0,-203.0,-1.0,1.0,0.0,1167.0,147.0,-269.0,-520.0,161.0,67.0,1221.0,8.0,-5.0,50.0,0.0,-20.0,-5.0
-10.0,9.0,-7.0,1.0,-221.0,-81.0,2.0,4.0,6.0,-1.0,-7.0,-9.0,-4.0,-3.0,-1.0,14.0,0.0,71.0,24.0,-65.0,-5.0,-321.0,-201.0,-1.0,3.0,0.0,293.0,-61.0,103.0,345.0,-151.0,-86.0,-411.0,-7.0,1.0,-20.0,3.0,23.0,-6.0
7.0,-6.0,11.0,0.0,223.0,65.0,3.0,0.0,2.0,1.0,14.0,8.0,-1.0,24.0,9.0,-17.0,0.0,-2.0,-253.0,-24.0,-19.0,-361.0,-118.0,-4.0,0.0,2.0,2992.0,-146.0,214.0,426.0,-123.0,75.0,2357.0,20.0,0.0,52.0,-2.0,-18.0,7.0
7.0,-1.0,3.0,0.0,27.0,24.0,-5.0,-7.0,2.0,1.0,13.0,-2.0,2.0,-25.0,7.0,-6.0,-3.0,-15.0,-100.0,-37.0,-4.0,-104.0,-126.0,0.0,0.0,-1.0,4232.0,107.0,-442.0,449.0,-129.0,12.0,3671.0,19.0,-2.0,66.0,1.0,-33.0,-5.0
-6.0,4.0,-13.0,0.0,62.0,5.0,-1.0,-3.0,-2.0,-1.0,-17.0,0.0,-3.0,11.0,2.0,-9.0,-2.0,-3.0,-109.0,77.0,-5.0,-157.0,-30.0,0.0,-5.0,-4.0,-615.0,-8.0,-100.0,-311.0,7.0,-7.0,-373.0,-1.0,-1.0,-52.0,-1.0,-45.0,12.0
5.0,3.0,-15.0,0.0,116.0,56.0,3.0,4.0,2.0,0.0,13.0,6.0,4.0,28.0,-4.0,12.0,-7.0,-1.0,-122.0,-30.0,-4.0,-82.0,103.0,-1.0,0.0,-1.0,2080.0,-2.0,-93.0,285.0,-77.0,37.0,1661.0,4.0,0.0,58.0,1.0,-14.0,9.0
-22.0,17.0,-12.0,0.0,-167.0,-85.0,-15.0,-2.0,0.0,0.0,-38.0,-5.0,0.0,-16.0,-8.0,30.0,-1.0,23.0,46.0,-129.0,6.0,-19.0,-228.0,-4.0,4.0,4.0,-7890.0,-65.0,-118.0,-967.0,47.0,-29.0,-7651.0,-40.0,7.0,-64.0,0.0,9.0,9.0
1.0,-3.0,-2.0,-2.0,-4.0,-5.0,0.0,11.0,-3.0,3.0,3.0,-3.0,-3.0,29.0,-1.0,4.0,0.0,-37.0,-42.0,-108.0,-5.0,-9.0,-170.0,-1.0,3.0,0.0,294.0,-5.0,42.0,194.0,-31.0,-7.0,-107.0,10.0,-3.0,-36.0,2.0,-6.0,-20.0
2.0,-1.0,5.0,2.0,33.0,4.0,5.0,-3.0,3.0,1.0,-8.0,6.0,-1.0,1.0,1.0,-5.0,0.0,-20.0,-214.0,16.0,6.0,683.0,318.0,-2.0,-3.0,-2.0,-3328.0,30.0,237.0,-409.0,128.0,5.0,-2168.0,8.0,0.0,88.0,-1.0,33.0,10.0
7.0,-10.0,-21.0,1.0,91.0,35.0,1.0,-2.0,0.0,2.0,19.0,0.0,2.0,-20.0,6.0,-20.0,-2.0,-64.0,259.0,50.0,18.0,-206.0,-178.0,-3.0,0.0,-1.0,6743.0,196.0,-141.0,956.0,173.0,58.0,7371.0,11.0,2.0,-44.0,0.0,-46.0,5.0
1.0,3.0,-6.0,-1.0,48.0,27.0,-2.0,-2.0,0.0,1.0,2.0,11.0,5.0,25.0,-7.0,24.0,-7.0,18.0,270.0,13.0,4.0,359.0,166.0,1.0,2.0,1.0,1960.0,26.0,-89.0,398.0,-179.0,12.0,2484.0,-2.0,6.0,108.0,1.0,10.0,19.0
3.0,-7.0,-2.0,1.0,122.0,39.0,7.0,-3.0,-1.0,1.0,6.0,0.0,0.0,6.0,2.0,-13.0,0.0,-57.0,219.0,217.0,11.0,-25.0,-54.0,5.0,1.0,-2.0,5004.0,209.0,-29.0,818.0,-92.0,20.0,5752.0,16.0,-9.0,35.0,3.0,9.0,-21.0
-13.0,10.0,11.0,0.0,-209.0,-73.0,0.0,-14.0,-5.0,-2.0,-31.0,-3.0,0.0,-12.0,-3.0,15.0,-6.0,74.0,78.0,74.0,5.0,174.0,4.0,2.0,3.0,4.0,-5316.0,0.0,-56.0,-806.0,5.0,-61.0,-5177.0,-15.0,7.0,-11.0,0.0,-1.0,10.0
1.0,0.0,-2.0,1.0,91.0,33.0,4.0,-6.0,-1.0,-3.0,5.0,1.0,2.0,-10.0,0.0,-7.0,0.0,16.0,157.0,10.0,-2.0,207.0,258.0,-2.0,-2.0,0.0,6540.0,32.0,30.0,1421.0,-47.0,21.0,6966.0,2.0,5.0,-26.0,-1.0,5.0,6.0
5.0,-1.0,7.0,-1.0,0.0,24.0,-2.0,5.0,0.0,2.0,24.0,-7.0,0.0,-25.0,-2.0,13.0,0.0,-39.0,32.0,-102.0,-1.0,-462.0,-280.0,-2.0,4.0,3.0,4295.0,4.0,248.0,848.0,130.0,28.0,3232.0,4.0,-3.0,-35.0,1.0,-15.0,-9.0
-5.0,1.0,5.0,2.0,99.0,18.0,-8.0,-8.0,0.0,1.0,-20.0,0.0,4.0,-21.0,5.0,-9.0,0.0,-32.0,-22.0,-48.0,-1.0,-251.0,-297.0,-2.0,2.0,1.0,365.0,58.0,-360.0,-7.0,-102.0,51.0,261.0,21.0,1.0,9.0,1.0,-10.0,-5.0
-5.0,-1.0,4.0,1.0,-48.0,-34.0,4.0,7.0,2.0,-1.0,-6.0,-5.0,-2.0,23.0,2.0,-6.0,4.0,36.0,-129.0,-25.0,-1.0,-423.0,-193.0,1.0,-1.0,-1.0,-818.0,-47.0,27.0,-271.0,105.0,-5.0,-1301.0,26.0,2.0,-17.0,0.0,17.0,-2.0
-4.0,7.0,20.0,-1.0,-247.0,-74.0,-10.0,0.0,-1.0,-1.0,-21.0,-5.0,1.0,-28.0,-5.0,10.0,2.0,59.0,-67.0,-67.0,2.0,606.0,340.0,0.0,-3.0,-2.0,-7220.0,-75.0,-130.0,-893.0,220.0,-72.0,-7053.0,-23.0,1.0,-36.0,-1.0,-2.0,-17.0
0.0,-2.0,-23.0,-1.0,-73.0,-14.0,7.0,4.0,2.0,-2.0,9.0,-4.0,0.0,-10.0,2.0,-8.0,0.0,46.0,267.0,-52.0,-6.0,-310.0,-72.0,-1.0,2.0,-1.0,2341.0,-44.0,-154.0,523.0,-208.0,-27.0,1739.0,-10.0,2.0,-60.0,3.0,-7.0,-14.0
3.0,-5.0,17.0,2.0,23.0,11.0,-2.0,-10.0,0.0,0.0,-6.0,4.0,1.0,-12.0,6.0,-19.0,0.0,12.0,22.0,182.0,-1.0,-145.0,-13.0,4.0,0.0,0.0,1303.0,14.0,97.0,224.0,-141.0,-10.0,1169.0,5.0,-4.0,-19.0,0.0,5.0,2.0
-12.0,13.0,9.0,1.0,-127.0,-57.0,-4.0,0.0,0.0,1.0,-23.0,2.0,-4.0,9.0,-12.0,34.0,-1.0,4.0,-14.0,49.0,6.0,516.0,190.0,-1.0,2.0,3.0,-5462.0,-77.0,672.0,-356.0,81.0,-66.0,-4520.0,-42.0,-1.0,-9.0,-1.0,46.0,15.0
6.0,-8.0,-18.0,-1.0,301.0,91.0,9.0,2.0,2.0,2.0,24.0,0.0,-5.0,13.0,11.0,-26.0,-2.0,-70.0,-243.0,54.0,-7.0,-606.0,-285.0,-4.0,-3.0,-3.0,5555.0,43.0,140.0,768.0,118.0,107.0,5408.0,28.0,-6.0,24.0,0.0,-63.0,-2.0
19.0,-12.0,-5.0,-2.0,144.0,74.0,17.0,12.0,0.0,0.0,44.0,1.0,-1.0,28.0,2.0,-11.0,1.0,-35.0,-68.0,-53.0,-5.0,164.0,241.0,0.0,-4.0,-4.0,6587.0,51.0,21.0,743.0,94.0,39.0,6482.0,35.0,-3.0,83.0,0.0,-14.0,-11.0
1.0,-6.0,-6.0,-1.0,-87.0,-36.0,0.0,4.0,0.0,2.0,-6.0,0.0,-3.0,14.0,5.0,-15.0,0.0,6.0,-152.0,-40.0,1.0,245.0,14.0,0.0,0.0,-2.0,-4524.0,-7.0,-54.0,-595.0,24.0,-26.0,-4498.0,4.0,0.0,-31.0,1.0,5.0,-9.0
-7.0,4.0,11.0,0.0,40.0,-14.0,-10.0,-6.0,-5.0,-1.0,-25.0,5.0,1.0,34.0,-1.0,0.0,0.0,13.0,-85.0,138.0,1.0,89.0,34.0,5.0,-3.0,0.0,-3308.0,10.0,-331.0,-962.0,-50.0,-6.0,-2803.0,-2.0,1.0,7.0,-3.0,-11.0,13.0
-7.0,7.0,19.0,1.0,-243.0,-93.0,-9.0,-4.0,1.0,-1.0,-11.0,-10.0,-3.0,-28.0,1.0,5.0,5.0,33.0,-93.0,8.0,-2.0,-11.0,-110.0,2.0,4.0,4.0,-3542.0,-22.0,-66.0,-433.0,-134.0,-92.0,-4024.0,-32.0,-5.0,-52.0,0.0,30.0,-22.0
10.0,-6.0,-3.0,0.0,177.0,74.0,6.0,-1.0,0.0,1.0,9.0,10.0,4.0,-10.0,-1.0,-5.0,0.0,-67.0,24.0,59.0,6.0,242.0,175.0,0.0,-2.0,-1.0,-3296.0,22.0,4.0,-1057.0,94.0,69.0,-2486.0,-1.0,-4.0,105.0,-1.0,-7.0,5.0
2.0,1.0,-11.0,3.0,14.0,12.0,6.0,4.0,1.0,-2.0,8.0,0.0,3.0,18.0,-3.0,4.0,0.0,-8.0,-82.0,-30.0,-3.0,-441.0,-118.0,2.0,4.0,3.0,1785.0,4.0,-14.0,12.0,-236.0,-10.0,822.0,1.0,-1.0,-38.0,1.0,41.0,9.0
-15.0,15.0,3.0,-4.0,-203.0,-77.0,-7.0,1.0,-1.0,-1.0,-26.0,-3.0,-5.0,0.0,-9.0,36.0,0.0,72.0,-76.0,-146.0,-9.0,427.0,128.0,0.0,-2.0,0.0,-9304.0,-188.0,100.0,-1319.0,58.0,-71.0,-9249.0,-25.0,7.0,31.0,-1.0,16.0,17.0
-12.0,13.0,24.0,-3.0,-97.0,-35.0,-9.0,-2.0,-4.0,0.0,-23.0,-2.0,-4.0,3.0,-9.0,36.0,0.0,41.0,56.0,-32.0,-16.0,28.0,-69.0,3.0,1.0,2.0,-3183.0,-172.0,293.0,-306.0,-138.0,-62.0,-3689.0,-14.0,0.0,7.0,0.0,10.0,8.0
17.0,-16.0,17.0,2.0,266.0,103.0,7.0,-6.0,0.0,1.0,18.0,5.0,4.0,-5.0,13.0,-39.0,1.0,-55.0,-68.0,81.0,-7.0,-232.0,-69.0,2.0,-2.0,-3.0,8255.0,123.0,-242.0,960.0,-149.0,80.0,7912.0,61.0,-6.0,73.0,1.0,-19.0,-14.0
7.0,-2.0,12.0,1.0,33.0,28.0,3.0,2.0,3.0,3.0,16.0,-1.0,-1.0,-24.0,-1.0,8.0,0.0,-59.0,-182.0,-86.0,5.0,221.0,38.0,-4.0,1.0,1.0,967.0,34.0,485.0,439.0,258.0,33.0,1064.0,12.0,-3.0,53.0,0.0,18.0,1.0
0.0,-2.0,-19.0,-1.0,99.0,28.0,9.0,7.0,-1.0,1.0,12.0,-4.0,-1.0,18.0,-4.0,6.0,0.0,-69.0,197.0,35.0,12.0,120.0,-41.0,1.0,1.0,-2.0,3701.0,195.0,-126.0,594.0,49.0,30.0,4583.0,11.0,-5.0,54.0,3.0,4.0,-23.0
12.0,-6.0,-23.0,-2.0,291.0,127.0,5.0,-3.0,-3.0,2.0,17.0,15.0,5.0,5.0,-3.0,1.0,-9.0,-69.0,222.0,17.0,3.0,434.0,303.0,-3.0,-3.0,-3.0,4360.0,69.0,39.0,704.0,29.0,97.0,5325.0,6.0,3.0,69.0,0.0,-47.0,24.0
4.0,3.0,3.0,3.0,93.0,36.0,8.0,0.0,4.0,-4.0,10.0,2.0,5.0,3.0,-2.0,-1.0,2.0,17.0,-163.0,22.0,-3.0,-67.0,233.0,0.0,-1.0,1.0,964.0,-17.0,-98.0,-55.0,-59.0,30.0,816.0,-1.0,-2.0,68.0,-1.0,31.0,-4.0
-4.0,9.0,15.0,-2.0,-141.0,-49.0,-12.0,-4.0,2.0,1.0,-6.0,-4.0,-2.0,-18.0,0.0,13.0,-2.0,40.0,-133.0,8.0,-3.0,348.0,111.0,-1.0,0.0,0.0,-3247.0,-28.0,-145.0,-160.0,25.0,-45.0,-3185.0,-29.0,-4.0,44.0,0.0,-25.0,-22.0
5.0,-8.0,6.0,-1.0,279.0,72.0,0.0,-1.0,-1.0,2.0,16.0,5.0,-1.0,36.0,8.0,-17.0,0.0,-54.0,-219.0,115.0,-1.0,-360.0,-221.0,1.0,-1.0,1.0,2862.0,61.0,-91.0,117.0,61.0,108.0,2978.0,27.0,-4.0,83.0,-2.0,-29.0,-1.0
-17.0,9.0,1.0,1.0,-57.0,-46.0,-13.0,-7.0,-4.0,0.0,-36.0,-3.0,0.0,-9.0,-3.0,8.0,-1.0,14.0,183.0,-45.0,-2.0,34.0,-153.0,-3.0,5.0,4.0,247.0,-24.0,51.0,872.0,-172.0,-25.0,377.0,-23.0,5.0,-145.0,1.0,13.0,-3.0
12.0,-10.0,-21.0,0.0,188.0,71.0,-3.0,9.0,6.0,2.0,29.0,-1.0,-3.0,-17.0,9.0,-30.0,4.0,-73.0,-265.0,-31.0,-5.0,-539.0,-130.0,-3.0,-7.0,-7.0,4178.0,-6.0,108.0,554.0,187.0,63.0,3645.0,12.0,-8.0,-71.0,-1.0,-48.0,4.0
7.0,-13.0,-7.0,1.0,133.0,37.0,14.0,4.0,1.0,-1.0,2.0,6.0,1.0,17.0,6.0,-33.0,4.0,-9.0,-100.0,4.0,4.0,271.0,254.0,-1.0,-5.0,-4.0,-2098.0,0.0,7.0,-502.0,176.0,59.0,-1319.0,31.0,3.0,31.0,-1.0,20.0,0.0
2.0,2.0,5.0,1.0,-56.0,-7.0,3.0,1.0,3.0,-1.0,-2.0,3.0,0.0,-12.0,1.0,0.0,0.0,52.0,-34.0,-139.0,-18.0,-1.0,103.0,-5.0,1.0,1.0,130.0,-207.0,305.0,309.0,-184.0,-33.0,-621.0,-7.0,4.0,-31.0,0.0,11.0,8.0
17.0,-14.0,-14.0,-3.0,28.0,39.0,12.0,8.0,0.0,-2.0,43.0,-2.0,0.0,12.0,7.0,-25.0,1.0,28.0,36.0,-1.0,-5.0,-265.0,107.0,3.0,-4.0,-4.0,5097.0,19.0,-312.0,363.0,21.0,15.0,4259.0,21.0,0.0,0.0,0.0,-36.0,-10.0
-12.0,7.0,9.0,-2.0,-213.0,-78.0,0.0,-3.0,-8.0,1.0,-28.0,-6.0,-3.0,17.0,-4.0,19.0,-6.0,37.0,36.0,-34.0,0.0,165.0,-166.0,1.0,6.0,4.0,-5022.0,-5.0,-14.0,-612.0,-26.0,-68.0,-5284.0,-5.0,4.0,-47.0,2.0,-7.0,-10.0
-10.0,4.0,-4.0,-1.0,-6.0,-24.0,-6.0,-9.0,-4.0,0.0,-28.0,5.0,-2.0,8.0,-1.0,3.0,-2.0,16.0,283.0,120.0,3.0,284.0,33.0,2.0,-3.0,-2.0,-735.0,20.0,-96.0,-198.0,-95.0,-32.0,450.0,-7.0,5.0,-2.0,-1.0,-21.0,22.0
-5.0,8.0,-13.0,-1.0,-110.0,-39.0,-2.0,5.0,4.0,0.0,-2.0,-2.0,0.0,-7.0,-5.0,22.0,0.0,9.0,-137.0,-84.0,8.0,-53.0,-75.0,-1.0,-1.0,0.0,-8137.0,-41.0,-169.0,-1839.0,219.0,-4.0,-8028.0,-17.0,2.0,81.0,-1.0,-4.0,12.0
-14.0,11.0,0.0,0.0,-243.0,-92.0,-9.0,-4.0,0.0,-1.0,-24.0,-1.0,-3.0,-7.0,-7.0,20.0,-1.0,67.0,90.0,101.0,6.0,87.0,56.0,2.0,2.0,3.0,-6952.0,-109.0,339.0,-736.0,8.0,-90.0,-6743.0,-56.0,2.0,-92.0,-1.0,24.0,16.0
-11.0,9.0,17.0,1.0,-243.0,-100.0,-7.0,1.0,3.0,-1.0,-15.0,-4.0,0.0,20.0,-4.0,23.0,2.0,87.0,48.0,-4.0,1.0,-75.0,-137.0,4.0,5.0,4.0,-2400.0,-43.0,-128.0,-306.0,-208.0,-85.0,-2841.0,-8.0,3.0,39.0,1.0,57.0,-5.0
-7.0,5.0,24.0,2.0,-349.0,-118.0,-7.0,0.0,-2.0,-3.0,-26.0,-11.0,0.0,-38.0,-4.0,2.0,9.0,52.0,-27.0,-67.0,3.0,247.0,119.0,3.0,1.0,2.0,-7515.0,-69.0,-51.0,-1166.0,61.0,-119.0,-7892.0,-26.0,0.0,-132.0,-1.0,53.0,-17.0
-12.0,9.0,7.0,1.0,-264.0,-102.0,-10.0,-4.0,4.0,-1.0,-17.0,-8.0,-3.0,-9.0,2.0,8.0,0.0,88.0,-139.0,39.0,1.0,-440.0,-263.0,3.0,1.0,1.0,-3538.0,-49.0,-76.0,-558.0,-16.0,-83.0,-4373.0,-11.0,2.0,-43.0,0.0,8.0,9.0
1.0,-3.0,6.0,1.0,-62.0,-29.0,3.0,-2.0,2.0,-1.0,-7.0,7.0,3.0,14.0,0.0,-4.0,2.0,42.0,77.0,25.0,6.0,619.0,310.0,2.0,1.0,1.0,-3680.0,4.0,-148.0,-537.0,-137.0,-21.0,-2859.0,-3.0,4.0,87.0,0.0,60.0,-3.0
0.0,3.0,-10.0,1.0,-44.0,-7.0,8.0,3.0,6.0,0.0,2.0,1.0,0.0,-13.0,-2.0,9.0,0.0,4.0,48.0,-6.0,1.0,-79.0,-26.0,-1.0,1.0,-1.0,-3003.0,-39.0,107.0,-712.0,-57.0,-17.0,-2897.0,-8.0,-3.0,85.0,2.0,16.0,-1.0
14.0,-12.0,-6.0,-3.0,55.0,43.0,9.0,1.0,-1.0,1.0,31.0,2.0,-3.0,-4.0,5.0,-14.0,-1.0,-15.0,137.0,33.0,3.0,240.0,178.0,1.0,-6.0,-5.0,5329.0,73.0,77.0,604.0,184.0,16.0,5773.0,26.0,2.0,51.0,-1.0,-39.0,13.0
-13.0,8.0,-2.0,-2.0,-247.0,-97.0,-9.0,7.0,-3.0,2.0,-21.0,-4.0,-6.0,22.0,-8.0,24.0,-1.0,30.0,48.0,-7.0,1.0,78.0,-114.0,1.0,5.0,3.0,-6658.0,-114.0,381.0,-542.0,-23.0,-97.0,-6850.0,-46.0,-1.0,-128.0,1.0,18.0,-4.0
-6.0,6.0,-29.0,0.0,-98.0,-30.0,0.0,3.0,0.0,-1.0,1.0,-3.0,0.0,-2.0,-6.0,20.0,-2.0,0.0,101.0,-126.0,6.0,-220.0,-168.0,-1.0,2.0,2.0,-776.0,12.0,-55.0,-351.0,-5.0,-23.0,-1056.0,-13.0,8.0,-51.0,0.0,11.0,31.0
0.0,-1.0,35.0,2.0,-126.0,-53.0,-4.0,0.0,0.0,-2.0,-12.0,-3.0,-1.0,-14.0,5.0,-15.0,9.0,50.0,-280.0,-91.0,-16.0,-114.0,1.0,-1.0,1.0,4.0,-4523.0,-215.0,163.0,-740.0,-62.0,-44.0,-5535.0,-6.0,0.0,-80.0,-3.0,35.0,-10.0
10.0,-12.0,-29.0,1.0,64.0,31.0,4.0,5.0,1.0,-1.0,31.0,-4.0,5.0,-4.0,8.0,-31.0,0.0,-21.0,158.0,16.0,10.0,-711.0,-249.0,-1.0,2.0,0.0,6511.0,142.0,-530.0,715.0,10.0,57.0,5857.0,6.0,0.0,-95.0,1.0,-43.0,-18.0
-6.0,0.0,8.0,0.0,7.0,-5.0,14.0,-3.0,-7.0,-2.0,-20.0,0.0,1.0,20.0,-3.0,1.0,-2.0,22.0,88.0,10.0,3.0,191.0,74.0,0.0,1.0,2.0,-2596.0,2.0,47.0,-519.0,126.0,17.0,-2105.0,22.0,7.0,15.0,0.0,8.0,-1.0
-12.0,12.0,5.0,1.0,-239.0,-86.0,-10.0,-5.0,-4.0,-3.0,-41.0,0.0,2.0,-2.0,-9.0,17.0,0.0,67.0,134.0,23.0,2.0,449.0,255.0,4.0,-2.0,-1.0,-6170.0,-51.0,-240.0,-1079.0,-111.0,-114.0,-5781.0,-29.0,5.0,-76.0,-1.0,18.0,14.0
3.0,0.0,15.0,1.0,46.0,10.0,-4.0,3.0,-1.0,-1.0,3.0,0.0,3.0,26.0,0.0,-3.0,2.0,-3.0,-368.0,18.0,-2.0,-195.0,1.0,3.0,0.0,2.0,-2573.0,-10.0,-235.0,-764.0,45.0,26.0,-3253.0,5.0,-4.0,9.0,-2.0,10.0,-9.0
14.0,-8.0,-16.0,-1.0,270.0,117.0,4.0,-3.0,1.0,2.0,24.0,8.0,5.0,3.0,6.0,-11.0,-8.0,-48.0,-7.0,-45.0,-2.0,-93.0,-16.0,-2.0,-4.0,-5.0,7774.0,129.0,-376.0,882.0,5.0,104.0,7695.0,51.0,3.0,118.0,1.0,-63.0,17.0
1.0,-3.0,-14.0,-1.0,66.0,26.0,1.0,0.0,-3.0,0.0,6.0,-6.0,-4.0,-10.0,5.0,-18.0,-2.0,-20.0,-72.0,-55.0,-7.0,-167.0,-38.0,-4.0,-3.0,-3.0,5696.0,21.0,124.0,1363.0,114.0,16.0,5327.0,9.0,1.0,-144.0,0.0,-50.0,0.0
15.0,-14.0,10.0,1.0,287.0,113.0,8.0,-6.0,-4.0,1.0,11.0,12.0,4.0,-3.0,4.0,-27.0,0.0,-76.0,161.0,143.0,-2.0,295.0,250.0,1.0,-1.0,-1.0,4841.0,63.0,173.0,782.0,-125.0,73.0,5542.0,16.0,-6.0,24.0,0.0,-3.0,-7.0
2.0,2.0,14.0,0.0,79.0,24.0,2.0,-4.0,3.0,-2.0,2.0,2.0,2.0,-15.0,1.0,-5.0,2.0,25.0,-81.0,52.0,0.0,374.0,351.0,-2.0,-5.0,-2.0,-821.0,-21.0,-84.0,-67.0,177.0,40.0,-6.0,-2.0,-1.0,106.0,-2.0,-10.0,-13.0
-19.0,15.0,9.0,1.0,-61.0,-43.0,-17.0,-5.0,-3.0,1.0,-35.0,-4.0,1.0,-13.0,-8.0,30.0,-1.0,-8.0,178.0,-15.0,-1.0,-418.0,-425.0,-1.0,7.0,6.0,-1769.0,-49.0,75.0,46.0,-149.0,-20.0,-2091.0,-29.0,0.0,-88.0,1.0,3.0,0.0
-12.0,8.0,1.0,-3.0,-81.0,-38.0,0.0,-2.0,-2.0,0.0,-20.0,-3.0,-5.0,6.0,-7.0,23.0,0.0,15.0,143.0,71.0,2.0,402.0,74.0,5.0,-1.0,-2.0,-4300.0,21.0,71.0,-501.0,-34.0,-51.0,-3497.0,-9.0,-2.0,66.0,2.0,25.0,-4.0
18.0,-14.0,-8.0,0.0,126.0,66.0,-2.0,12.0,8.0,3.0,46.0,-1.0,0.0,-28.0,7.0,-21.0,6.0,-70.0,-156.0,-108.0,0.0,-382.0,-100.0,-3.0,-2.0,-3.0,4793.0,2.0,208.0,865.0,180.0,70.0,4018.0,13.0,-7.0,-19.0,0.0,-3.0,-8.0
7.0,-8.0,-8.0,-1.0,322.0,93.0,12.0,7.0,1.0,2.0,26.0,4.0,-2.0,42.0,5.0,-11.0,0.0,-71.0,-56.0,11.0,-7.0,-241.0,-159.0,-3.0,1.0,0.0,6693.0,49.0,88.0,1020.0,-74.0,105.0,6940.0,31.0,-5.0,106.0,1.0,-14.0,-16.0
-5.0,12.0,12.0,1.0,-100.0,-33.0,-9.0,-7.0,2.0,2.0,-10.0,0.0,-2.0,-16.0,-5.0,28.0,-4.0,-11.0,-114.0,12.0,2.0,412.0,64.0,-1.0,2.0,2.0,-1230.0,30.0,230.0,93.0,-48.0,-54.0,-849.0,-23.0,-3.0,57.0,0.0,13.0,10.0
-17.0,13.0,4.0,1.0,-181.0,-95.0,-8.0,-2.0,1.0,-2.0,-32.0,-4.0,-3.0,31.0,-2.0,14.0,0.0,84.0,-61.0,73.0,-4.0,-232.0,-167.0,4.0,0.0,0.0,-3015.0,-51.0,-228.0,-617.0,-201.0,-92.0,-3214.0,-9.0,2.0,-13.0,0.0,12.0,7.0
1.0,2.0,29.0,1.0,-78.0,-26.0,-6.0,-2.0,0.0,-1.0,-10.0,8.0,4.0,11.0,-2.0,9.0,2.0,68.0,-10.0,-78.0,-12.0,245.0,167.0,0.0,3.0,5.0,-2563.0,-189.0,74.0,-342.0,-241.0,-32.0,-3051.0,-8.0,6.0,28.0,-2.0,45.0,9.0
5.0,-7.0,1.0,1.0,129.0,40.0,10.0,6.0,2.0,0.0,3.0,5.0,2.0,13.0,1.0,-11.0,4.0,-31.0,-105.0,34.0,5.0,-181.0,-18.0,1.0,-3.0,-2.0,-4114.0,-25.0,31.0,-1328.0,199.0,64.0,-3787.0,25.0,-2.0,88.0,-1.0,10.0,3.0
2.0,-3.0,-18.0,1.0,-40.0,-10.0,12.0,1.0,5.0,-1.0,1.0,2.0,-1.0,-9.0,3.0,-13.0,0.0,26.0,53.0,-36.0,0.0,373.0,246.0,-3.0,-1.0,-3.0,-987.0,-14.0,83.0,114.0,-80.0,-22.0,-429.0,-2.0,2.0,28.0,2.0,26.0,-4.0
-1.0,-5.0,-11.0,-3.0,-120.0,-40.0,-5.0,7.0,-3.0,1.0,2.0,-6.0,-2.0,13.0,4.0,-10.0,0.0,26.0,62.0,-56.0,-5.0,-438.0,-304.0,2.0,3.0,0.0,-1196.0,-37.0,-291.0,-186.0,-104.0,-31.0,-2330.0,-4.0,0.0,-119.0,2.0,-28.0,-19.0
-8.0,5.0,-18.0,-3.0,-112.0,-42.0,-6.0,-1.0,-1.0,1.0,-7.0,-3.0,-3.0,-20.0,-3.0,16.0,-2.0,8.0,183.0,-96.0,9.0,221.0,-50.0,-3.0,-2.0,-1.0,-2561.0,8.0,-41.0,-363.0,231.0,-13.0,-1878.0,-14.0,9.0,-13.0,-1.0,-30.0,22.0
-13.0,7.0,27.0,1.0,-236.0,-98.0,5.0,-7.0,-6.0,-3.0,-31.0,-10.0,-2.0,-8.0,-2.0,6.0,3.0,55.0,-5.0,18.0,1.0,180.0,-36.0,2.0,5.0,6.0,-6138.0,-20.0,-19.0,-952.0,-8.0,-75.0,-6129.0,-10.0,2.0,-37.0,0.0,38.0,-23.0
-3.0,1.0,-12.0,2.0,-75.0,-19.0,-2.0,-7.0,0.0,-1.0,-5.0,1.0,1.0,-14.0,0.0,1.0,-2.0,12.0,123.0,56.0,5.0,-365.0,-181.0,3.0,2.0,2.0,527.0,26.0,42.0,-127.0,-146.0,-33.0,113.0,-8.0,4.0,-70.0,0.0,16.0,33.0
12.0,-4.0,3.0,-1.0,-178.0,-19.0,5.0,5.0,-1.0,-2.0,18.0,-3.0,1.0,-14.0,-3.0,0.0,1.0,36.0,-12.0,-64.0,2.0,405.0,400.0,3.0,-5.0,-4.0,-106.0,2.0,-67.0,-277.0,168.0,-66.0,-458.0,4.0,2.0,-23.0,-1.0,0.0,5.0
-2.0,1.0,-20.0,2.0,-63.0,-26.0,0.0,5.0,1.0,0.0,8.0,-2.0,1.0,5.0,-4.0,3.0,-1.0,-17.0,144.0,65.0,16.0,-195.0,-59.0,-2.0,4.0,3.0,1049.0,65.0,142.0,359.0,91.0,-9.0,1337.0,-36.0,-1.0,-104.0,0.0,3.0,-3.0
13.0,-8.0,8.0,1.0,110.0,45.0,-9.0,7.0,6.0,1.0,19.0,7.0,1.0,-6.0,7.0,-21.0,6.0,-5.0,-275.0,-109.0,-17.0,-294.0,37.0,-3.0,-4.0,-2.0,1615.0,-195.0,182.0,212.0,-54.0,31.0,594.0,4.0,-2.0,-43.0,-3.0,-3.0,13.0
6.0,-5.0,-6.0,1.0,326.0,98.0,12.0,-4.0,4.0,-1.0,23.0,7.0,1.0,13.0,6.0,-15.0,0.0,-34.0,-14.0,119.0,-2.0,-232.0,11.0,-2.0,-2.0,0.0,6399.0,54.0,46.0,826.0,-43.0,112.0,7047.0,21.0,-2.0,142.0,-1.0,-8.0,4.0
12.0,-11.0,14.0,0.0,200.0,71.0,-3.0,-4.0,-2.0,1.0,14.0,2.0,4.0,1.0,10.0,-26.0,1.0,-50.0,-253.0,3.0,0.0,-206.0,-118.0,2.0,-4.0,-2.0,3121.0,121.0,-518.0,-167.0,127.0,93.0,2781.0,52.0,-1.0,69.0,-2.0,-39.0,-1.0
5.0,-3.0,26.0,3.0,139.0,46.0,3.0,-6.0,0.0,2.0,-5.0,7.0,0.0,4.0,1.0,-5.0,0.0,-51.0,-82.0,130.0,-1.0,284.0,121.0,1.0,0.0,0.0,2793.0,46.0,430.0,604.0,-68.0,14.0,3392.0,19.0,-7.0,64.0,0.0,27.0,1.0
2.0,0.0,-20.0,-2.0,114.0,53.0,-1.0,-2.0,-3.0,1.0,8.0,5.0,1.0,15.0,-2.0,6.0,-9.0,-2.0,198.0,-42.0,-3.0,192.0,128.0,-3.0,-1.0,-2.0,7656.0,47.0,35.0,1761.0,-65.0,28.0,7811.0,7.0,7.0,-36.0,1.0,-40.0,19.0
8.0,-5.0,15.0,-2.0,-8.0,12.0,0.0,5.0,3.0,2.0,20.0,-5.0,-1.0,-26.0,4.0,-7.0,2.0,-8.0,-201.0,-90.0,0.0,157.0,85.0,-4.0,-1.0,-1.0,-1050.0,-24.0,110.0,186.0,331.0,42.0,-1272.0,6.0,-4.0,40.0,0.0,-20.0,-31.0
0.0,3.0,4.0,-1.0,83.0,31.0,0.0,7.0,-3.0,1.0,9.0,-3.0,0.0,15.0,-6.0,19.0,0.0,-43.0,110.0,-68.0,-6.0,-254.0,-184.0,-1.0,3.0,2.0,4818.0,2.0,96.0,789.0,-55.0,19.0,4391.0,6.0,-3.0,-5.0,1.0,-11.0,-11.0
4.0,0.0,-9.0,1.0,68.0,29.0,5.0,6.0,2.0,-1.0,11.0,-5.0,-1.0,3.0,3.0,-12.0,0.0,-19.0,-392.0,-43.0,-8.0,-441.0,-63.0,-2.0,-2.0,-2.0,120.0,-28.0,-4.0,-113.0,102.0,25.0,-823.0,6.0,-6.0,-50.0,0.0,-24.0,-10.0
1.0,0.0,9.0,-2.0,29.0,7.0,-9.0,5.0,4.0,1.0,-1.0,4.0,-4.0,0.0,0.0,2.0,6.0,10.0,-132.0,-38.0,-15.0,108.0,111.0,2.0,-5.0,-4.0,-2685.0,-174.0,253.0,-289.0,-88.0,-20.0,-2903.0,-5.0,-4.0,23.0,-1.0,22.0,9.0
-7.0,3.0,-2.0,1.0,120.0,28.0,-7.0,-8.0,-4.0,1.0,-27.0,7.0,4.0,-19.0,-4.0,3.0,-1.0,-53.0,207.0,14.0,4.0,276.0,22.0,-3.0,3.0,3.0,-3049.0,-2.0,55.0,-185.0,-78.0,44.0,-2109.0,-24.0,1.0,-40.0,0.0,6.0,2.0
-7.0,8.0,-16.0,-1.0,-117.0,-40.0,-5.0,-4.0,1.0,1.0,1.0,-7.0,-2.0,-14.0,-4.0,20.0,-4.0,-17.0,187.0,99.0,14.0,103.0,-111.0,3.0,3.0,0.0,981.0,193.0,-229.0,307.0,-72.0,-48.0,1511.0,-26.0,-5.0,28.0,3.0,-5.0,-12.0
9.0,-9.0,-32.0,4.0,105.0,47.0,7.0,2.0,1.0,0.0,27.0,0.0,5.0,-2.0,3.0,-16.0,-2.0,-72.0,177.0,20.0,15.0,-647.0,-296.0,-1.0,4.0,2.0,8528.0,200.0,-155.0,968.0,-63.0,48.0,8193.0,12.0,1.0,-82.0,1.0,-5.0,14.0
-1.0,-2.0,1.0,-1.0,-95.0,-33.0,-2.0,1.0,-1.0,-2.0,1.0,1.0,4.0,13.0,-1.0,1.0,2.0,62.0,291.0,9.0,0.0,-64.0,-8.0,4.0,4.0,3.0,-352.0,-26.0,-385.0,-128.0,-265.0,-26.0,-691.0,-11.0,4.0,-1.0,1.0,27.0,-13.0
-19.0,15.0,-3.0,0.0,-160.0,-85.0,-7.0,-2.0,-3.0,-2.0,-39.0,3.0,-3.0,33.0,-11.0,26.0,-1.0,63.0,168.0,135.0,1.0,295.0,152.0,3.0,1.0,2.0,-6429.0,-111.0,187.0,-795.0,-177.0,-99.0,-5584.0,-54.0,2.0,-62.0,-1.0,28.0,14.0
0.0,-6.0,12.0,2.0,-110.0,-56.0,5.0,0.0,2.0,-2.0,-9.0,-4.0,-2.0,-11.0,7.0,-28.0,9.0,24.0,-193.0,12.0,2.0,260.0,144.0,1.0,-1.0,0.0,-5640.0,-22.0,-59.0,-935.0,42.0,-33.0,-5343.0,-1.0,-2.0,-21.0,-1.0,50.0,-22.0
-2.0,3.0,4.0,1.0,-87.0,-28.0,-4.0,-5.0,4.0,0.0,-8.0,2.0,1.0,-19.0,1.0,3.0,0.0,21.0,-115.0,98.0,7.0,-198.0,-88.0,3.0,-1.0,0.0,-6834.0,-27.0,-72.0,-1615.0,78.0,-14.0,-6859.0,-12.0,-2.0,62.0,-1.0,1.0,14.0
5.0,-2.0,-12.0,3.0,-142.0,-27.0,-3.0,2.0,0.0,-1.0,6.0,-5.0,6.0,-30.0,-2.0,-6.0,0.0,-13.0,110.0,-47.0,17.0,-41.0,44.0,-1.0,1.0,0.0,1308.0,125.0,-285.0,75.0,157.0,-24.0,1140.0,-11.0,2.0,-118.0,0.0,-7.0,-3.0
2.0,-10.0,-4.0,-1.0,127.0,37.0,6.0,0.0,-3.0,1.0,-2.0,4.0,-1.0,0.0,3.0,-17.0,2.0,-32.0,215.0,22.0,6.0,93.0,7.0,-1.0,-4.0,-3.0,1462.0,24.0,159.0,148.0,211.0,55.0,2363.0,28.0,5.0,-6.0,-1.0,-16.0,13.0
-11.0,6.0,5.0,-1.0,-268.0,-107.0,-10.0,7.0,1.0,2.0,-14.0,-11.0,-6.0,20.0,1.0,12.0,0.0,51.0,-181.0,-69.0,-4.0,-449.0,-433.0,2.0,4.0,1.0,-3244.0,-54.0,-34.0,-364.0,-47.0,-90.0,-4480.0,-1.0,-1.0,-79.0,2.0,2.0,-11.0
-1.0,1.0,-26.0,2.0,-32.0,2.0,10.0,1.0,2.0,-1.0,5.0,0.0,0.0,-8.0,-3.0,7.0,-2.0,-5.0,286.0,-48.0,-1.0,-246.0,-119.0,-1.0,4.0,1.0,4358.0,14.0,221.0,776.0,-281.0,-36.0,4075.0,-4.0,3.0,-47.0,3.0,31.0,18.0
19.0,-10.0,14.0,-1.0,45.0,46.0,8.0,5.0,1.0,-1.0,32.0,5.0,0.0,10.0,6.0,-17.0,1.0,34.0,-265.0,-88.0,-17.0,44.0,282.0,-1.0,-5.0,-2.0,2886.0,-144.0,147.0,149.0,45.0,9.0,1899.0,24.0,2.0,29.0,-3.0,-18.0,12.0
-16.0,15.0,-6.0,-2.0,-232.0,-84.0,2.0,-4.0,-5.0,-2.0,-25.0,-7.0,-1.0,0.0,-9.0,34.0,-6.0,62.0,56.0,-108.0,6.0,319.0,17.0,-2.0,3.0,4.0,-6619.0,-14.0,-153.0,-1030.0,146.0,-51.0,-6346.0,-20.0,11.0,8.0,0.0,-6.0,8.0
-6.0,7.0,-1.0,2.0,87.0,12.0,2.0,-9.0,0.0,-4.0,-18.0,7.0,3.0,11.0,-3.0,2.0,0.0,33.0,120.0,142.0,0.0,217.0,266.0,2.0,-4.0,-1.0,229.0,3.0,-194.0,-253.0,-154.0,-2.0,1266.0,-8.0,3.0,66.0,-2.0,10.0,18.0
12.0,-7.0,-36.0,1.0,207.0,91.0,4.0,2.0,2.0,2.0,32.0,6.0,6.0,8.0,2.0,-8.0,-9.0,-65.0,137.0,20.0,14.0,-288.0,-75.0,-4.0,0.0,-2.0,8823.0,194.0,-234.0,1241.0,96.0,95.0,9032.0,15.0,2.0,14.0,1.0,-60.0,14.0
6.0,-10.0,-13.0,0.0,195.0,66.0,11.0,6.0,-1.0,0.0,9.0,-1.0,-2.0,3.0,6.0,-29.0,2.0,-51.0,-177.0,-21.0,-2.0,-348.0,-56.0,-3.0,-6.0,-5.0,1582.0,-4.0,155.0,35.0,313.0,80.0,1540.0,34.0,-1.0,-56.0,-1.0,-40.0,3.0
-11.0,12.0,20.0,1.0,-93.0,-38.0,5.0,-10.0,-5.0,0.0,-30.0,0.0,-1.0,4.0,-8.0,29.0,-6.0,11.0,-26.0,22.0,5.0,603.0,138.0,-1.0,3.0,4.0,-3826.0,32.0,277.0,-426.0,78.0,-37.0,-2954.0,-1.0,4.0,72.0,0.0,21.0,9.0
-3.0,5.0,-17.0,-2.0,-23.0,-11.0,2.0,10.0,0.0,0.0,6.0,-4.0,-1.0,12.0,-6.0,19.0,0.0,-12.0,-22.0,-182.0,1.0,145.0,13.0,-4.0,0.0,0.0,-1303.0,-14.0,-97.0,-224.0,141.0,10.0,-1169.0,-5.0,4.0,19.0,0.0,-5.0,-2.0
1.0,2.0,16.0,-1.0,-12.0,-9.0,-2.0,2.0,4.0,1.0,-3.0,1.0,0.0,-5.0,1.0,2.0,2.0,9.0,-238.0,42.0,2.0,167.0,93.0,0.0,-3.0,-2.0,-7361.0,-53.0,-114.0,-1488.0,224.0,19.0,-6972.0,-4.0,-6.0,132.0,-1.0,-15.0,-19.0
0.0,5.0,23.0,0.0,-16.0,3.0,-9.0,0.0,-2.0,0.0,-3.0,1.0,1.0,-3.0,-2.0,13.0,0.0,26.0,-87.0,-103.0,-18.0,-374.0,-143.0,-2.0,2.0,4.0,1117.0,-193.0,222.0,195.0,-104.0,-11.0,-192.0,-5.0,2.0,-59.0,-2.0,-15.0,12.0
-17.0,12.0,-9.0,2.0,-101.0,-53.0,-5.0,-4.0,2.0,0.0,-34.0,-2.0,0.0,-22.0,-5.0,17.0,-1.0,18.0,231.0,-51.0,-1.0,-45.0,-179.0,-4.0,6.0,3.0,-2756.0,-63.0,158.0,160.0,-229.0,-42.0,-2520.0,-31.0,2.0,-60.0,3.0,29.0,-4.0
-7.0,9.0,8.0,2.0,-175.0,-71.0,-2.0,7.0,5.0,-2.0,-4.0,-9.0,-1.0,23.0,-1.0,11.0,2.0,68.0,-344.0,-47.0,-7.0,-516.0,-200.0,2.0,3.0,2.0,-2280.0,-71.0,-132.0,-419.0,-106.0,-60.0,-3664.0,-2.0,-3.0,-11.0,1.0,33.0,-15.0
7.0,-3.0,8.0,1.0,-79.0,-1.0,-3.0,-3.0,-1.0,-1.0,-2.0,-3.0,5.0,-35.0,2.0,-9.0,1.0,4.0,-34.0,-112.0,1.0,154.0,103.0,1.0,-3.0,-3.0,259.0,60.0,-427.0,-284.0,66.0,-15.0,-197.0,25.0,3.0,-14.0,0.0,-10.0,0.0
10.0,-11.0,-16.0,-2.0,148.0,67.0,5.0,0.0,-4.0,-1.0,16.0,5.0,4.0,-7.0,3.0,-22.0,0.0,-25.0,243.0,13.0,-1.0,11.0,129.0,0.0,-1.0,-1.0,2048.0,17.0,-257.0,178.0,-57.0,59.0,2150.0,-3.0,1.0,-40.0,0.0,-30.0,-8.0
13.0,-13.0,-15.0,1.0,126.0,42.0,0.0,7.0,8.0,1.0,22.0,6.0,0.0,-3.0,9.0,-34.0,6.0,-31.0,-188.0,-6.0,1.0,80.0,180.0,-1.0,-6.0,-6.0,498.0,-2.0,-40.0,17.0,50.0,42.0,786.0,9.0,-4.0,16.0,-1.0,12.0,1.0
-1.0,-3.0,12.0,-2.0,-47.0,-26.0,-12.0,3.0,-5.0,3.0,-7.0,-2.0,-2.0,23.0,2.0,-2.0,0.0,-20.0,-205.0,-4.0,1.0,-128.0,-232.0,3.0,1.0,1.0,-3537.0,7.0,-137.0,-709.0,104.0,-4.0,-4069.0,6.0,-2.0,-59.0,-1.0,-21.0,-5.0
3.0,-8.0,33.0,3.0,-4.0,-14.0,3.0,-3.0,-1.0,-1.0,-6.0,-3.0,-1.0,-8.0,7.0,-28.0,9.0,-7.0,-61.0,126.0,-5.0,-139.0,-53.0,4.0,2.0,2.0,481.0,-6.0,134.0,78.0,-154.0,-24.0,217.0,10.0,-9.0,-45.0,0.0,44.0,-31.0
-12.0,10.0,20.0,-2.0,-180.0,-66.0,-9.0,-9.0,-1.0,-1.0,-32.0,1.0,-4.0,-12.0,-3.0,17.0,0.0,84.0,-54.0,36.0,-10.0,282.0,115.0,4.0,-2.0,0.0,-8001.0,-174.0,197.0,-1095.0,-83.0,-81.0,-8080.0,-20.0,3.0,12.0,-1.0,21.0,19.0
7.0,-7.0,-1.0,-1.0,4.0,21.0,2.0,3.0,-1.0,1.0,23.0,-6.0,-1.0,-21.0,3.0,-9.0,0.0,-17.0,37.0,-132.0,-2.0,-10.0,-8.0,-4.0,2.0,1.0,6311.0,29.0,224.0,1674.0,107.0,23.0,5700.0,10.0,2.0,-92.0,1.0,-5.0,-12.0
-14.0,9.0,-19.0,-1.0,-144.0,-64.0,0.0,3.0,-1.0,0.0,-12.0,-5.0,-4.0,11.0,-11.0,26.0,-1.0,-2.0,287.0,136.0,18.0,207.0,15.0,3.0,3.0,1.0,-3251.0,86.0,213.0,-142.0,57.0,-60.0,-2160.0,-45.0,-3.0,-38.0,2.0,28.0,-7.0
-2.0,1.0,-2.0,2.0,-54.0,-17.0,1.0,-2.0,-1.0,-1.0,-3.0,5.0,4.0,15.0,-6.0,16.0,0.0,11.0,310.0,13.0,5.0,0.0,-55.0,4.0,6.0,5.0,1665.0,32.0,-10.0,125.0,-338.0,-35.0,1645.0,-5.0,5.0,12.0,1.0,65.0,19.0
12.0,-2.0,-2.0,-2.0,-72.0,6.0,3.0,1.0,2.0,0.0,33.0,-2.0,-2.0,-4.0,2.0,3.0,-3.0,17.0,-78.0,11.0,-3.0,147.0,171.0,2.0,-2.0,-2.0,3867.0,49.0,-82.0,456.0,-27.0,-39.0,3410.0,-2.0,-3.0,57.0,0.0,-23.0,0.0
2.0,-8.0,-9.0,-2.0,233.0,62.0,4.0,-4.0,0.0,3.0,13.0,5.0,-4.0,10.0,8.0,-14.0,-2.0,-51.0,149.0,97.0,1.0,-165.0,-222.0,-2.0,-1.0,-1.0,5435.0,71.0,144.0,881.0,16.0,82.0,6231.0,22.0,0.0,74.0,0.0,-39.0,8.0
5.0,-5.0,-4.0,0.0,235.0,65.0,8.0,2.0,5.0,2.0,18.0,6.0,-1.0,23.0,6.0,-8.0,0.0,-50.0,-171.0,109.0,0.0,-439.0,-247.0,0.0,0.0,0.0,-141.0,22.0,16.0,-595.0,4.0,91.0,81.0,19.0,-7.0,168.0,0.0,-13.0,-2.0
2.0,3.0,-30.0,-1.0,70.0,46.0,7.0,1.0,3.0,1.0,10.0,6.0,1.0,2.0,-4.0,15.0,-9.0,2.0,246.0,-48.0,-2.0,113.0,102.0,-4.0,0.0,-3.0,4653.0,8.0,142.0,1049.0,-122.0,11.0,4914.0,-1.0,4.0,49.0,3.0,-24.0,18.0
11.0,-10.0,-30.0,2.0,159.0,64.0,6.0,4.0,2.0,1.0,30.0,-5.0,1.0,-17.0,9.0,-32.0,-2.0,-83.0,-133.0,7.0,10.0,-647.0,-241.0,-5.0,-2.0,-3.0,6863.0,168.0,-145.0,843.0,275.0,83.0,6548.0,17.0,-4.0,-94.0,0.0,-70.0,-5.0
-6.0,7.0,1.0,-2.0,-220.0,-73.0,-14.0,0.0,-1.0,3.0,-8.0,-6.0,-4.0,-3.0,-1.0,18.0,-4.0,15.0,-52.0,-44.0,-3.0,-26.0,-240.0,1.0,5.0,2.0,-2426.0,-7.0,-61.0,-93.0,-152.0,-85.0,-3179.0,-27.0,-3.0,-62.0,2.0,-15.0,-9.0
-24.0,16.0,2.0,2.0,-61.0,-67.0,-15.0,-10.0,-3.0,-1.0,-59.0,3.0,1.0,12.0,-6.0,17.0,-1.0,31.0,146.0,87.0,0.0,44.0,-145.0,1.0,3.0,3.0,-6064.0,-53.0,-173.0,-802.0,-279.0,-48.0,-5323.0,-33.0,3.0,-53.0,0.0,18.0,9.0
-3.0,2.0,-21.0,-1.0,-106.0,-42.0,2.0,3.0,3.0,-1.0,-3.0,-1.0,-1.0,-3.0,0.0,0.0,0.0,31.0,-132.0,-114.0,7.0,399.0,197.0,-3.0,-3.0,-2.0,-6121.0,-16.0,-193.0,-1013.0,196.0,-9.0,-5560.0,-11.0,7.0,24.0,-1.0,6.0,9.0
5.0,0.0,1.0,1.0,89.0,31.0,8.0,11.0,1.0,-1.0,13.0,-1.0,2.0,32.0,-3.0,3.0,2.0,-20.0,-205.0,-86.0,-8.0,-76.0,63.0,-1.0,2.0,1.0,1258.0,-22.0,-56.0,139.0,-90.0,23.0,709.0,9.0,-5.0,32.0,1.0,25.0,-24.0
1.0,-1.0,11.0,0.0,34.0,19.0,9.0,-10.0,-5.0,-1.0,-7.0,-2.0,3.0,-5.0,4.0,-5.0,-5.0,7.0,-12.0,-27.0,-1.0,87.0,-52.0,0.0,1.0,1.0,1636.0,109.0,-395.0,-70.0,-3.0,29.0,1566.0,41.0,5.0,81.0,1.0,-25.0,-6.0
2.0,4.0,28.0,2.0,17.0,7.0,-4.0,-3.0,1.0,1.0,-11.0,7.0,0.0,-2.0,-1.0,8.0,0.0,6.0,-301.0,-87.0,-12.0,309.0,175.0,-4.0,-1.0,2.0,-2211.0,-163.0,459.0,-214.0,24.0,-6.0,-2360.0,3.0,2.0,29.0,-3.0,18.0,22.0
-9.0,8.0,19.0,-1.0,-189.0,-83.0,-8.0,3.0,4.0,0.0,-12.0,-9.0,-4.0,5.0,2.0,7.0,2.0,76.0,-262.0,-17.0,-4.0,-75.0,-82.0,0.0,-1.0,-1.0,-4065.0,-75.0,-118.0,-431.0,130.0,-50.0,-4486.0,-3.0,-2.0,27.0,0.0,-8.0,-24.0
8.0,-10.0,-12.0,-1.0,120.0,42.0,-8.0,3.0,4.0,3.0,18.0,4.0,-2.0,-20.0,6.0,-18.0,4.0,-54.0,127.0,12.0,3.0,-98.0,-67.0,-1.0,-5.0,-5.0,4058.0,22.0,112.0,667.0,85.0,38.0,4468.0,6.0,-2.0,-21.0,-1.0,-24.0,14.0
10.0,-15.0,14.0,2.0,239.0,79.0,12.0,1.0,-2.0,0.0,5.0,7.0,2.0,20.0,6.0,-33.0,4.0,-40.0,32.0,118.0,-3.0,-128.0,57.0,2.0,-2.0,-2.0,4023.0,16.0,200.0,511.0,-20.0,68.0,4241.0,42.0,-4.0,7.0,0.0,14.0,-9.0
18.0,-9.0,-3.0,0.0,148.0,79.0,17.0,1.0,3.0,-3.0,41.0,4.0,2.0,-1.0,3.0,-15.0,1.0,2.0,-26.0,55.0,0.0,173.0,411.0,1.0,-7.0,-4.0,6293.0,56.0,-21.0,549.0,125.0,46.0,6589.0,25.0,0.0,119.0,-2.0,-8.0,9.0
5.0,-6.0,-16.0,-1.0,16.0,21.0,7.0,5.0,2.0,2.0,27.0,-8.0,-1.0,-22.0,0.0,0.0,0.0,-65.0,119.0,1.0,17.0,-88.0,-137.0,0.0,2.0,-1.0,3178.0,197.0,26.0,653.0,234.0,39.0,3424.0,9.0,-5.0,24.0,3.0,0.0,-21.0
-3.0,-2.0,4.0,3.0,-102.0,-44.0,3.0,0.0,-1.0,-2.0,-5.0,-6.0,-1.0,-10.0,1.0,-8.0,7.0,-7.0,40.0,0.0,1.0,-359.0,-221.0,3.0,4.0,4.0,-295.0,6.0,79.0,-273.0,-159.0,-47.0,-839.0,-3.0,-1.0,-96.0,0.0,55.0,0.0
-2.0,0.0,14.0,0.0,-43.0,-21.0,-12.0,-8.0,-2.0,0.0,-10.0,1.0,1.0,-6.0,3.0,-6.0,0.0,17.0,-163.0,104.0,6.0,-119.0,-62.0,4.0,-2.0,1.0,-3831.0,12.0,-179.0,-903.0,135.0,3.0,-3962.0,-4.0,1.0,-23.0,-3.0,-15.0,15.0
0.0,-5.0,-13.0,-2.0,-29.0,-7.0,-1.0,1.0,-4.0,-2.0,7.0,-5.0,0.0,3.0,4.0,-17.0,0.0,42.0,219.0,-46.0,-7.0,-231.0,-46.0,0.0,1.0,0.0,5344.0,-5.0,-261.0,1235.0,-151.0,-10.0,4636.0,-2.0,5.0,-145.0,1.0,-23.0,-13.0
-7.0,11.0,12.0,0.0,-239.0,-62.0,-12.0,0.0,-4.0,-1.0,-17.0,-7.0,2.0,-27.0,-11.0,30.0,0.0,28.0,166.0,-79.0,1.0,-13.0,-25.0,2.0,2.0,2.0,-1875.0,-47.0,8.0,-231.0,19.0,-86.0,-2549.0,-25.0,2.0,-111.0,0.0,3.0,5.0
0.0,1.0,13.0,-3.0,84.0,36.0,1.0,-5.0,-5.0,0.0,-15.0,9.0,-1.0,-3.0,-5.0,9.0,0.0,-4.0,85.0,-3.0,-11.0,722.0,378.0,1.0,-3.0,-1.0,-4463.0,-125.0,273.0,-537.0,-67.0,2.0,-3707.0,-9.0,1.0,55.0,-1.0,13.0,10.0
-13.0,11.0,10.0,0.0,-222.0,-90.0,-6.0,1.0,-1.0,-1.0,-22.0,3.0,0.0,22.0,-13.0,35.0,1.0,66.0,277.0,58.0,6.0,452.0,182.0,3.0,6.0,6.0,-5814.0,-103.0,287.0,-484.0,-184.0,-92.0,-5211.0,-53.0,3.0,-10.0,0.0,73.0,2.0
1.0,-1.0,17.0,-1.0,-103.0,-33.0,-9.0,4.0,-2.0,2.0,-9.0,1.0,-2.0,11.0,3.0,-2.0,0.0,32.0,-239.0,-143.0,-17.0,-129.0,-129.0,-2.0,2.0,2.0,-3407.0,-200.0,168.0,-400.0,-80.0,-37.0,-4690.0,-1.0,2.0,-90.0,-1.0,-10.0,3.0
-5.0,4.0,-3.0,0.0,83.0,7.0,2.0,2.0,-3.0,-1.0,-15.0,4.0,0.0,40.0,-4.0,6.0,0.0,-4.0,78.0,34.0,-5.0,208.0,96.0,1.0,-1.0,-1.0,523.0,-2.0,-152.0,-59.0,-185.0,-9.0,1159.0,2.0,0.0,30.0,0.0,4.0,-2.0
-4.0,5.0,-27.0,-2.0,-44.0,-13.0,-1.0,5.0,1.0,0.0,4.0,-8.0,-4.0,-17.0,0.0,4.0,-2.0,-11.0,-209.0,-139.0,1.0,-220.0,-113.0,-5.0,-4.0,-3.0,-2441.0,-20.0,-45.0,-476.0,333.0,12.0,-2701.0,-8.0,3.0,-63.0,-1.0,-54.0,12.0
3.0,3.0,5.0,2.0,2.0,3.0,4.0,6.0,5.0,-1.0,5.0,1.0,3.0,13.0,-2.0,6.0,2.0,1.0,-320.0,12.0,-1.0,-274.0,-25.0,2.0,1.0,1.0,-5576.0,-49.0,-128.0,-1476.0,-12.0,9.0,-6150.0,-3.0,-7.0,94.0,0.0,26.0,-10.0
2.0,5.0,-7.0,0.0,143.0,60.0,0.0,-3.0,1.0,3.0,1.0,10.0,1.0,12.0,-6.0,23.0,-9.0,-44.0,-21.0,4.0,4.0,423.0,174.0,-3.0,-2.0,-2.0,2312.0,52.0,296.0,526.0,86.0,38.0,3175.0,9.0,2.0,109.0,0.0,-17.0,32.0
-5.0,1.0,-1.0,0.0,58.0,-9.0,2.0,3.0,5.0,1.0,9.0,-4.0,-5.0,33.0,7.0,-3.0,0.0,17.0,-195.0,50.0,-6.0,-681.0,-422.0,0.0,2.0,1.0,3155.0,0.0,12.0,462.0,-90.0,22.0,2567.0,20.0,-3.0,63.0,1.0,-6.0,-7.0
-7.0,1.0,-3.0,0.0,-27.0,-24.0,5.0,7.0,-2.0,-1.0,-13.0,2.0,-2.0,25.0,-7.0,6.0,3.0,15.0,100.0,37.0,4.0,104.0,126.0,0.0,0.0,1.0,-4232.0,-107.0,442.0,-449.0,129.0,-12.0,-3671.0,-19.0,2.0,-66.0,-1.0,33.0,5.0
6.0,-4.0,13.0,0.0,-62.0,-5.0,1.0,3.0,2.0,1.0,17.0,0.0,3.0,-11.0,-2.0,9.0,2.0,3.0,109.0,-77.0,5.0,157.0,30.0,0.0,5.0,4.0,615.0,8.0,100.0,311.0,-7.0,7.0,373.0,1.0,1.0,52.0,1.0,45.0,-12.0
-7.0,6.0,-11.0,0.0,-223.0,-65.0,-3.0,0.0,-2.0,-1.0,-14.0,-8.0,1.0,-24.0,-9.0,17.0,0.0,2.0,253.0,24.0,19.0,361.0,118.0,4.0,0.0,-2.0,-2992.0,146.0,-214.0,-426.0,123.0,-75.0,-2357.0,-20.0,0.0,-52.0,2.0,18.0,-7.0
-5.0,-3.0,15.0,0.0,-116.0,-56.0,-3.0,-4.0,-2.0,0.0,-13.0,-6.0,-4.0,-28.0,4.0,-12.0,7.0,1.0,122.0,30.0,4.0,82.0,-103.0,1.0,0.0,1.0,-2080.0,2.0,93.0,-285.0,77.0,-37.0,-1661.0,-4.0,0.0,-58.0,-1.0,14.0,-9.0
-10.0,7.0,16.0,-3.0,-93.0,-38.0,-5.0,-4.0,-5.0,-1.0,-24.0,-1.0,-5.0,7.0,-4.0,14.0,0.0,63.0,61.0,-62.0,-17.0,480.0,203.0,1.0,-1.0,0.0,-1167.0,-147.0,269.0,520.0,-161.0,-67.0,-1221.0,-8.0,5.0,-50.0,0.0,20.0,5.0
22.0,-17.0,12.0,0.0,167.0,85.0,15.0,2.0,0.0,0.0,38.0,5.0,0.0,16.0,8.0,-30.0,1.0,-23.0,-46.0,129.0,-6.0,19.0,228.0,4.0,-4.0,-4.0,7890.0,65.0,118.0,967.0,-47.0,29.0,7651.0,40.0,-7.0,64.0,0.0,-9.0,-9.0
-1.0,3.0,2.0,2.0,4.0,5.0,0.0,-11.0,3.0,-3.0,-3.0,3.0,3.0,-29.0,1.0,-4.0,0.0,37.0,42.0,108.0,5.0,9.0,170.0,1.0,-3.0,0.0,-294.0,5.0,-42.0,-194.0,31.0,7.0,107.0,-10.0,3.0,36.0,-2.0,6.0,20.0
10.0,-9.0,7.0,-1.0,221.0,81.0,-2.0,-4.0,-6.0,1.0,7.0,9.0,4.0,3.0,1.0,-14.0,0.0,-71.0,-24.0,65.0,5.0,321.0,201.0,1.0,-3.0,0.0,-293.0,61.0,-103.0,-345.0,151.0,86.0,411.0,7.0,-1.0,20.0,-3.0,-23.0,6.0
10.0,-9.0,-23.0,2.0,134.0,54.0,-2.0,7.0,5.0,1.0,26.0,4.0,1.0,-2.0,3.0,-14.0,4.0,-62.0,45.0,-18.0,0.0,-539.0,-185.0,1.0,-1.0,-2.0,5843.0,26.0,98.0,679.0,-151.0,28.0,5290.0,7.0,-3.0,-59.0,0.0,17.0,23.0
-2.0,1.0,-5.0,-2.0,-33.0,-4.0,-5.0,3.0,-3.0,-1.0,8.0,-6.0,1.0,-1.0,-1.0,5.0,0.0,20.0,214.0,-16.0,-6.0,-683.0,-318.0,2.0,3.0,2.0,3328.0,-30.0,-237.0,409.0,-128.0,-5.0,2168.0,-8.0,0.0,-88.0,1.0,-33.0,-10.0
-19.0,12.0,5.0,2.0,-144.0,-74.0,-17.0,-12.0,0.0,0.0,-44.0,-1.0,1.0,-28.0,-2.0,11.0,-1.0,35.0,68.0,53.0,5.0,-164.0,-241.0,0.0,4.0,4.0,-6587.0,-51.0,-21.0,-743.0,-94.0,-39.0,-6482.0,-35.0,3.0,-83.0,0.0,14.0,11.0
15.0,-15.0,-3.0,4.0,203.0,77.0,7.0,-1.0,1.0,1.0,26.0,3.0,5.0,0.0,9.0,-36.0,0.0,-72.0,76.0,146.0,9.0,-427.0,-128.0,0.0,2.0,0.0,9304.0,188.0,-100.0,1319.0,-58.0,71.0,9249.0,25.0,-7.0,-31.0,1.0,-16.0,-17.0
12.0,-13.0,-9.0,-1.0,127.0,57.0,4.0,0.0,0.0,-1.0,23.0,-2.0,4.0,-9.0,12.0,-34.0,1.0,-4.0,14.0,-49.0,-6.0,-516.0,-190.0,1.0,-2.0,-3.0,5462.0,77.0,-672.0,356.0,-81.0,66.0,4520.0,42.0,1.0,9.0,1.0,-46.0,-15.0
-13.0,8.0,-8.0,-1.0,-110.0,-45.0,9.0,-7.0,-6.0,-1.0,-19.0,-7.0,-1.0,6.0,-7.0,21.0,-6.0,5.0,275.0,109.0,17.0,294.0,-37.0,3.0,4.0,2.0,-1615.0,195.0,-182.0,-212.0,54.0,-31.0,-594.0,-4.0,2.0,43.0,3.0,3.0,-13.0
-10.0,6.0,3.0,0.0,-177.0,-74.0,-6.0,1.0,0.0,-1.0,-9.0,-10.0,-4.0,10.0,1.0,5.0,0.0,67.0,-24.0,-59.0,-6.0,-242.0,-175.0,0.0,2.0,1.0,3296.0,-22.0,-4.0,1057.0,-94.0,-69.0,2486.0,1.0,4.0,-105.0,1.0,7.0,-5.0
-2.0,-1.0,11.0,-3.0,-14.0,-12.0,-6.0,-4.0,-1.0,2.0,-8.0,0.0,-3.0,-18.0,3.0,-4.0,0.0,8.0,82.0,30.0,3.0,441.0,118.0,-2.0,-4.0,-3.0,-1785.0,-4.0,14.0,-12.0,236.0,10.0,-822.0,-1.0,1.0,38.0,-1.0,-41.0,-9.0
-1.0,6.0,6.0,1.0,87.0,36.0,0.0,-4.0,0.0,-2.0,6.0,0.0,3.0,-14.0,-5.0,15.0,0.0,-6.0,152.0,40.0,-1.0,-245.0,-14.0,0.0,0.0,2.0,4524.0,7.0,54.0,595.0,-24.0,26.0,4498.0,-4.0,0.0,31.0,-1.0,-5.0,9.0
7.0,-7.0,-19.0,-1.0,243.0,93.0,9.0,4.0,-1.0,1.0,11.0,10.0,3.0,28.0,-1.0,-5.0,-5.0,-33.0,93.0,-8.0,2.0,11.0,110.0,-2.0,-4.0,-4.0,3542.0,22.0,66.0,433.0,134.0,92.0,4024.0,32.0,5.0,52.0,0.0,-30.0,22.0
-6.0,8.0,18.0,1.0,-301.0,-91.0,-9.0,-2.0,-2.0,-2.0,-24.0,0.0,5.0,-13.0,-11.0,26.0,2.0,70.0,243.0,-54.0,7.0,606.0,285.0,4.0,3.0,3.0,-5555.0,-43.0,-140.0,-768.0,-118.0,-107.0,-5408.0,-28.0,6.0,-24.0,0.0,63.0,2.0
7.0,-4.0,-11.0,0.0,-40.0,14.0,10.0,6.0,5.0,1.0,25.0,-5.0,-1.0,-34.0,1.0,0.0,0.0,-13.0,85.0,-138.0,-1.0,-89.0,-34.0,-5.0,3.0,0.0,3308.0,-10.0,331.0,962.0,50.0,6.0,2803.0,2.0,-1.0,-7.0,3.0,11.0,-13.0
-3.0,7.0,2.0,-1.0,-122.0,-39.0,-7.0,3.0,1.0,-1.0,-6.0,0.0,0.0,-6.0,-2.0,13.0,0.0,57.0,-219.0,-217.0,-11.0,25.0,54.0,-5.0,-1.0,2.0,-5004.0,-209.0,29.0,-818.0,92.0,-20.0,-5752.0,-16.0,9.0,-35.0,-3.0,-9.0,21.0
-1.0,0.0,2.0,-1.0,-91.0,-33.0,-4.0,6.0,1.0,3.0,-5.0,-1.0,-2.0,10.0,0.0,7.0,0.0,-16.0,-157.0,-10.0,2.0,-207.0,-258.0,2.0,2.0,0.0,-6540.0,-32.0,-30.0,-1421.0,47.0,-21.0,-6966.0,-2.0,-5.0,26.0,1.0,-5.0,-6.0
-1.0,-3.0,6.0,1.0,-48.0,-27.0,2.0,2.0,0.0,-1.0,-2.0,-11.0,-5.0,-25.0,7.0,-24.0,7.0,-18.0,-270.0,-13.0,-4.0,-359.0,-166.0,-1.0,-2.0,-1.0,-1960.0,-26.0,89.0,-398.0,179.0,-12.0,-2484.0,2.0,-6.0,-108.0,-1.0,-10.0,-19.0
-7.0,10.0,21.0,-1.0,-91.0,-35.0,-1.0,2.0,0.0,-2.0,-19.0,0.0,-2.0,20.0,-6.0,20.0,2.0,64.0,-259.0,-50.0,-18.0,206.0,178.0,3.0,0.0,1.0,-6743.0,-196.0,141.0,-956.0,-173.0,-58.0,-7371.0,-11.0,-2.0,44.0,0.0,46.0,-5.0
4.0,-7.0,-20.0,1.0,247.0,74.0,10.0,0.0,1.0,1.0,21.0,5.0,-1.0,28.0,5.0,-10.0,-2.0,-59.0,67.0,67.0,-2.0,-606.0,-340.0,0.0,3.0,2.0,7220.0,75.0,130.0,893.0,-220.0,72.0,7053.0,23.0,-1.0,36.0,1.0,2.0,17.0
5.0,1.0,-4.0,-1.0,48.0,34.0,-4.0,-7.0,-2.0,1.0,6.0,5.0,2.0,-23.0,-2.0,6.0,-4.0,-36.0,129.0,25.0,1.0,423.0,193.0,-1.0,1.0,1.0,818.0,47.0,-27.0,271.0,-105.0,5.0,1301.0,-26.0,-2.0,17.0,0.0,-17.0,2.0
13.0,-10.0,-11.0,0.0,209.0,73.0,0.0,14.0,5.0,2.0,31.0,3.0,0.0,12.0,3.0,-15.0,6.0,-74.0,-78.0,-74.0,-5.0,-174.0,-4.0,-2.0,-3.0,-4.0,5316.0,0.0,56.0,806.0,-5.0,61.0,5177.0,15.0,-7.0,11.0,0.0,1.0,-10.0
0.0,2.0,23.0,1.0,73.0,14.0,-7.0,-4.0,-2.0,2.0,-9.0,4.0,0.0,10.0,-2.0,8.0,0.0,-46.0,-267.0,52.0,6.0,310.0,72.0,1.0,-2.0,1.0,-2341.0,44.0,154.0,-523.0,208.0,27.0,-1739.0,10.0,-2.0,60.0,-3.0,7.0,14.0
-5.0,1.0,-7.0,1.0,0.0,-24.0,2.0,-5.0,0.0,-2.0,-24.0,7.0,0.0,25.0,2.0,-13.0,0.0,39.0,-32.0,102.0,1.0,462.0,280.0,2.0,-4.0,-3.0,-4295.0,-4.0,-248.0,-848.0,-130.0,-28.0,-3232.0,-4.0,3.0,35.0,-1.0,15.0,9.0
5.0,-1.0,-5.0,-2.0,-99.0,-18.0,8.0,8.0,0.0,-1.0,20.0,0.0,-4.0,21.0,-5.0,9.0,0.0,32.0,22.0,48.0,1.0,251.0,297.0,2.0,-2.0,-1.0,-365.0,-58.0,360.0,7.0,102.0,-51.0,-261.0,-21.0,-1.0,-9.0,-1.0,10.0,5.0
11.0,-7.0,-18.0,4.0,184.0,71.0,9.0,-2.0,4.0,-2.0,29.0,2.0,7.0,-17.0,4.0,-21.0,0.0,-47.0,96.0,72.0,15.0,-273.0,55.0,-3.0,-1.0,0.0,7707.0,179.0,-239.0,901.0,114.0,88.0,8187.0,10.0,0.0,24.0,-1.0,-15.0,1.0
-1.0,0.0,24.0,0.0,-22.0,-19.0,-9.0,-3.0,-3.0,0.0,-8.0,5.0,4.0,23.0,-3.0,9.0,2.0,16.0,24.0,61.0,6.0,246.0,64.0,5.0,2.0,4.0,-2693.0,18.0,-231.0,-651.0,-57.0,1.0,-2430.0,-1.0,2.0,59.0,-2.0,34.0,1.0
12.0,-14.0,0.0,0.0,133.0,61.0,12.0,9.0,1.0,1.0,26.0,-1.0,1.0,-8.0,4.0,-20.0,4.0,-48.0,-68.0,-98.0,3.0,-191.0,-26.0,-3.0,-1.0,-1.0,2197.0,4.0,255.0,346.0,306.0,87.0,1913.0,35.0,0.0,-4.0,0.0,5.0,-9.0
-10.0,13.0,-9.0,-1.0,-345.0,-104.0,-10.0,3.0,-1.0,-2.0,-20.0,-8.0,1.0,-30.0,-11.0,30.0,0.0,59.0,34.0,-193.0,8.0,386.0,172.0,-1.0,-1.0,0.0,-7996.0,-63.0,-185.0,-1244.0,215.0,-95.0,-8109.0,-36.0,9.0,-87.0,-1.0,9.0,14.0
-3.0,-1.0,-31.0,1.0,24.0,9.0,7.0,0.0,-1.0,0.0,7.0,-3.0,0.0,4.0,-4.0,7.0,-2.0,-57.0,320.0,91.0,17.0,-245.0,-222.0,4.0,3.0,0.0,4228.0,221.0,-84.0,467.0,-97.0,-3.0,4696.0,3.0,-1.0,-16.0,3.0,20.0,10.0
2.0,2.0,9.0,1.0,116.0,35.0,5.0,4.0,0.0,2.0,1.0,3.0,-1.0,16.0,-5.0,14.0,0.0,-63.0,-104.0,-52.0,0.0,429.0,134.0,-3.0,0.0,0.0,1490.0,32.0,333.0,380.0,73.0,24.0,2223.0,14.0,-3.0,83.0,0.0,22.0,-1.0
-19.0,9.0,21.0,3.0,-171.0,-99.0,-12.0,-5.0,-1.0,-1.0,-44.0,-8.0,-1.0,-24.0,-1.0,2.0,8.0,16.0,-15.0,-3.0,1.0,-158.0,-281.0,0.0,6.0,6.0,-7409.0,-71.0,16.0,-889.0,-107.0,-53.0,-7434.0,-30.0,-2.0,-109.0,0.0,53.0,-22.0
5.0,0.0,-17.0,2.0,-36.0,-2.0,-5.0,-2.0,3.0,1.0,21.0,-4.0,3.0,-20.0,3.0,-3.0,-4.0,-32.0,44.0,28.0,12.0,-299.0,-185.0,-2.0,4.0,2.0,5281.0,172.0,-300.0,808.0,-38.0,3.0,5008.0,-17.0,-3.0,-38.0,1.0,-30.0,-8.0
14.0,-14.0,-4.0,1.0,160.0,61.0,9.0,-3.0,3.0,0.0,15.0,4.0,3.0,-8.0,13.0,-39.0,1.0,-24.0,-200.0,-33.0,0.0,167.0,128.0,-1.0,-5.0,-5.0,2134.0,107.0,-435.0,-53.0,47.0,71.0,2352.0,50.0,1.0,97.0,0.0,-13.0,-5.0
-16.0,11.0,17.0,0.0,-69.0,-55.0,-15.0,-5.0,0.0,1.0,-39.0,-2.0,0.0,-14.0,-2.0,10.0,1.0,23.0,-55.0,-3.0,0.0,201.0,-60.0,-3.0,2.0,2.0,-7114.0,-77.0,-63.0,-616.0,52.0,-6.0,-6595.0,-27.0,-1.0,-13.0,0.0,-2.0,-22.0
-11.0,10.0,-3.0,0.0,-166.0,-52.0,12.0,-6.0,-3.0,-2.0,-21.0,-4.0,-1.0,-6.0,-6.0,21.0,-6.0,57.0,241.0,-30.0,-1.0,293.0,66.0,-2.0,5.0,3.0,-1485.0,-12.0,123.0,97.0,-130.0,-64.0,-1215.0,-11.0,6.0,12.0,3.0,14.0,-5.0
-10.0,10.0,6.0,-2.0,-137.0,-45.0,3.0,-1.0,1.0,-1.0,-22.0,0.0,-5.0,-6.0,-6.0,23.0,0.0,67.0,109.0,-68.0,-16.0,401.0,177.0,0.0,0.0,-1.0,-4170.0,-186.0,376.0,-192.0,-218.0,-84.0,-4118.0,-16.0,2.0,35.0,2.0,36.0,4.0
4.0,-8.0,15.0,0.0,19.0,6.0,-2.0,1.0,-3.0,3.0,-3.0,1.0,-2.0,17.0,5.0,-15.0,0.0,-25.0,-20.0,74.0,-6.0,-154.0,-183.0,3.0,3.0,0.0,1597.0,9.0,139.0,418.0,-172.0,-17.0,1062.0,15.0,-7.0,-55.0,2.0,-1.0,-18.0
-5.0,7.0,-19.0,-1.0,110.0,32.0,-3.0,-5.0,-2.0,0.0,-15.0,11.0,2.0,36.0,-5.0,15.0,-9.0,15.0,161.0,90.0,-1.0,202.0,136.0,1.0,-3.0,-3.0,1345.0,18.0,-189.0,87.0,-172.0,5.0,2111.0,-3.0,5.0,56.0,0.0,-35.0,31.0
-7.0,10.0,3.0,0.0,-216.0,-68.0,-14.0,-11.0,2.0,0.0,-11.0,-3.0,-1.0,-32.0,0.0,14.0,-4.0,52.0,-10.0,64.0,2.0,-17.0,-70.0,2.0,2.0,2.0,-2720.0,-2.0,-103.0,-287.0,-121.0,-78.0,-3072.0,-37.0,0.0,-26.0,0.0,-9.0,11.0
2.0,-1.0,15.0,0.0,-12.0,0.0,-5.0,-2.0,-3.0,-1.0,-4.0,2.0,0.0,1.0,3.0,-9.0,0.0,48.0,-82.0,-133.0,-19.0,78.0,129.0,-4.0,0.0,2.0,3133.0,-168.0,198.0,1021.0,-127.0,-16.0,2276.0,1.0,7.0,-116.0,-2.0,-5.0,9.0
3.0,-2.0,-8.0,0.0,-27.0,-4.0,3.0,7.0,1.0,-3.0,12.0,-4.0,3.0,16.0,2.0,-11.0,2.0,43.0,-101.0,-34.0,-8.0,-505.0,-71.0,2.0,2.0,1.0,-232.0,-54.0,-389.0,-241.0,-163.0,-1.0,-1514.0,-5.0,-2.0,-51.0,1.0,3.0,-23.0
3.0,-4.0,8.0,-1.0,-8.0,-12.0,2.0,0.0,3.0,0.0,-4.0,2.0,-1.0,-1.0,6.0,-20.0,2.0,31.0,-233.0,12.0,1.0,619.0,365.0,-2.0,-5.0,-4.0,-5345.0,-28.0,-138.0,-662.0,201.0,14.0,-4504.0,2.0,-1.0,75.0,-1.0,-5.0,-22.0
-2.0,2.0,-7.0,-1.0,21.0,10.0,1.0,0.0,-4.0,0.0,-7.0,7.0,0.0,2.0,-9.0,12.0,-1.0,-21.0,229.0,62.0,5.0,527.0,319.0,-1.0,1.0,2.0,-3414.0,-60.0,415.0,-178.0,24.0,-7.0,-2370.0,-45.0,0.0,-49.0,-1.0,16.0,7.0
-6.0,2.0,3.0,-1.0,113.0,20.0,12.0,-7.0,-4.0,0.0,-5.0,1.0,-2.0,30.0,2.0,4.0,-6.0,3.0,22.0,85.0,-2.0,-67.0,-155.0,-1.0,4.0,4.0,1377.0,49.0,32.0,214.0,-69.0,44.0,1763.0,16.0,2.0,95.0,1.0,-15.0,-6.0
18.0,-12.0,-15.0,-2.0,123.0,72.0,14.0,7.0,1.0,0.0,42.0,-3.0,-4.0,-1.0,8.0,-26.0,-1.0,-34.0,-255.0,-10.0,-5.0,-201.0,115.0,-1.0,-8.0,-7.0,5449.0,45.0,73.0,491.0,286.0,41.0,4950.0,32.0,-4.0,1.0,-1.0,-63.0,3.0
11.0,-10.0,-12.0,2.0,168.0,73.0,7.0,-3.0,0.0,0.0,19.0,2.0,4.0,-7.0,7.0,-19.0,-1.0,-55.0,33.0,-45.0,-1.0,-452.0,-237.0,1.0,0.0,-1.0,7479.0,135.0,-297.0,609.0,-154.0,57.0,6856.0,48.0,2.0,22.0,1.0,-8.0,17.0
5.0,-10.0,11.0,0.0,173.0,47.0,2.0,3.0,-4.0,0.0,1.0,4.0,2.0,26.0,3.0,-20.0,4.0,-35.0,-153.0,40.0,4.0,-102.0,8.0,2.0,-4.0,-1.0,-1111.0,14.0,-76.0,-616.0,256.0,81.0,-890.0,33.0,1.0,3.0,-3.0,-6.0,4.0
-5.0,-2.0,-20.0,-2.0,10.0,-3.0,1.0,-4.0,-2.0,2.0,-1.0,-3.0,-3.0,-14.0,-1.0,3.0,-2.0,-49.0,402.0,121.0,20.0,196.0,-104.0,2.0,-1.0,-3.0,2443.0,217.0,-70.0,455.0,139.0,7.0,3874.0,2.0,0.0,22.0,2.0,-21.0,1.0
-1.0,0.0,18.0,3.0,-23.0,-20.0,5.0,-4.0,2.0,-4.0,-3.0,-4.0,1.0,-25.0,2.0,-13.0,9.0,18.0,-41.0,52.0,1.0,15.0,130.0,1.0,-1.0,2.0,-1116.0,-15.0,-5.0,-340.0,18.0,-7.0,-845.0,-5.0,-2.0,10.0,-2.0,45.0,-13.0
-12.0,12.0,11.0,0.0,-181.0,-71.0,-10.0,3.0,1.0,0.0,-8.0,-11.0,-3.0,6.0,-4.0,27.0,0.0,45.0,-29.0,-29.0,-5.0,-694.0,-447.0,2.0,4.0,3.0,1280.0,-47.0,20.0,231.0,-71.0,-64.0,18.0,-5.0,-1.0,-48.0,1.0,-3.0,-2.0
-5.0,10.0,17.0,2.0,-206.0,-58.0,-7.0,-3.0,-1.0,0.0,-25.0,-1.0,1.0,-26.0,-10.0,25.0,0.0,8.0,-48.0,-63.0,7.0,670.0,293.0,0.0,-1.0,0.0,-5203.0,-17.0,245.0,-640.0,147.0,-81.0,-4717.0,-17.0,2.0,-23.0,-1.0,36.0,15.0
2.0,1.0,-14.0,-2.0,-106.0,-18.0,0.0,8.0,3.0,1.0,21.0,-8.0,-1.0,-28.0,-2.0,13.0,0.0,-8.0,-100.0,-216.0,6.0,-63.0,-83.0,-5.0,1.0,1.0,-1826.0,-12.0,55.0,-165.0,326.0,19.0,-2328.0,-7.0,4.0,-11.0,0.0,-9.0,0.0
11.0,-7.0,-7.0,1.0,122.0,45.0,-4.0,9.0,9.0,2.0,23.0,5.0,1.0,-7.0,4.0,-12.0,6.0,-53.0,-193.0,24.0,2.0,-372.0,-92.0,1.0,-4.0,-4.0,-1518.0,-27.0,-16.0,-809.0,73.0,47.0,-1682.0,3.0,-9.0,73.0,-1.0,2.0,4.0
-7.0,2.0,-15.0,4.0,36.0,-8.0,-8.0,-3.0,1.0,1.0,-12.0,-2.0,5.0,-16.0,1.0,-6.0,-1.0,-49.0,122.0,17.0,15.0,-446.0,-356.0,-4.0,6.0,4.0,1414.0,123.0,-218.0,352.0,-11.0,42.0,1598.0,-15.0,0.0,-95.0,1.0,-7.0,-8.0
1.0,0.0,10.0,0.0,21.0,2.0,3.0,5.0,-1.0,0.0,2.0,4.0,3.0,29.0,-6.0,15.0,2.0,-1.0,187.0,-43.0,0.0,365.0,126.0,1.0,4.0,3.0,1138.0,6.0,-52.0,252.0,-192.0,-2.0,1532.0,3.0,1.0,82.0,1.0,49.0,-14.0
5.0,-5.0,3.0,2.0,66.0,32.0,10.0,-2.0,2.0,0.0,4.0,3.0,0.0,-6.0,3.0,-13.0,0.0,-5.0,185.0,78.0,-7.0,-26.0,49.0,0.0,2.0,-1.0,5134.0,2.0,276.0,1127.0,-276.0,-13.0,5131.0,9.0,-5.0,4.0,3.0,20.0,-13.0
0.0,-3.0,-12.0,-2.0,-25.0,-7.0,-3.0,6.0,-2.0,3.0,1.0,-7.0,-6.0,0.0,5.0,-11.0,-2.0,-36.0,-229.0,-65.0,-5.0,-374.0,-296.0,-2.0,-1.0,-3.0,-844.0,-11.0,94.0,-58.0,161.0,-5.0,-1639.0,7.0,-4.0,-118.0,1.0,-55.0,-6.0
-12.0,8.0,-4.0,-1.0,-156.0,-64.0,-5.0,1.0,-4.0,-1.0,-16.0,-3.0,-4.0,12.0,-8.0,17.0,-1.0,46.0,205.0,3.0,-1.0,285.0,144.0,-1.0,3.0,3.0,-118.0,-82.0,411.0,879.0,-70.0,-76.0,116.0,-44.0,4.0,-154.0,0.0,23.0,2.0
12.0,-7.0,12.0,0.0,165.0,74.0,1.0,-3.0,-3.0,0.0,5.0,12.0,4.0,-9.0,2.0,-14.0,0.0,-19.0,-58.0,-74.0,-13.0,320.0,304.0,-4.0,-2.0,1.0,-163.0,-146.0,202.0,-36.0,-33.0,53.0,-210.0,0.0,3.0,-11.0,-3.0,-12.0,14.0
5.0,-3.0,-3.0,2.0,6.0,0.0,8.0,4.0,4.0,-2.0,4.0,2.0,2.0,17.0,3.0,-16.0,2.0,23.0,-315.0,-18.0,-2.0,178.0,247.0,0.0,-1.0,-1.0,-3560.0,-24.0,-152.0,-650.0,-35.0,4.0,-3682.0,3.0,-2.0,37.0,0.0,36.0,-13.0
1.0,-3.0,3.0,-3.0,-41.0,-16.0,-3.0,3.0,0.0,-1.0,4.0,-4.0,0.0,-2.0,5.0,-15.0,2.0,51.0,-19.0,-4.0,-5.0,-64.0,47.0,0.0,-2.0,-2.0,-2017.0,-58.0,-375.0,-253.0,73.0,9.0,-2336.0,-6.0,-1.0,-13.0,0.0,-38.0,-32.0
-17.0,14.0,17.0,-2.0,-97.0,-59.0,-7.0,-7.0,-4.0,-2.0,-47.0,5.0,-4.0,28.0,-7.0,23.0,0.0,80.0,24.0,70.0,-15.0,490.0,211.0,5.0,-3.0,-1.0,-7478.0,-176.0,45.0,-1154.0,-268.0,-90.0,-6921.0,-18.0,3.0,42.0,-1.0,25.0,17.0
0.0,2.0,-5.0,-1.0,106.0,25.0,-2.0,-4.0,3.0,2.0,15.0,1.0,-3.0,10.0,5.0,3.0,-4.0,-19.0,-66.0,75.0,-5.0,-258.0,-229.0,-1.0,3.0,2.0,3973.0,47.0,-15.0,733.0,-195.0,27.0,3868.0,-6.0,-5.0,80.0,1.0,-23.0,-5.0
6.0,-2.0,6.0,-2.0,-65.0,1.0,17.0,-2.0,-5.0,-2.0,13.0,-2.0,-1.0,16.0,-1.0,4.0,-5.0,39.0,10.0,21.0,0.0,338.0,245.0,2.0,-1.0,0.0,1271.0,51.0,-35.0,-63.0,99.0,-22.0,1305.0,20.0,4.0,72.0,0.0,-15.0,-1.0
0.0,3.0,-16.0,-1.0,27.0,25.0,-5.0,-7.0,1.0,1.0,0.0,7.0,2.0,-4.0,-1.0,9.0,-9.0,19.0,83.0,56.0,4.0,-6.0,40.0,0.0,-2.0,-2.0,822.0,20.0,-37.0,146.0,13.0,14.0,952.0,-5.0,5.0,26.0,0.0,-39.0,33.0
9.0,-11.0,-1.0,-1.0,154.0,61.0,1.0,-7.0,-1.0,2.0,11.0,2.0,1.0,-25.0,10.0,-23.0,-1.0,-47.0,115.0,-15.0,2.0,-11.0,-119.0,-1.0,-4.0,-4.0,5694.0,131.0,-283.0,597.0,82.0,67.0,6034.0,47.0,3.0,60.0,0.0,-49.0,8.0
-2.0,6.0,8.0,0.0,-4.0,3.0,-4.0,2.0,1.0,1.0,1.0,-1.0,1.0,-4.0,-5.0,22.0,0.0,-22.0,-5.0,30.0,1.0,-452.0,-272.0,2.0,2.0,2.0,-2016.0,-25.0,24.0,-826.0,23.0,5.0,-2468.0,-6.0,-5.0,57.0,0.0,-10.0,3.0
1.0,-1.0,-4.0,1.0,-55.0,-29.0,-10.0,10.0,9.0,1.0,14.0,-5.0,-3.0,3.0,5.0,-7.0,6.0,14.0,-217.0,-35.0,-4.0,-614.0,-267.0,1.0,-2.0,-3.0,1778.0,-49.0,-20.0,248.0,-21.0,-22.0,804.0,4.0,-5.0,-32.0,0.0,9.0,-1.0
-12.0,10.0,21.0,0.0,-188.0,-71.0,3.0,-9.0,-6.0,-2.0,-29.0,1.0,3.0,17.0,-9.0,30.0,-4.0,73.0,265.0,31.0,5.0,539.0,130.0,3.0,7.0,7.0,-4178.0,6.0,-108.0,-554.0,-187.0,-63.0,-3645.0,-12.0,8.0,71.0,1.0,48.0,-4.0
-12.0,6.0,23.0,2.0,-291.0,-127.0,-5.0,3.0,3.0,-2.0,-17.0,-15.0,-5.0,-5.0,3.0,-1.0,9.0,69.0,-222.0,-17.0,-3.0,-434.0,-303.0,3.0,3.0,3.0,-4360.0,-69.0,-39.0,-704.0,-29.0,-97.0,-5325.0,-6.0,-3.0,-69.0,0.0,47.0,-24.0
4.0,-9.0,-15.0,2.0,141.0,49.0,12.0,4.0,-2.0,-1.0,6.0,4.0,2.0,18.0,0.0,-13.0,2.0,-40.0,133.0,-8.0,3.0,-348.0,-111.0,1.0,0.0,0.0,3247.0,28.0,145.0,160.0,-25.0,45.0,3185.0,29.0,4.0,-44.0,0.0,25.0,22.0
-5.0,8.0,-6.0,1.0,-279.0,-72.0,0.0,1.0,1.0,-2.0,-16.0,-5.0,1.0,-36.0,-8.0,17.0,0.0,54.0,219.0,-115.0,1.0,360.0,221.0,-1.0,1.0,-1.0,-2862.0,-61.0,91.0,-117.0,-61.0,-108.0,-2978.0,-27.0,4.0,-83.0,2.0,29.0,1.0
-4.0,-3.0,-3.0,-3.0,-93.0,-36.0,-8.0,0.0,-4.0,4.0,-10.0,-2.0,-5.0,-3.0,2.0,1.0,-2.0,-17.0,163.0,-22.0,3.0,67.0,-233.0,0.0,1.0,-1.0,-964.0,17.0,98.0,55.0,59.0,-30.0,-816.0,1.0,2.0,-68.0,1.0,-31.0,4.0
-7.0,2.0,-12.0,-1.0,-33.0,-28.0,-3.0,-2.0,-3.0,-3.0,-16.0,1.0,1.0,24.0,1.0,-8.0,0.0,59.0,182.0,86.0,-5.0,-221.0,-38.0,4.0,-1.0,-1.0,-967.0,-34.0,-485.0,-439.0,-258.0,-33.0,-1064.0,-12.0,3.0,-53.0,0.0,-18.0,-1.0
0.0,2.0,19.0,1.0,-99.0,-28.0,-9.0,-7.0,1.0,-1.0,-12.0,4.0,1.0,-18.0,4.0,-6.0,0.0,69.0,-197.0,-35.0,-12.0,-120.0,41.0,-1.0,-1.0,2.0,-3701.0,-195.0,126.0,-594.0,-49.0,-30.0,-4583.0,-11.0,5.0,-54.0,-3.0,-4.0,23.0
17.0,-9.0,-1.0,-1.0,57.0,46.0,13.0,7.0,4.0,0.0,36.0,3.0,0.0,9.0,3.0,-8.0,1.0,-14.0,-183.0,45.0,2.0,-34.0,153.0,3.0,-5.0,-4.0,-247.0,24.0,-51.0,-872.0,172.0,25.0,-377.0,23.0,-5.0,145.0,-1.0,-13.0,3.0
12.0,-13.0,-24.0,3.0,97.0,35.0,9.0,2.0,4.0,0.0,23.0,2.0,4.0,-3.0,9.0,-36.0,0.0,-41.0,-56.0,32.0,16.0,-28.0,69.0,-3.0,-1.0,-2.0,3183.0,172.0,-293.0,306.0,138.0,62.0,3689.0,14.0,0.0,-7.0,0.0,-10.0,-8.0
-17.0,16.0,-17.0,-2.0,-266.0,-103.0,-7.0,6.0,0.0,-1.0,-18.0,-5.0,-4.0,5.0,-13.0,39.0,-1.0,55.0,68.0,-81.0,7.0,232.0,69.0,-2.0,2.0,3.0,-8255.0,-123.0,242.0,-960.0,149.0,-80.0,-7912.0,-61.0,6.0,-73.0,-1.0,19.0,14.0
6.0,0.0,-8.0,0.0,-7.0,5.0,-14.0,3.0,7.0,2.0,20.0,0.0,-1.0,-20.0,3.0,-1.0,2.0,-22.0,-88.0,-10.0,-3.0,-191.0,-74.0,0.0,-1.0,-2.0,2596.0,-2.0,-47.0,519.0,-126.0,-17.0,2105.0,-22.0,-7.0,-15.0,0.0,-8.0,1.0
12.0,-12.0,-5.0,-1.0,239.0,86.0,10.0,5.0,4.0,3.0,41.0,0.0,-2.0,2.0,9.0,-17.0,0.0,-67.0,-134.0,-23.0,-2.0,-449.0,-255.0,-4.0,2.0,1.0,6170.0,51.0,240.0,1079.0,111.0,114.0,5781.0,29.0,-5.0,76.0,1.0,-18.0,-14.0
13.0,-8.0,2.0,2.0,247.0,97.0,9.0,-7.0,3.0,-2.0,21.0,4.0,6.0,-22.0,8.0,-24.0,1.0,-30.0,-48.0,7.0,-1.0,-78.0,114.0,-1.0,-5.0,-3.0,6658.0,114.0,-381.0,542.0,23.0,97.0,6850.0,46.0,1.0,128.0,-1.0,-18.0,4.0
-10.0,12.0,29.0,-1.0,-64.0,-31.0,-4.0,-5.0,-1.0,1.0,-31.0,4.0,-5.0,4.0,-8.0,31.0,0.0,21.0,-158.0,-16.0,-10.0,711.0,249.0,1.0,-2.0,0.0,-6511.0,-142.0,530.0,-715.0,-10.0,-57.0,-5857.0,-6.0,0.0,95.0,-1.0,43.0,18.0
0.0,1.0,-35.0,-2.0,126.0,53.0,4.0,0.0,0.0,2.0,12.0,3.0,1.0,14.0,-5.0,15.0,-9.0,-50.0,280.0,91.0,16.0,114.0,-1.0,1.0,-1.0,-4.0,4523.0,215.0,-163.0,740.0,62.0,44.0,5535.0,6.0,0.0,80.0,3.0,-35.0,10.0
0.0,-3.0,10.0,-1.0,44.0,7.0,-8.0,-3.0,-6.0,0.0,-2.0,-1.0,0.0,13.0,2.0,-9.0,0.0,-4.0,-48.0,6.0,-1.0,79.0,26.0,1.0,-1.0,1.0,3003.0,39.0,-107.0,712.0,57.0,17.0,2897.0,8.0,3.0,-85.0,-2.0,-16.0,1.0
12.0,-9.0,-7.0,-1.0,264.0,102.0,10.0,4.0,-4.0,1.0,17.0,8.0,3.0,9.0,-2.0,-8.0,0.0,-88.0,139.0,-39.0,-1.0,440.0,263.0,-3.0,-1.0,-1.0,3538.0,49.0,76.0,558.0,16.0,83.0,4373.0,11.0,-2.0,43.0,0.0,-8.0,-9.0
-14.0,12.0,6.0,3.0,-55.0,-43.0,-9.0,-1.0,1.0,-1.0,-31.0,-2.0,3.0,4.0,-5.0,14.0,1.0,15.0,-137.0,-33.0,-3.0,-240.0,-178.0,-1.0,6.0,5.0,-5329.0,-73.0,-77.0,-604.0,-184.0,-16.0,-5773.0,-26.0,-2.0,-51.0,1.0,39.0,-13.0
6.0,-6.0,29.0,0.0,98.0,30.0,0.0,-3.0,0.0,1.0,-1.0,3.0,0.0,2.0,6.0,-20.0,2.0,0.0,-101.0,126.0,-6.0,220.0,168.0,1.0,-2.0,-2.0,776.0,-12.0,55.0,351.0,5.0,23.0,1056.0,13.0,-8.0,51.0,0.0,-11.0,-31.0
-1.0,3.0,-6.0,-1.0,62.0,29.0,-3.0,2.0,-2.0,1.0,7.0,-7.0,-3.0,-14.0,0.0,4.0,-2.0,-42.0,-77.0,-25.0,-6.0,-619.0,-310.0,-2.0,-1.0,-1.0,3680.0,-4.0,148.0,537.0,137.0,21.0,2859.0,3.0,-4.0,-87.0,0.0,-60.0,3.0
13.0,-8.0,-18.0,-4.0,223.0,121.0,13.0,12.0,6.0,4.0,51.0,5.0,6.0,-3.0,1.0,-2.0,-20.0,-26.0,-9.0,57.0,-2.0,249.0,146.0,5.0,-3.0,-2.0,4275.0,151.0,-75.0,506.0,-88.0,60.0,4848.0,28.0,3.0,-42.0,-1.0,-48.0,12.0
14.0,-13.0,-25.0,4.0,92.0,78.0,4.0,2.0,1.0,-3.0,30.0,-1.0,0.0,-10.0,8.0,-20.0,6.0,-25.0,81.0,-33.0,10.0,139.0,216.0,-2.0,0.0,0.0,7705.0,114.0,-499.0,980.0,4.0,47.0,8372.0,23.0,0.0,8.0,0.0,-32.0,12.0
-13.0,13.0,7.0,1.0,-94.0,-48.0,1.0,1.0,-2.0,-4.0,-30.0,-3.0,-2.0,-32.0,-3.0,23.0,8.0,24.0,66.0,-69.0,-5.0,-32.0,-200.0,-1.0,-2.0,1.0,-3554.0,9.0,-134.0,-607.0,-30.0,-54.0,-4287.0,9.0,8.0,18.0,-2.0,13.0,-3.0
1.0,-4.0,11.0,6.0,60.0,-11.0,-1.0,0.0,4.0,0.0,6.0,-5.0,3.0,-16.0,6.0,-25.0,6.0,-38.0,-85.0,0.0,-2.0,-448.0,-269.0,1.0,-2.0,-2.0,-217.0,9.0,-88.0,-75.0,41.0,-6.0,-849.0,-16.0,-9.0,-72.0,0.0,0.0,-1.0
-8.0,4.0,7.0,0.0,-47.0,-33.0,-10.0,-4.0,-1.0,-2.0,-11.0,0.0,-1.0,-6.0,-8.0,13.0,29.0,59.0,67.0,-104.0,-5.0,-25.0,74.0,1.0,4.0,2.0,-4873.0,-39.0,-459.0,-1085.0,-43.0,-23.0,-5164.0,-2.0,-1.0,-8.0,2.0,15.0,-4.0
4.0,-2.0,13.0,4.0,4.0,-2.0,1.0,-4.0,1.0,1.0,8.0,0.0,2.0,-5.0,7.0,-23.0,-6.0,21.0,-87.0,32.0,8.0,133.0,118.0,1.0,4.0,4.0,-1643.0,-1.0,14.0,-179.0,159.0,-11.0,-1507.0,3.0,3.0,-119.0,0.0,-5.0,-4.0
-8.0,6.0,-11.0,0.0,-30.0,-22.0,-9.0,-1.0,-1.0,-5.0,-8.0,-2.0,-1.0,-21.0,-5.0,11.0,-7.0,9.0,49.0,-2.0,3.0,-299.0,-250.0,0.0,0.0,1.0,2219.0,-12.0,49.0,414.0,-98.0,10.0,1791.0,-18.0,5.0,-91.0,0.0,13.0,6.0
-8.0,8.0,-8.0,-2.0,-174.0,-49.0,-3.0,0.0,0.0,-1.0,-17.0,-5.0,-2.0,7.0,-2.0,-3.0,13.0,58.0,135.0,95.0,3.0,435.0,267.0,-1.0,1.0,3.0,-6141.0,-22.0,-217.0,-844.0,-143.0,-58.0,-5932.0,-33.0,1.0,-237.0,-1.0,40.0,-30.0
15.0,-15.0,4.0,-1.0,265.0,97.0,3.0,-4.0,3.0,1.0,24.0,9.0,3.0,20.0,8.0,-26.0,-10.0,-51.0,-236.0,10.0,0.0,93.0,153.0,0.0,-3.0,-2.0,2999.0,31.0,-129.0,369.0,-44.0,88.0,3556.0,13.0,-4.0,-21.0,-1.0,18.0,-8.0
12.0,-13.0,19.0,-5.0,94.0,56.0,5.0,2.0,4.0,4.0,51.0,8.0,2.0,-19.0,6.0,-22.0,-20.0,-40.0,-105.0,20.0,-7.0,-172.0,-65.0,1.0,-4.0,-4.0,4674.0,-11.0,-19.0,771.0,105.0,93.0,3857.0,14.0,-4.0,-42.0,0.0,13.0,10.0
15.0,-14.0,-21.0,3.0,261.0,94.0,8.0,-4.0,3.0,-1.0,21.0,11.0,1.0,22.0,9.0,-34.0,-14.0,-31.0,-80.0,-14.0,0.0,73.0,254.0,-2.0,-5.0,-4.0,4410.0,23.0,-246.0,569.0,60.0,85.0,5088.0,17.0,-1.0,33.0,-1.0,-60.0,1.0
-15.0,17.0,5.0,-3.0,-92.0,-64.0,-4.0,-5.0,-1.0,1.0,-32.0,4.0,-3.0,12.0,-12.0,44.0,38.0,81.0,-42.0,-12.0,-10.0,144.0,76.0,3.0,-2.0,-1.0,-6887.0,-112.0,381.0,-882.0,-45.0,-16.0,-7054.0,-5.0,9.0,116.0,-1.0,1.0,-6.0
14.0,-8.0,-12.0,1.0,74.0,50.0,8.0,0.0,1.0,5.0,14.0,4.0,2.0,-11.0,8.0,-20.0,3.0,5.0,-132.0,43.0,8.0,-73.0,-40.0,2.0,-1.0,-2.0,3597.0,8.0,297.0,835.0,14.0,64.0,3991.0,-7.0,2.0,-43.0,0.0,-6.0,0.0
2.0,0.0,-9.0,2.0,-40.0,-16.0,1.0,3.0,1.0,0.0,11.0,-1.0,1.0,38.0,-2.0,-9.0,-19.0,-8.0,87.0,48.0,0.0,-23.0,116.0,-1.0,0.0,-1.0,520.0,-36.0,76.0,167.0,35.0,-37.0,415.0,-6.0,-4.0,-76.0,1.0,-48.0,13.0
4.0,-1.0,-9.0,1.0,157.0,60.0,3.0,3.0,0.0,0.0,-1.0,4.0,1.0,2.0,-4.0,8.0,-43.0,-98.0,197.0,85.0,3.0,-291.0,-224.0,0.0,-1.0,-1.0,3723.0,97.0,-251.0,408.0,-164.0,5.0,3973.0,12.0,-4.0,82.0,0.0,-3.0,12.0
5.0,-8.0,-9.0,-7.0,43.0,41.0,6.0,3.0,-3.0,1.0,9.0,4.0,-2.0,27.0,4.0,-14.0,-75.0,-78.0,114.0,103.0,4.0,298.0,128.0,-5.0,1.0,1.0,5120.0,39.0,309.0,867.0,128.0,22.0,6108.0,8.0,-2.0,111.0,0.0,-21.0,-2.0
0.0,-5.0,14.0,3.0,14.0,-6.0,5.0,-4.0,-1.0,1.0,3.0,9.0,1.0,10.0,-3.0,4.0,8.0,14.0,-221.0,-54.0,-2.0,-319.0,-248.0,-1.0,1.0,-1.0,3532.0,21.0,66.0,701.0,25.0,-8.0,3015.0,5.0,-2.0,108.0,2.0,3.0,9.0
-16.0,14.0,24.0,-1.0,-220.0,-123.0,-16.0,-4.0,-8.0,-3.0,-49.0,-13.0,-5.0,6.0,-1.0,11.0,3.0,-1.0,-5.0,-101.0,1.0,-271.0,-263.0,-2.0,2.0,2.0,-5743.0,-161.0,403.0,-728.0,106.0,-61.0,-6719.0,-37.0,-2.0,-68.0,0.0,66.0,-14.0
-20.0,16.0,-23.0,0.0,-255.0,-114.0,-9.0,-1.0,-5.0,-5.0,-58.0,-12.0,-5.0,22.0,-9.0,37.0,69.0,117.0,-5.0,-137.0,-4.0,330.0,171.0,-2.0,1.0,1.0,-6754.0,-85.0,256.0,-1000.0,-100.0,-87.0,-6323.0,-29.0,5.0,79.0,0.0,-5.0,-18.0
10.0,-7.0,11.0,1.0,92.0,31.0,5.0,-3.0,1.0,2.0,0.0,1.0,4.0,-12.0,6.0,-3.0,10.0,-36.0,-84.0,76.0,-3.0,-109.0,-21.0,2.0,1.0,-1.0,-3180.0,-8.0,-5.0,-716.0,-53.0,4.0,-2917.0,44.0,-3.0,198.0,1.0,-4.0,18.0
-6.0,6.0,9.0,0.0,-166.0,-46.0,-3.0,4.0,0.0,3.0,-1.0,-6.0,-4.0,-9.0,-5.0,16.0,7.0,13.0,215.0,-57.0,0.0,241.0,115.0,-1.0,3.0,2.0,628.0,8.0,25.0,98.0,191.0,-32.0,826.0,-6.0,-1.0,99.0,0.0,-10.0,-2.0
17.0,-15.0,19.0,-3.0,246.0,106.0,3.0,0.0,4.0,4.0,56.0,8.0,3.0,-27.0,6.0,-16.0,-18.0,-85.0,-120.0,33.0,4.0,-110.0,-57.0,0.0,-3.0,-2.0,5494.0,98.0,-390.0,764.0,39.0,123.0,5356.0,28.0,-6.0,-2.0,-1.0,40.0,7.0
-14.0,14.0,-6.0,0.0,-143.0,-72.0,-4.0,3.0,-2.0,-5.0,-21.0,-8.0,-3.0,1.0,-8.0,35.0,40.0,48.0,28.0,-125.0,-5.0,165.0,30.0,-4.0,-4.0,-1.0,-4294.0,-14.0,-192.0,-676.0,-56.0,-55.0,-4839.0,2.0,3.0,19.0,-2.0,0.0,-1.0
6.0,-5.0,-5.0,5.0,148.0,33.0,3.0,1.0,0.0,0.0,4.0,-1.0,2.0,-8.0,5.0,-26.0,-46.0,-81.0,102.0,34.0,11.0,-241.0,-183.0,-4.0,1.0,1.0,1413.0,99.0,-370.0,95.0,79.0,-4.0,1713.0,0.0,-8.0,-30.0,0.0,-20.0,0.0
-7.0,9.0,2.0,2.0,-67.0,-31.0,-1.0,-3.0,-2.0,-1.0,-27.0,1.0,-1.0,-49.0,-3.0,16.0,40.0,88.0,1.0,-130.0,-2.0,-130.0,-166.0,2.0,1.0,1.0,-4830.0,-22.0,-296.0,-857.0,-59.0,-13.0,-5460.0,0.0,9.0,-33.0,0.0,22.0,-7.0
-2.0,6.0,-10.0,0.0,-6.0,-15.0,-3.0,3.0,-2.0,-1.0,5.0,-10.0,-1.0,-5.0,5.0,-1.0,24.0,46.0,-70.0,-140.0,7.0,311.0,216.0,0.0,-1.0,1.0,-2960.0,-6.0,91.0,-437.0,220.0,21.0,-2813.0,-3.0,6.0,-98.0,-2.0,-30.0,-8.0
3.0,-1.0,-11.0,-5.0,-77.0,5.0,-1.0,-1.0,-1.0,0.0,-9.0,1.0,-2.0,1.0,1.0,-12.0,-41.0,-5.0,281.0,143.0,5.0,506.0,342.0,-4.0,4.0,4.0,-2665.0,-22.0,-188.0,-502.0,-43.0,-16.0,-1613.0,2.0,1.0,-50.0,0.0,10.0,-12.0
7.0,-6.0,-12.0,-2.0,125.0,75.0,11.0,4.0,5.0,1.0,29.0,8.0,8.0,-19.0,-3.0,7.0,4.0,19.0,-130.0,172.0,-1.0,-43.0,-106.0,5.0,0.0,0.0,705.0,130.0,-182.0,61.0,-357.0,8.0,805.0,26.0,4.0,-64.0,1.0,4.0,15.0
-4.0,-2.0,12.0,-3.0,-9.0,-15.0,-1.0,-3.0,-2.0,0.0,-10.0,-1.0,1.0,15.0,-1.0,5.0,18.0,8.0,-49.0,27.0,-6.0,93.0,106.0,1.0,3.0,1.0,-6409.0,-8.0,-184.0,-1276.0,-68.0,-39.0,-6292.0,15.0,-6.0,114.0,2.0,20.0,-6.0
3.0,-4.0,-13.0,0.0,-65.0,21.0,3.0,6.0,-2.0,-2.0,18.0,-5.0,0.0,10.0,3.0,-10.0,10.0,20.0,-19.0,-36.0,10.0,233.0,118.0,-1.0,1.0,2.0,3628.0,103.0,-322.0,615.0,-96.0,-20.0,3584.0,-14.0,0.0,-231.0,0.0,29.0,-11.0
6.0,-7.0,8.0,1.0,112.0,40.0,7.0,4.0,0.0,4.0,25.0,6.0,-1.0,26.0,1.0,-5.0,-16.0,-31.0,-100.0,-169.0,-3.0,-27.0,4.0,-1.0,-2.0,-3.0,7102.0,42.0,173.0,1146.0,294.0,44.0,7058.0,7.0,-3.0,130.0,0.0,-49.0,6.0
-5.0,1.0,25.0,-6.0,-148.0,-47.0,-3.0,2.0,0.0,2.0,-2.0,-2.0,1.0,6.0,-1.0,2.0,2.0,25.0,-141.0,11.0,-11.0,-42.0,-109.0,3.0,1.0,0.0,-2231.0,-101.0,488.0,-193.0,-38.0,-27.0,-3031.0,-18.0,-1.0,-94.0,1.0,51.0,-6.0
2.0,8.0,-9.0,1.0,-56.0,3.0,5.0,1.0,0.0,1.0,-4.0,1.0,0.0,-5.0,-2.0,26.0,40.0,57.0,-96.0,1.0,3.0,175.0,67.0,3.0,-3.0,-1.0,-30.0,-9.0,238.0,293.0,-126.0,7.0,-95.0,10.0,12.0,-31.0,-2.0,6.0,7.0
3.0,-1.0,4.0,3.0,9.0,8.0,6.0,1.0,1.0,1.0,2.0,4.0,2.0,5.0,3.0,-21.0,-51.0,-32.0,125.0,104.0,0.0,-220.0,-114.0,2.0,2.0,1.0,1260.0,-13.0,134.0,236.0,61.0,-36.0,967.0,1.0,1.0,-77.0,1.0,-35.0,11.0
-14.0,8.0,0.0,4.0,-245.0,-101.0,-5.0,-8.0,-2.0,-3.0,-55.0,-2.0,-2.0,22.0,-7.0,15.0,39.0,92.0,-22.0,35.0,-3.0,152.0,73.0,-1.0,6.0,4.0,-5437.0,-80.0,179.0,-742.0,-161.0,-119.0,-5017.0,-23.0,2.0,58.0,2.0,20.0,-14.0
-14.0,13.0,16.0,3.0,-32.0,-75.0,-5.0,-5.0,3.0,1.0,-26.0,-1.0,0.0,-4.0,-6.0,19.0,44.0,43.0,-127.0,-12.0,-12.0,-304.0,-193.0,4.0,-4.0,-3.0,-7104.0,-103.0,293.0,-957.0,-4.0,-22.0,-7903.0,-21.0,0.0,44.0,-1.0,1.0,-7.0
13.0,-10.0,4.0,2.0,121.0,44.0,-3.0,-1.0,4.0,1.0,26.0,1.0,3.0,16.0,2.0,-11.0,-19.0,-73.0,31.0,75.0,0.0,-97.0,113.0,0.0,1.0,-1.0,3186.0,-17.0,16.0,332.0,31.0,33.0,3671.0,27.0,-7.0,109.0,1.0,-31.0,27.0
-4.0,2.0,-2.0,-2.0,-131.0,-33.0,-5.0,0.0,-2.0,3.0,-5.0,-5.0,-2.0,-26.0,-3.0,12.0,21.0,35.0,83.0,11.0,5.0,-38.0,-69.0,2.0,5.0,2.0,35.0,-4.0,187.0,71.0,39.0,3.0,316.0,-16.0,0.0,79.0,2.0,17.0,-2.0
4.0,-8.0,-2.0,-5.0,112.0,57.0,5.0,5.0,1.0,1.0,10.0,4.0,0.0,21.0,1.0,-5.0,-66.0,-133.0,124.0,154.0,-6.0,-200.0,-182.0,0.0,-3.0,-3.0,7213.0,46.0,340.0,1105.0,-74.0,25.0,7519.0,4.0,-7.0,151.0,0.0,-4.0,9.0
-15.0,12.0,1.0,2.0,-155.0,-97.0,-20.0,-5.0,-6.0,-6.0,-37.0,-10.0,-9.0,-2.0,-2.0,4.0,-11.0,-10.0,179.0,-174.0,4.0,-256.0,-144.0,-5.0,0.0,1.0,1514.0,-142.0,231.0,353.0,259.0,2.0,986.0,-44.0,1.0,-27.0,-1.0,9.0,-9.0
-2.0,1.0,-16.0,2.0,36.0,13.0,4.0,-3.0,-1.0,-2.0,-14.0,3.0,-3.0,-36.0,3.0,1.0,15.0,28.0,69.0,-72.0,0.0,3.0,-15.0,-1.0,-2.0,-1.0,891.0,28.0,-193.0,33.0,69.0,34.0,1117.0,10.0,7.0,130.0,-1.0,-30.0,-4.0
11.0,-6.0,-6.0,1.0,117.0,79.0,11.0,4.0,7.0,4.0,36.0,11.0,7.0,-19.0,-5.0,4.0,22.0,61.0,-63.0,43.0,-3.0,138.0,112.0,5.0,1.0,0.0,22.0,111.0,-506.0,-162.0,-234.0,14.0,142.0,27.0,4.0,-95.0,1.0,-14.0,11.0
5.0,-2.0,0.0,2.0,152.0,50.0,-2.0,-2.0,0.0,0.0,5.0,0.0,1.0,-8.0,0.0,6.0,2.0,-45.0,-15.0,13.0,11.0,62.0,8.0,-1.0,1.0,2.0,820.0,109.0,-371.0,-7.0,-66.0,30.0,1499.0,14.0,-2.0,40.0,-1.0,27.0,-3.0
-3.0,-4.0,-2.0,-7.0,-4.0,8.0,-4.0,-1.0,-4.0,-1.0,-2.0,4.0,-3.0,21.0,-4.0,-1.0,-46.0,-19.0,181.0,-1.0,-1.0,273.0,202.0,-4.0,5.0,3.0,247.0,0.0,-150.0,-218.0,85.0,-1.0,944.0,6.0,-3.0,103.0,2.0,-6.0,-6.0
-10.0,12.0,7.0,4.0,-139.0,-74.0,-3.0,-1.0,-1.0,-4.0,-13.0,-8.0,-1.0,-4.0,-1.0,12.0,34.0,69.0,-59.0,-93.0,3.0,298.0,148.0,-3.0,0.0,3.0,-5937.0,-15.0,-178.0,-855.0,103.0,-66.0,-6346.0,5.0,6.0,-100.0,-2.0,-5.0,-5.0
16.0,-18.0,-1.0,2.0,261.0,80.0,8.0,-1.0,3.0,1.0,23.0,8.0,4.0,20.0,13.0,-58.0,-58.0,-87.0,-119.0,31.0,0.0,-210.0,-38.0,-3.0,-3.0,-3.0,3592.0,21.0,-128.0,471.0,101.0,54.0,3770.0,-1.0,-10.0,-91.0,0.0,-29.0,-5.0
11.0,-7.0,-19.0,-1.0,95.0,76.0,1.0,10.0,-1.0,-2.0,32.0,-9.0,1.0,-7.0,8.0,-11.0,-11.0,-52.0,67.0,-77.0,9.0,117.0,99.0,1.0,-1.0,0.0,6237.0,104.0,-171.0,758.0,22.0,46.0,6501.0,14.0,1.0,-102.0,-1.0,-14.0,10.0
2.0,1.0,3.0,-1.0,-82.0,-18.0,2.0,-3.0,1.0,1.0,-17.0,-4.0,2.0,-5.0,4.0,-6.0,23.0,22.0,51.0,171.0,0.0,326.0,246.0,1.0,2.0,2.0,-9321.0,-30.0,-222.0,-1560.0,-196.0,-54.0,-8849.0,11.0,-2.0,-39.0,0.0,36.0,-12.0
-14.0,11.0,-17.0,-3.0,-170.0,-68.0,-2.0,3.0,-4.0,-2.0,-17.0,-6.0,-4.0,17.0,-7.0,23.0,51.0,97.0,-69.0,-131.0,0.0,294.0,117.0,-3.0,-3.0,-1.0,-3926.0,-6.0,-74.0,-401.0,-57.0,-34.0,-4223.0,-34.0,2.0,-108.0,-1.0,18.0,-25.0
8.0,-6.0,6.0,-2.0,147.0,55.0,3.0,0.0,1.0,0.0,33.0,5.0,4.0,-38.0,3.0,-6.0,-15.0,-47.0,-99.0,80.0,4.0,-444.0,-325.0,1.0,-3.0,-2.0,1867.0,59.0,-286.0,297.0,-108.0,67.0,974.0,21.0,-1.0,-80.0,0.0,32.0,17.0
-4.0,5.0,9.0,1.0,-104.0,-37.0,-7.0,0.0,0.0,0.0,-9.0,-7.0,-1.0,-42.0,-4.0,24.0,10.0,-14.0,180.0,17.0,0.0,-167.0,-156.0,1.0,4.0,2.0,-333.0,-12.0,69.0,-204.0,40.0,-18.0,-300.0,20.0,1.0,206.0,1.0,-1.0,22.0
-17.0,14.0,6.0,-1.0,-242.0,-103.0,-8.0,0.0,-4.0,-2.0,-53.0,-10.0,-1.0,25.0,-7.0,24.0,22.0,65.0,-36.0,-9.0,-4.0,130.0,-44.0,2.0,5.0,4.0,-6905.0,-90.0,507.0,-964.0,-143.0,-120.0,-6888.0,-32.0,3.0,-52.0,1.0,38.0,-16.0
2.0,2.0,9.0,0.0,13.0,25.0,1.0,-2.0,1.0,1.0,3.0,5.0,1.0,5.0,-2.0,11.0,-3.0,4.0,8.0,83.0,0.0,83.0,77.0,5.0,2.0,2.0,667.0,-3.0,133.0,134.0,-84.0,-2.0,753.0,15.0,7.0,-7.0,0.0,12.0,8.0
-1.0,1.0,-9.0,-1.0,5.0,10.0,5.0,5.0,0.0,0.0,-6.0,4.0,0.0,10.0,-4.0,2.0,-45.0,-53.0,212.0,72.0,-8.0,-353.0,-232.0,1.0,-2.0,-3.0,2903.0,-12.0,120.0,415.0,-98.0,-25.0,2474.0,-2.0,-2.0,42.0,1.0,-30.0,15.0
12.0,-4.0,-1.0,3.0,39.0,37.0,10.0,4.0,3.0,5.0,18.0,3.0,0.0,6.0,6.0,-16.0,-11.0,-17.0,0.0,-25.0,3.0,206.0,144.0,-1.0,-3.0,-2.0,4190.0,20.0,135.0,862.0,166.0,29.0,4501.0,3.0,1.0,-23.0,-2.0,-33.0,0.0
2.0,-7.0,2.0,-2.0,120.0,36.0,7.0,4.0,-2.0,1.0,18.0,3.0,0.0,26.0,3.0,-2.0,-34.0,-73.0,-167.0,-40.0,-1.0,-208.0,-214.0,-1.0,-3.0,-3.0,7785.0,61.0,497.0,1369.0,171.0,38.0,7721.0,6.0,-3.0,161.0,0.0,-31.0,10.0
-13.0,11.0,2.0,-1.0,-27.0,-52.0,-8.0,-3.0,1.0,0.0,-18.0,4.0,-4.0,2.0,-9.0,13.0,-20.0,16.0,103.0,-40.0,-7.0,-124.0,-97.0,-1.0,-2.0,-1.0,-448.0,-95.0,327.0,101.0,149.0,16.0,-667.0,-30.0,3.0,33.0,-1.0,-25.0,-7.0
5.0,-7.0,10.0,3.0,-39.0,-11.0,-1.0,-5.0,3.0,1.0,12.0,5.0,2.0,33.0,-3.0,-10.0,2.0,-1.0,-55.0,116.0,1.0,19.0,132.0,-2.0,3.0,1.0,577.0,-18.0,-135.0,189.0,-87.0,-33.0,754.0,-1.0,-8.0,-20.0,2.0,12.0,6.0
-16.0,14.0,15.0,6.0,-160.0,-120.0,-17.0,-7.0,-4.0,-5.0,-45.0,-15.0,-5.0,-8.0,1.0,10.0,53.0,17.0,-51.0,-146.0,-1.0,-436.0,-240.0,0.0,-2.0,-1.0,-5142.0,-150.0,197.0,-705.0,106.0,-36.0,-6250.0,-35.0,-2.0,-16.0,-1.0,35.0,-9.0
6.0,-11.0,2.0,-5.0,-18.0,14.0,0.0,-2.0,1.0,4.0,14.0,4.0,0.0,2.0,5.0,-20.0,9.0,29.0,-138.0,8.0,-6.0,-7.0,76.0,3.0,1.0,-2.0,2214.0,-82.0,429.0,447.0,61.0,61.0,2373.0,-17.0,-2.0,18.0,2.0,8.0,-7.0
6.0,-2.0,17.0,0.0,112.0,42.0,5.0,4.0,3.0,0.0,37.0,4.0,2.0,-21.0,1.0,-2.0,-29.0,-69.0,33.0,12.0,-1.0,-165.0,-141.0,-2.0,-5.0,-2.0,2460.0,71.0,-448.0,324.0,44.0,32.0,1484.0,31.0,-2.0,-60.0,-2.0,5.0,17.0
-8.0,3.0,-4.0,-5.0,-161.0,-58.0,-4.0,1.0,-1.0,-1.0,-7.0,-4.0,-3.0,3.0,-3.0,15.0,49.0,77.0,-110.0,-117.0,-11.0,158.0,106.0,-1.0,-3.0,-3.0,-2080.0,-96.0,237.0,-229.0,5.0,6.0,-2466.0,-15.0,1.0,37.0,0.0,8.0,-8.0
-4.0,10.0,-14.0,-4.0,3.0,12.0,-3.0,5.0,-2.0,-1.0,0.0,-5.0,-2.0,5.0,-4.0,33.0,27.0,29.0,25.0,-89.0,-1.0,261.0,175.0,4.0,-3.0,-1.0,-650.0,-8.0,210.0,-124.0,-23.0,30.0,-553.0,9.0,10.0,14.0,-2.0,-13.0,4.0
0.0,1.0,-25.0,4.0,-4.0,-3.0,5.0,0.0,0.0,-2.0,-3.0,2.0,-2.0,2.0,1.0,-8.0,-4.0,20.0,156.0,-24.0,0.0,-20.0,101.0,-2.0,-2.0,-2.0,1411.0,-8.0,-117.0,200.0,104.0,-3.0,1532.0,4.0,3.0,54.0,0.0,-78.0,9.0
13.0,-13.0,-4.0,-1.0,237.0,115.0,18.0,8.0,5.0,5.0,54.0,14.0,7.0,7.0,-2.0,2.0,-12.0,-12.0,-230.0,3.0,-4.0,-70.0,-102.0,4.0,-2.0,-3.0,7807.0,172.0,-9.0,1207.0,-63.0,52.0,7863.0,33.0,1.0,66.0,1.0,-45.0,21.0
-9.0,8.0,3.0,4.0,-35.0,-45.0,-6.0,-3.0,1.0,-4.0,-16.0,-7.0,3.0,-27.0,-2.0,17.0,57.0,36.0,-181.0,26.0,-2.0,-479.0,-346.0,5.0,-2.0,-1.0,-4437.0,-20.0,15.0,-644.0,-251.0,-28.0,-5445.0,-9.0,2.0,-80.0,0.0,39.0,6.0
-17.0,15.0,5.0,-1.0,-225.0,-81.0,-4.0,1.0,-4.0,-1.0,-35.0,-8.0,-4.0,-58.0,-6.0,35.0,29.0,59.0,149.0,-58.0,0.0,-70.0,-269.0,1.0,3.0,3.0,-3519.0,5.0,53.0,-536.0,9.0,-51.0,-3971.0,-7.0,8.0,97.0,0.0,30.0,-5.0
4.0,-6.0,5.0,-3.0,38.0,18.0,9.0,1.0,-1.0,2.0,1.0,-1.0,2.0,21.0,7.0,-8.0,-11.0,-51.0,-116.0,131.0,-1.0,118.0,32.0,0.0,-1.0,-1.0,-1536.0,31.0,275.0,-191.0,-25.0,-16.0,-1128.0,17.0,-5.0,122.0,0.0,5.0,-2.0
10.0,-9.0,4.0,-1.0,166.0,70.0,1.0,1.0,3.0,1.0,9.0,6.0,2.0,-12.0,0.0,0.0,-45.0,-118.0,156.0,99.0,-8.0,-427.0,-235.0,2.0,-1.0,-3.0,5569.0,7.0,60.0,580.0,-102.0,45.0,5730.0,31.0,-5.0,227.0,1.0,-13.0,29.0
-17.0,9.0,14.0,-4.0,-36.0,-67.0,-9.0,-6.0,-1.0,0.0,-28.0,3.0,-3.0,17.0,-10.0,18.0,-2.0,24.0,54.0,-13.0,-13.0,-31.0,9.0,0.0,1.0,0.0,-6857.0,-103.0,143.0,-1175.0,81.0,-23.0,-6959.0,-15.0,-3.0,147.0,1.0,-5.0,-13.0
-11.0,13.0,-1.0,5.0,-72.0,-76.0,-13.0,-6.0,-8.0,-5.0,-47.0,-11.0,-6.0,0.0,0.0,9.0,1.0,-26.0,136.0,-112.0,12.0,-229.0,-154.0,-5.0,1.0,2.0,-3512.0,-60.0,-85.0,-535.0,144.0,-34.0,-3688.0,-19.0,-1.0,26.0,-1.0,15.0,-8.0
16.0,-14.0,-9.0,2.0,56.0,65.0,0.0,5.0,2.0,-1.0,44.0,-4.0,3.0,26.0,5.0,-21.0,-9.0,-53.0,12.0,39.0,10.0,136.0,231.0,-1.0,2.0,1.0,6814.0,86.0,-306.0,947.0,-65.0,13.0,7255.0,13.0,-7.0,-122.0,1.0,-2.0,16.0
18.0,-16.0,8.0,2.0,274.0,105.0,9.0,-3.0,4.0,2.0,26.0,13.0,5.0,25.0,11.0,-47.0,-61.0,-83.0,-111.0,114.0,0.0,-127.0,39.0,2.0,-1.0,-1.0,4259.0,18.0,5.0,605.0,17.0,52.0,4523.0,14.0,-3.0,-98.0,0.0,-17.0,3.0
11.0,-13.0,2.0,-3.0,134.0,64.0,-2.0,-4.0,1.0,4.0,19.0,4.0,1.0,-6.0,5.0,-14.0,11.0,-16.0,-153.0,21.0,5.0,55.0,84.0,2.0,2.0,0.0,3034.0,27.0,58.0,440.0,-5.0,91.0,3872.0,-3.0,-4.0,58.0,1.0,35.0,-10.0
4.0,0.0,6.0,3.0,-8.0,4.0,0.0,0.0,2.0,3.0,7.0,3.0,-1.0,0.0,-2.0,-3.0,18.0,42.0,67.0,-129.0,-2.0,181.0,218.0,0.0,1.0,0.0,-683.0,-19.0,-324.0,-223.0,123.0,6.0,-663.0,1.0,0.0,-31.0,0.0,-18.0,-4.0
6.0,-2.0,5.0,5.0,-59.0,-9.0,8.0,-4.0,2.0,2.0,-4.0,6.0,2.0,-10.0,2.0,-7.0,13.0,28.0,-121.0,90.0,4.0,-86.0,-108.0,-1.0,0.0,0.0,620.0,-1.0,28.0,417.0,-103.0,-23.0,458.0,1.0,2.0,-45.0,0.0,19.0,3.0
1.0,-2.0,-14.0,-4.0,5.0,23.0,-3.0,2.0,-2.0,-1.0,8.0,5.0,-4.0,6.0,-3.0,-6.0,-64.0,-27.0,230.0,-28.0,5.0,180.0,96.0,-5.0,2.0,2.0,6656.0,8.0,34.0,1058.0,153.0,38.0,7236.0,-9.0,3.0,-11.0,0.0,-26.0,0.0
-16.0,14.0,-10.0,4.0,-251.0,-116.0,-8.0,-5.0,-4.0,-4.0,-50.0,-12.0,-3.0,17.0,-2.0,14.0,63.0,138.0,-92.0,-105.0,4.0,463.0,289.0,-1.0,5.0,5.0,-8397.0,-86.0,270.0,-1179.0,59.0,-98.0,-7830.0,-26.0,8.0,-40.0,0.0,-10.0,-22.0
-11.0,9.0,12.0,-4.0,-157.0,-57.0,-1.0,4.0,-3.0,1.0,-12.0,-4.0,0.0,20.0,-5.0,10.0,4.0,45.0,-100.0,-3.0,0.0,94.0,-98.0,1.0,1.0,2.0,-4077.0,-11.0,177.0,-365.0,-100.0,-67.0,-4788.0,-37.0,0.0,-239.0,0.0,61.0,-23.0
4.0,-5.0,0.0,1.0,-17.0,-6.0,-2.0,-1.0,3.0,0.0,-3.0,-4.0,1.0,-15.0,7.0,-37.0,-35.0,-43.0,196.0,143.0,3.0,58.0,73.0,-3.0,2.0,2.0,-2882.0,-13.0,-276.0,-577.0,-2.0,-22.0,-2462.0,-14.0,-8.0,-122.0,0.0,10.0,-13.0
-11.0,12.0,5.0,-2.0,-109.0,-70.0,-6.0,-6.0,2.0,1.0,-35.0,0.0,-2.0,-3.0,-5.0,7.0,3.0,38.0,154.0,131.0,-7.0,202.0,149.0,0.0,0.0,1.0,-9769.0,-125.0,105.0,-1459.0,-47.0,-38.0,-9516.0,-19.0,1.0,-6.0,-1.0,11.0,-19.0
-11.0,12.0,23.0,-1.0,-130.0,-61.0,-3.0,4.0,-1.0,-2.0,-16.0,-6.0,1.0,4.0,-6.0,22.0,-7.0,-4.0,-3.0,3.0,-5.0,-35.0,-185.0,0.0,0.0,2.0,-4445.0,-19.0,59.0,-640.0,-99.0,-88.0,-5404.0,-1.0,1.0,-112.0,-1.0,43.0,1.0
19.0,-10.0,-13.0,1.0,164.0,112.0,21.0,8.0,8.0,6.0,47.0,11.0,8.0,-13.0,3.0,-9.0,-7.0,2.0,-130.0,147.0,2.0,163.0,38.0,4.0,-3.0,-2.0,4895.0,150.0,-47.0,923.0,-191.0,37.0,5306.0,29.0,5.0,-87.0,-1.0,-29.0,15.0
6.0,-2.0,-6.0,-2.0,98.0,46.0,2.0,8.0,1.0,3.0,22.0,-3.0,-2.0,16.0,4.0,-9.0,-24.0,-45.0,121.0,-115.0,-1.0,292.0,252.0,0.0,-3.0,-2.0,3570.0,21.0,107.0,445.0,269.0,52.0,4043.0,2.0,-1.0,22.0,-2.0,-52.0,-3.0
1.0,-1.0,13.0,1.0,49.0,24.0,5.0,-2.0,0.0,1.0,-9.0,5.0,1.0,-33.0,5.0,-12.0,-32.0,-24.0,38.0,56.0,0.0,-197.0,-230.0,3.0,2.0,2.0,740.0,23.0,58.0,69.0,26.0,1.0,552.0,7.0,5.0,-1.0,0.0,13.0,-2.0
6.0,-12.0,2.0,-1.0,103.0,30.0,5.0,3.0,1.0,1.0,15.0,-1.0,1.0,11.0,10.0,-39.0,-69.0,-116.0,29.0,103.0,2.0,-150.0,-141.0,-4.0,-1.0,-1.0,4903.0,48.0,221.0,792.0,169.0,16.0,5259.0,-8.0,-11.0,39.0,0.0,-21.0,-3.0
-5.0,1.0,16.0,1.0,-88.0,-44.0,-4.0,-1.0,4.0,0.0,2.0,-4.0,1.0,-8.0,1.0,1.0,52.0,43.0,-187.0,-34.0,-13.0,-207.0,-86.0,5.0,-3.0,-3.0,-1630.0,-90.0,282.0,-170.0,-38.0,-2.0,-2562.0,-16.0,-1.0,-42.0,0.0,20.0,-1.0
-2.0,0.0,-15.0,2.0,19.0,-9.0,0.0,-4.0,-1.0,-3.0,-32.0,1.0,0.0,47.0,2.0,-10.0,8.0,34.0,-116.0,-23.0,-4.0,203.0,210.0,0.0,0.0,0.0,-2495.0,-67.0,261.0,-395.0,-83.0,-35.0,-1800.0,-15.0,2.0,-19.0,0.0,-22.0,-15.0
0.0,-2.0,-7.0,-2.0,74.0,39.0,-4.0,4.0,2.0,-1.0,9.0,5.0,-2.0,0.0,-6.0,3.0,-55.0,-82.0,240.0,23.0,-5.0,-318.0,-214.0,0.0,-2.0,-2.0,8749.0,15.0,65.0,1296.0,-49.0,41.0,8647.0,-13.0,-2.0,29.0,0.0,-9.0,11.0
11.0,-10.0,13.0,0.0,161.0,60.0,-4.0,-4.0,3.0,1.0,15.0,2.0,2.0,-22.0,4.0,-2.0,0.0,-65.0,-56.0,27.0,0.0,-74.0,-3.0,1.0,1.0,0.0,2666.0,19.0,-60.0,165.0,-4.0,70.0,3256.0,33.0,-3.0,185.0,0.0,17.0,14.0
-10.0,13.0,-4.0,3.0,-113.0,-47.0,-5.0,2.0,-3.0,-1.0,-19.0,-9.0,-2.0,-28.0,-8.0,32.0,12.0,6.0,221.0,3.0,11.0,-31.0,-145.0,-1.0,4.0,4.0,-2179.0,78.0,-242.0,-376.0,-22.0,-58.0,-2057.0,1.0,2.0,61.0,0.0,9.0,5.0
-10.0,12.0,-8.0,-2.0,-95.0,-34.0,-5.0,-3.0,-3.0,-4.0,-22.0,-2.0,0.0,-11.0,-8.0,42.0,51.0,74.0,-96.0,26.0,0.0,-31.0,-77.0,4.0,0.0,1.0,-4220.0,-29.0,103.0,-569.0,-292.0,-22.0,-4596.0,7.0,11.0,-8.0,0.0,39.0,7.0
0.0,1.0,-16.0,-3.0,-64.0,-6.0,6.0,3.0,-4.0,0.0,-7.0,4.0,-2.0,16.0,-1.0,-7.0,-54.0,2.0,202.0,21.0,2.0,145.0,78.0,-4.0,2.0,1.0,810.0,-19.0,89.0,177.0,104.0,-28.0,1063.0,2.0,3.0,2.0,1.0,-47.0,4.0
19.0,-15.0,10.0,-1.0,206.0,90.0,4.0,3.0,5.0,4.0,67.0,7.0,4.0,11.0,4.0,-25.0,-37.0,-93.0,-33.0,81.0,4.0,-133.0,59.0,-1.0,-3.0,-3.0,6014.0,62.0,-314.0,931.0,74.0,86.0,5771.0,22.0,-10.0,-78.0,0.0,-8.0,20.0
-2.0,2.0,12.0,5.0,-106.0,-42.0,-2.0,-8.0,1.0,0.0,-15.0,6.0,1.0,-16.0,-6.0,6.0,42.0,87.0,-54.0,-14.0,-1.0,-111.0,-34.0,0.0,4.0,2.0,-4253.0,-40.0,-431.0,-668.0,-146.0,-46.0,-4706.0,-1.0,1.0,-53.0,2.0,34.0,-1.0
-6.0,-3.0,9.0,-2.0,73.0,3.0,-3.0,0.0,-3.0,-1.0,7.0,3.0,-1.0,20.0,-5.0,11.0,-5.0,-14.0,-100.0,-144.0,-6.0,-233.0,-140.0,0.0,1.0,-1.0,2912.0,22.0,38.0,284.0,128.0,15.0,2557.0,4.0,-4.0,153.0,2.0,-16.0,6.0
1.0,0.0,-16.0,5.0,-9.0,-13.0,0.0,-5.0,0.0,-2.0,3.0,-2.0,-2.0,-8.0,5.0,-10.0,41.0,73.0,-56.0,-96.0,8.0,333.0,333.0,-3.0,0.0,1.0,-1492.0,4.0,-237.0,-215.0,202.0,22.0,-942.0,6.0,5.0,12.0,-1.0,-48.0,-6.0
-2.0,1.0,-1.0,3.0,-128.0,-45.0,-12.0,-2.0,-7.0,-6.0,-19.0,-14.0,-5.0,-4.0,7.0,-9.0,9.0,-26.0,76.0,-134.0,11.0,-132.0,-47.0,-4.0,2.0,2.0,1962.0,-47.0,-96.0,252.0,110.0,-14.0,1653.0,-14.0,-2.0,-60.0,0.0,34.0,-2.0
0.0,-3.0,-11.0,-3.0,-27.0,4.0,2.0,0.0,-2.0,3.0,4.0,2.0,-1.0,16.0,1.0,-12.0,11.0,49.0,-97.0,-6.0,5.0,129.0,87.0,1.0,1.0,0.0,368.0,8.0,118.0,275.0,-1.0,21.0,616.0,-36.0,-1.0,-127.0,1.0,18.0,-24.0
-4.0,4.0,-6.0,-2.0,-78.0,-37.0,3.0,0.0,-3.0,0.0,-17.0,-5.0,0.0,5.0,-1.0,20.0,61.0,61.0,-153.0,-55.0,-3.0,185.0,96.0,-1.0,-2.0,-2.0,-7106.0,-14.0,-79.0,-1117.0,-110.0,-30.0,-7140.0,10.0,-1.0,90.0,0.0,14.0,-7.0
3.0,-2.0,29.0,-1.0,13.0,11.0,1.0,1.0,1.0,3.0,5.0,2.0,4.0,3.0,2.0,-13.0,-47.0,-52.0,-31.0,128.0,0.0,-200.0,-215.0,4.0,4.0,3.0,-151.0,-5.0,251.0,36.0,-43.0,-33.0,-565.0,-3.0,-2.0,-131.0,1.0,43.0,2.0
18.0,-10.0,-10.0,3.0,205.0,83.0,13.0,0.0,3.0,2.0,19.0,9.0,4.0,15.0,11.0,-32.0,-18.0,-30.0,-215.0,32.0,3.0,-35.0,29.0,0.0,-6.0,-4.0,3562.0,12.0,110.0,764.0,-25.0,61.0,3675.0,9.0,2.0,-122.0,-2.0,-23.0,2.0
-8.0,11.0,3.0,1.0,-147.0,-53.0,-5.0,0.0,2.0,-4.0,-21.0,-7.0,-1.0,-9.0,-3.0,9.0,2.0,9.0,232.0,101.0,-2.0,306.0,180.0,-2.0,0.0,3.0,-6509.0,-30.0,-335.0,-1119.0,-142.0,-79.0,-6548.0,3.0,2.0,-110.0,-2.0,22.0,-6.0
17.0,-18.0,-4.0,0.0,220.0,109.0,16.0,7.0,8.0,5.0,51.0,10.0,8.0,-8.0,5.0,-35.0,-47.0,-55.0,-34.0,146.0,-1.0,-12.0,-29.0,1.0,0.0,-1.0,4925.0,159.0,-285.0,630.0,-65.0,30.0,5401.0,19.0,-7.0,-56.0,1.0,-35.0,8.0
5.0,-9.0,7.0,-4.0,107.0,47.0,0.0,0.0,1.0,1.0,16.0,0.0,0.0,11.0,5.0,-7.0,-21.0,-80.0,-88.0,82.0,2.0,153.0,50.0,-1.0,-1.0,0.0,4310.0,58.0,220.0,690.0,24.0,50.0,5045.0,6.0,-5.0,109.0,-1.0,26.0,-6.0
-3.0,1.0,0.0,-3.0,45.0,26.0,4.0,2.0,-1.0,0.0,-17.0,5.0,-1.0,-28.0,-2.0,11.0,-26.0,-45.0,125.0,24.0,-8.0,-330.0,-348.0,2.0,-2.0,-2.0,2383.0,24.0,44.0,248.0,-133.0,12.0,2059.0,4.0,2.0,118.0,0.0,18.0,2.0
6.0,-8.0,13.0,-2.0,9.0,10.0,-2.0,-2.0,3.0,1.0,10.0,2.0,1.0,-14.0,4.0,-8.0,-2.0,-20.0,-41.0,14.0,-11.0,-136.0,-11.0,2.0,0.0,-2.0,1846.0,-90.0,311.0,172.0,62.0,40.0,1757.0,19.0,-1.0,145.0,1.0,-10.0,17.0
-17.0,14.0,-3.0,6.0,-182.0,-100.0,-9.0,-3.0,0.0,-4.0,-49.0,-12.0,-1.0,11.0,-5.0,23.0,72.0,83.0,-82.0,-54.0,-6.0,-35.0,-21.0,4.0,1.0,1.0,-6304.0,-79.0,301.0,-941.0,-143.0,-95.0,-6419.0,-30.0,3.0,0.0,0.0,7.0,-11.0
-5.0,5.0,13.0,-1.0,3.0,-30.0,1.0,-2.0,2.0,5.0,-10.0,6.0,-3.0,23.0,-4.0,2.0,-13.0,7.0,54.0,-38.0,-10.0,175.0,153.0,-1.0,-2.0,-2.0,-2667.0,-83.0,278.0,-313.0,247.0,6.0,-2458.0,-12.0,-2.0,124.0,-1.0,-38.0,-13.0
-2.0,4.0,-17.0,-2.0,68.0,24.0,-7.0,7.0,0.0,-2.0,14.0,-5.0,-3.0,-5.0,-1.0,2.0,-31.0,-36.0,170.0,-117.0,2.0,-7.0,2.0,0.0,-3.0,-1.0,5789.0,9.0,156.0,859.0,171.0,62.0,5834.0,-16.0,4.0,-69.0,-2.0,-39.0,3.0
-5.0,2.0,1.0,0.0,-90.0,-62.0,-13.0,-8.0,-7.0,-1.0,-33.0,-7.0,-6.0,2.0,5.0,-11.0,10.0,3.0,-2.0,-104.0,6.0,-236.0,-78.0,-2.0,2.0,0.0,-1298.0,-142.0,344.0,-88.0,205.0,27.0,-1315.0,-36.0,-3.0,44.0,1.0,23.0,-15.0
9.0,-5.0,-7.0,4.0,-11.0,34.0,-1.0,2.0,0.0,-2.0,17.0,-3.0,2.0,-23.0,2.0,-5.0,31.0,35.0,13.0,-91.0,8.0,6.0,65.0,1.0,3.0,2.0,1984.0,64.0,-602.0,90.0,-124.0,0.0,1795.0,13.0,2.0,-155.0,1.0,20.0,9.0
-2.0,6.0,3.0,-2.0,-65.0,-12.0,4.0,-2.0,-2.0,1.0,-14.0,0.0,1.0,10.0,-3.0,31.0,58.0,65.0,-145.0,28.0,-3.0,268.0,173.0,4.0,0.0,0.0,-6439.0,-17.0,54.0,-983.0,-194.0,-32.0,-6387.0,25.0,6.0,83.0,0.0,26.0,1.0
-3.0,2.0,-5.0,2.0,13.0,-11.0,7.0,4.0,-3.0,0.0,2.0,3.0,0.0,15.0,-2.0,5.0,-13.0,7.0,-79.0,-122.0,-3.0,-361.0,-264.0,0.0,-2.0,-3.0,3475.0,3.0,277.0,679.0,147.0,-12.0,2676.0,0.0,2.0,52.0,1.0,-57.0,16.0
7.0,-2.0,-9.0,4.0,112.0,34.0,-1.0,1.0,1.0,0.0,16.0,-1.0,2.0,30.0,-2.0,-3.0,-17.0,-53.0,72.0,61.0,11.0,39.0,124.0,-2.0,1.0,1.0,1340.0,73.0,-295.0,160.0,-31.0,-7.0,1914.0,8.0,-6.0,-36.0,0.0,-21.0,10.0
3.0,-6.0,3.0,-2.0,-63.0,-1.0,4.0,-5.0,-2.0,1.0,-6.0,10.0,-1.0,11.0,-2.0,-8.0,-33.0,9.0,60.0,89.0,3.0,187.0,94.0,-5.0,5.0,3.0,867.0,-1.0,-122.0,199.0,-18.0,-24.0,1402.0,7.0,-1.0,58.0,2.0,13.0,-3.0
-14.0,14.0,5.0,2.0,-270.0,-107.0,-8.0,-1.0,-3.0,-1.0,-18.0,-13.0,-3.0,-30.0,-4.0,24.0,55.0,104.0,24.0,-82.0,8.0,260.0,79.0,-1.0,5.0,5.0,-5902.0,-19.0,9.0,-784.0,142.0,-63.0,-6030.0,-11.0,6.0,-21.0,0.0,12.0,-7.0
6.0,-5.0,6.0,-3.0,85.0,46.0,7.0,4.0,1.0,3.0,41.0,6.0,1.0,-5.0,2.0,-14.0,-18.0,-20.0,-64.0,6.0,4.0,-36.0,-54.0,-1.0,-4.0,-2.0,2828.0,79.0,-330.0,599.0,43.0,53.0,2100.0,-5.0,-3.0,-187.0,-1.0,23.0,-7.0
-12.0,10.0,-17.0,-2.0,-108.0,-59.0,-6.0,-1.0,-4.0,-5.0,-25.0,-7.0,-1.0,-16.0,-6.0,31.0,54.0,70.0,-104.0,-57.0,0.0,-114.0,-154.0,-1.0,-2.0,-1.0,-4887.0,-26.0,-30.0,-703.0,-208.0,-20.0,-5349.0,-8.0,4.0,-1.0,0.0,27.0,-1.0
-3.0,-4.0,-11.0,0.0,56.0,11.0,-5.0,-4.0,0.0,-3.0,2.0,2.0,-3.0,7.0,-2.0,-2.0,4.0,-1.0,135.0,-46.0,-3.0,108.0,225.0,-2.0,1.0,0.0,848.0,11.0,-356.0,-195.0,85.0,24.0,1413.0,8.0,-3.0,155.0,1.0,-37.0,-1.0
0.0,0.0,9.0,-7.0,-60.0,-3.0,1.0,3.0,-4.0,2.0,-4.0,2.0,0.0,14.0,-2.0,1.0,-50.0,-18.0,46.0,45.0,2.0,165.0,-23.0,-2.0,4.0,3.0,-601.0,-11.0,206.0,-23.0,0.0,-25.0,-469.0,-2.0,0.0,-52.0,1.0,31.0,-5.0
-17.0,15.0,-4.0,-3.0,-105.0,-89.0,-5.0,-3.0,-2.0,0.0,-35.0,-1.0,-4.0,7.0,-10.0,33.0,41.0,77.0,-50.0,-95.0,-10.0,61.0,-1.0,-2.0,-4.0,-3.0,-7554.0,-109.0,248.0,-1016.0,39.0,-14.0,-7807.0,-20.0,2.0,123.0,-1.0,-11.0,-14.0
8.0,-6.0,-17.0,-4.0,133.0,59.0,0.0,4.0,-1.0,3.0,18.0,-2.0,0.0,-1.0,6.0,-13.0,-10.0,-23.0,-11.0,-47.0,4.0,13.0,68.0,3.0,-1.0,-2.0,2977.0,9.0,269.0,418.0,117.0,87.0,3533.0,-8.0,0.0,2.0,0.0,-25.0,-3.0
-5.0,2.0,4.0,0.0,53.0,5.0,6.0,1.0,-4.0,0.0,-9.0,4.0,-1.0,-23.0,0.0,14.0,6.0,15.0,-166.0,-170.0,-3.0,-338.0,-380.0,1.0,-2.0,-2.0,2955.0,39.0,201.0,512.0,112.0,25.0,2261.0,6.0,6.0,128.0,0.0,-9.0,3.0
2.0,-4.0,4.0,4.0,-9.0,-27.0,0.0,-2.0,0.0,0.0,5.0,-5.0,1.0,-10.0,9.0,-34.0,-3.0,17.0,-95.0,-51.0,8.0,50.0,41.0,-4.0,2.0,2.0,-2310.0,2.0,-119.0,-313.0,243.0,-9.0,-2260.0,-12.0,-4.0,-112.0,0.0,-17.0,-12.0
8.0,3.0,-14.0,6.0,92.0,36.0,8.0,2.0,0.0,1.0,0.0,0.0,2.0,-13.0,3.0,0.0,-6.0,-24.0,6.0,35.0,14.0,-66.0,-116.0,-1.0,-2.0,0.0,1383.0,90.0,-132.0,388.0,-47.0,3.0,1618.0,10.0,4.0,-61.0,-2.0,-14.0,7.0
2.0,-1.0,0.0,1.0,62.0,9.0,-4.0,-4.0,0.0,-3.0,-8.0,-1.0,3.0,-33.0,1.0,8.0,3.0,-27.0,-35.0,74.0,0.0,-408.0,-271.0,2.0,1.0,0.0,-961.0,-20.0,44.0,-302.0,-151.0,14.0,-1126.0,26.0,2.0,107.0,1.0,9.0,24.0
-16.0,15.0,-1.0,3.0,-224.0,-126.0,-11.0,-4.0,-8.0,-5.0,-52.0,-11.0,-7.0,8.0,0.0,3.0,-1.0,19.0,151.0,-125.0,1.0,-291.0,-162.0,-4.0,0.0,0.0,-4332.0,-169.0,286.0,-528.0,210.0,-64.0,-5187.0,-33.0,1.0,-14.0,0.0,-12.0,-5.0
10.0,-6.0,-3.0,3.0,158.0,50.0,3.0,-4.0,2.0,0.0,8.0,9.0,3.0,9.0,3.0,-19.0,11.0,29.0,-148.0,-72.0,-2.0,-60.0,103.0,1.0,-2.0,-2.0,-1311.0,-27.0,-349.0,-321.0,-68.0,38.0,-1489.0,7.0,1.0,-130.0,0.0,-8.0,-2.0
16.0,-12.0,17.0,-2.0,177.0,77.0,12.0,1.0,2.0,5.0,41.0,7.0,5.0,-17.0,8.0,-17.0,-8.0,-56.0,-148.0,82.0,1.0,-145.0,-75.0,1.0,-3.0,-3.0,-352.0,71.0,-335.0,-117.0,-10.0,57.0,-817.0,39.0,-6.0,11.0,0.0,19.0,11.0
2.0,-1.0,-4.0,-3.0,-8.0,21.0,-2.0,1.0,3.0,0.0,-8.0,1.0,0.0,-5.0,-2.0,-3.0,-32.0,-60.0,291.0,194.0,-5.0,8.0,32.0,1.0,0.0,0.0,-572.0,-15.0,-157.0,-264.0,-245.0,-13.0,-202.0,-2.0,-4.0,-10.0,0.0,27.0,-1.0
14.0,-14.0,0.0,0.0,96.0,81.0,-1.0,2.0,1.0,-1.0,33.0,-3.0,2.0,-12.0,7.0,-12.0,10.0,-45.0,-75.0,-9.0,10.0,159.0,115.0,0.0,2.0,2.0,6294.0,122.0,-382.0,780.0,-100.0,50.0,6840.0,19.0,-3.0,-46.0,0.0,46.0,3.0
18.0,-15.0,-8.0,-1.0,184.0,110.0,12.0,7.0,9.0,5.0,63.0,10.0,8.0,30.0,-2.0,-12.0,-18.0,-27.0,-64.0,173.0,-1.0,268.0,278.0,3.0,0.0,-1.0,4852.0,133.0,-210.0,695.0,-175.0,27.0,5602.0,27.0,-5.0,-62.0,1.0,-36.0,18.0
-2.0,4.0,11.0,2.0,-35.0,-13.0,2.0,4.0,2.0,0.0,4.0,-1.0,-2.0,17.0,-2.0,4.0,-14.0,-22.0,132.0,-68.0,-5.0,279.0,184.0,-3.0,-2.0,0.0,593.0,12.0,-162.0,27.0,152.0,-35.0,510.0,10.0,-1.0,20.0,-2.0,-27.0,0.0
5.0,-8.0,-18.0,0.0,103.0,44.0,5.0,0.0,1.0,-1.0,13.0,2.0,-2.0,13.0,6.0,-15.0,-25.0,-60.0,68.0,58.0,2.0,133.0,151.0,-3.0,-3.0,-2.0,5721.0,50.0,103.0,890.0,128.0,47.0,6577.0,10.0,-2.0,163.0,-1.0,-52.0,3.0
6.0,-8.0,23.0,4.0,10.0,13.0,4.0,-7.0,3.0,2.0,3.0,10.0,3.0,0.0,2.0,-22.0,-30.0,-25.0,-17.0,172.0,1.0,-178.0,-98.0,1.0,5.0,3.0,1317.0,5.0,-77.0,258.0,-61.0,-32.0,1306.0,6.0,-3.0,-21.0,2.0,25.0,4.0
-15.0,14.0,12.0,4.0,-201.0,-91.0,-9.0,1.0,1.0,-1.0,-17.0,-13.0,-1.0,-36.0,-7.0,33.0,64.0,49.0,34.0,-31.0,-2.0,-238.0,-231.0,4.0,1.0,1.0,-3809.0,-12.0,40.0,-546.0,-60.0,-60.0,-4619.0,-15.0,1.0,19.0,0.0,29.0,4.0
-4.0,-1.0,2.0,-3.0,-83.0,-21.0,-7.0,1.0,2.0,-1.0,10.0,1.0,-3.0,-2.0,-2.0,-5.0,-12.0,16.0,43.0,-62.0,-8.0,-27.0,10.0,0.0,-1.0,-1.0,5026.0,-82.0,316.0,888.0,115.0,36.0,4674.0,-25.0,2.0,-53.0,0.0,-6.0,-1.0
-12.0,13.0,-8.0,-3.0,-157.0,-43.0,-1.0,1.0,-3.0,-1.0,-14.0,-1.0,-3.0,22.0,-9.0,34.0,48.0,101.0,-61.0,-48.0,0.0,377.0,194.0,2.0,-1.0,1.0,-3259.0,-9.0,59.0,-267.0,-141.0,-36.0,-3470.0,-19.0,9.0,-115.0,-1.0,30.0,-17.0
-20.0,10.0,-5.0,-1.0,-186.0,-92.0,-13.0,-4.0,-4.0,-5.0,-51.0,-8.0,-4.0,32.0,-9.0,22.0,26.0,64.0,99.0,-55.0,-7.0,238.0,181.0,0.0,6.0,4.0,-6057.0,-79.0,151.0,-1159.0,-58.0,-96.0,-5475.0,-24.0,0.0,103.0,2.0,1.0,-17.0
4.0,-7.0,13.0,-3.0,-53.0,1.0,2.0,2.0,3.0,4.0,18.0,3.0,-2.0,19.0,3.0,-16.0,-5.0,7.0,-6.0,-60.0,-11.0,272.0,260.0,0.0,-1.0,-2.0,2807.0,-70.0,267.0,474.0,213.0,26.0,2883.0,-7.0,-3.0,38.0,0.0,-19.0,-7.0
6.0,-3.0,9.0,1.0,-4.0,19.0,-1.0,-3.0,4.0,1.0,0.0,1.0,2.0,-10.0,5.0,-26.0,-38.0,-39.0,204.0,226.0,3.0,141.0,150.0,2.0,4.0,4.0,-2215.0,-16.0,-143.0,-443.0,-86.0,-24.0,-1709.0,1.0,-1.0,-129.0,0.0,22.0,-5.0
15.0,-14.0,-8.0,-4.0,229.0,136.0,16.0,9.0,8.0,5.0,46.0,15.0,7.0,2.0,-4.0,-1.0,-44.0,-72.0,61.0,197.0,-9.0,-62.0,-70.0,5.0,-2.0,-3.0,7235.0,157.0,-166.0,943.0,-308.0,39.0,7661.0,31.0,-3.0,56.0,1.0,-18.0,20.0
-12.0,6.0,-12.0,-1.0,-139.0,-59.0,-3.0,0.0,-3.0,-3.0,-40.0,-8.0,-3.0,38.0,-1.0,9.0,-3.0,5.0,32.0,49.0,-2.0,263.0,107.0,-1.0,2.0,2.0,-1184.0,-40.0,610.0,-74.0,-15.0,-73.0,-311.0,-22.0,1.0,111.0,0.0,-14.0,-13.0
-12.0,8.0,15.0,2.0,-264.0,-92.0,-5.0,-4.0,-1.0,0.0,-23.0,-3.0,-2.0,-25.0,-9.0,25.0,31.0,58.0,94.0,58.0,1.0,-51.0,-137.0,-1.0,6.0,4.0,-2942.0,-13.0,-82.0,-347.0,-78.0,-84.0,-3217.0,-8.0,0.0,77.0,2.0,42.0,1.0
-1.0,-5.0,5.0,-2.0,20.0,-2.0,-9.0,-1.0,1.0,-1.0,16.0,-1.0,0.0,43.0,-5.0,-3.0,-11.0,-29.0,66.0,26.0,-3.0,105.0,240.0,-1.0,3.0,1.0,-43.0,-17.0,-163.0,-228.0,16.0,-10.0,296.0,-2.0,-10.0,25.0,2.0,-7.0,3.0
-11.0,9.0,3.0,3.0,-97.0,-54.0,-2.0,1.0,1.0,-1.0,-8.0,-6.0,0.0,6.0,-3.0,9.0,54.0,63.0,-146.0,-48.0,-2.0,-71.0,-75.0,3.0,-3.0,-1.0,-3476.0,0.0,-29.0,-342.0,-100.0,-42.0,-4319.0,-35.0,0.0,-187.0,-1.0,30.0,-18.0
-1.0,4.0,-20.0,1.0,0.0,14.0,0.0,-3.0,0.0,-2.0,-2.0,3.0,-3.0,2.0,-4.0,24.0,44.0,56.0,39.0,-45.0,0.0,283.0,292.0,1.0,-2.0,-1.0,818.0,2.0,-118.0,98.0,-41.0,31.0,1318.0,18.0,9.0,124.0,-1.0,-31.0,6.0
3.0,-1.0,-2.0,3.0,-38.0,17.0,1.0,6.0,0.0,-5.0,14.0,-7.0,1.0,-6.0,2.0,2.0,-1.0,-29.0,78.0,-30.0,5.0,104.0,31.0,-2.0,0.0,2.0,3260.0,95.0,-440.0,340.0,-95.0,-41.0,2968.0,22.0,1.0,-104.0,-1.0,11.0,13.0
1.0,-3.0,2.0,-1.0,69.0,29.0,-9.0,-1.0,2.0,-1.0,15.0,1.0,-2.0,-10.0,-2.0,1.0,-10.0,-29.0,28.0,-49.0,3.0,35.0,18.0,-1.0,0.0,1.0,5846.0,27.0,-55.0,881.0,49.0,66.0,6173.0,-11.0,0.0,-13.0,-1.0,21.0,-4.0
3.0,-1.0,19.0,-3.0,150.0,25.0,4.0,-2.0,3.0,5.0,23.0,11.0,1.0,-15.0,-1.0,-4.0,-28.0,-40.0,-45.0,42.0,-6.0,-269.0,-172.0,0.0,-5.0,-4.0,-800.0,-24.0,-8.0,-16.0,139.0,73.0,-1484.0,9.0,-3.0,44.0,-1.0,-6.0,4.0
0.0,6.0,-18.0,1.0,-69.0,-22.0,4.0,3.0,-1.0,0.0,-7.0,-4.0,-1.0,-10.0,0.0,15.0,43.0,53.0,-104.0,-82.0,3.0,92.0,-10.0,-2.0,-5.0,-3.0,-697.0,-6.0,105.0,159.0,-42.0,9.0,-848.0,-5.0,5.0,-24.0,-2.0,-6.0,-1.0
12.0,-13.0,-1.0,1.0,278.0,86.0,10.0,0.0,0.0,1.0,26.0,12.0,3.0,35.0,6.0,-21.0,-23.0,-44.0,-315.0,-112.0,-3.0,-268.0,-111.0,0.0,-5.0,-5.0,6474.0,34.0,148.0,1048.0,103.0,76.0,6232.0,13.0,-2.0,31.0,0.0,-39.0,8.0
12.0,-16.0,-3.0,0.0,130.0,47.0,3.0,-1.0,1.0,4.0,18.0,3.0,2.0,-6.0,10.0,-46.0,-37.0,-52.0,-36.0,42.0,5.0,-248.0,-107.0,-1.0,2.0,-1.0,3627.0,17.0,59.0,542.0,140.0,57.0,4086.0,-17.0,-10.0,-12.0,2.0,-12.0,-7.0
0.0,7.0,-7.0,6.0,45.0,3.0,-2.0,-2.0,-1.0,-1.0,-11.0,0.0,1.0,-19.0,-5.0,13.0,23.0,35.0,73.0,-69.0,9.0,-91.0,-42.0,0.0,2.0,2.0,-3490.0,51.0,-591.0,-697.0,-90.0,-20.0,-3546.0,8.0,3.0,-69.0,0.0,1.0,3.0
1.0,0.0,-7.0,-2.0,-69.0,-16.0,1.0,-2.0,-4.0,0.0,-1.0,0.0,-2.0,6.0,3.0,-9.0,-9.0,55.0,-10.0,-51.0,10.0,498.0,310.0,-5.0,4.0,4.0,-2093.0,-7.0,-31.0,-238.0,202.0,-3.0,-1411.0,4.0,5.0,-40.0,0.0,-17.0,-11.0
-3.0,7.0,-19.0,-1.0,-1.0,-5.0,2.0,8.0,-2.0,-1.0,-1.0,-6.0,-1.0,5.0,1.0,1.0,-21.0,-7.0,142.0,-68.0,-1.0,-42.0,-16.0,1.0,-3.0,-2.0,-57.0,-18.0,211.0,-22.0,122.0,-4.0,-339.0,-5.0,4.0,-56.0,-1.0,-60.0,7.0
-9.0,8.0,12.0,-3.0,-95.0,-48.0,-5.0,0.0,-3.0,-2.0,-20.0,-5.0,3.0,-13.0,-4.0,18.0,7.0,18.0,-135.0,71.0,0.0,-314.0,-369.0,3.0,2.0,2.0,-5038.0,-31.0,221.0,-667.0,-251.0,-53.0,-5914.0,-11.0,2.0,-132.0,1.0,70.0,1.0
-3.0,3.0,7.0,-1.0,-29.0,-13.0,8.0,-2.0,-3.0,1.0,-26.0,0.0,1.0,-28.0,4.0,8.0,29.0,37.0,-115.0,1.0,-3.0,-12.0,-134.0,2.0,0.0,0.0,-6366.0,9.0,-21.0,-1048.0,-84.0,-29.0,-6588.0,17.0,4.0,89.0,0.0,27.0,-9.0
-5.0,5.0,12.0,3.0,-63.0,-66.0,-15.0,-8.0,-5.0,-4.0,-37.0,-9.0,-5.0,-14.0,4.0,1.0,-1.0,-46.0,95.0,-98.0,1.0,-365.0,-165.0,-3.0,1.0,0.0,-1666.0,-150.0,226.0,-363.0,206.0,6.0,-1931.0,0.0,-2.0,171.0,0.0,5.0,9.0
19.0,-16.0,5.0,0.0,233.0,134.0,17.0,5.0,9.0,6.0,54.0,15.0,9.0,-3.0,3.0,-24.0,-50.0,-51.0,-26.0,229.0,-1.0,71.0,48.0,6.0,2.0,1.0,5592.0,156.0,-152.0,764.0,-149.0,28.0,6154.0,34.0,0.0,-63.0,1.0,-23.0,16.0
-2.0,0.0,5.0,-4.0,-165.0,-39.0,-5.0,-2.0,3.0,0.0,-7.0,-3.0,-1.0,-7.0,2.0,-11.0,11.0,38.0,94.0,109.0,-8.0,299.0,256.0,1.0,1.0,1.0,-4295.0,-112.0,94.0,-672.0,-81.0,-18.0,-4175.0,-14.0,0.0,-92.0,0.0,30.0,-13.0
-18.0,18.0,-14.0,0.0,-242.0,-89.0,-8.0,-3.0,-4.0,-4.0,-55.0,-7.0,-4.0,27.0,-11.0,48.0,66.0,121.0,3.0,-54.0,-4.0,413.0,248.0,3.0,3.0,3.0,-6087.0,-88.0,389.0,-866.0,-184.0,-89.0,-5570.0,-14.0,12.0,72.0,0.0,7.0,-10.0
8.0,-8.0,4.0,-2.0,104.0,61.0,5.0,5.0,3.0,4.0,17.0,7.0,-1.0,21.0,-1.0,-8.0,-48.0,-91.0,191.0,25.0,-8.0,-19.0,36.0,0.0,-2.0,-3.0,6530.0,27.0,16.0,882.0,49.0,31.0,6856.0,5.0,-7.0,120.0,0.0,-22.0,5.0
3.0,-6.0,-6.0,5.0,-3.0,2.0,3.0,-8.0,2.0,-1.0,-2.0,8.0,-1.0,-3.0,0.0,-9.0,17.0,27.0,14.0,44.0,1.0,22.0,117.0,-3.0,1.0,0.0,1468.0,10.0,-328.0,222.0,-18.0,1.0,1871.0,9.0,-1.0,110.0,1.0,-18.0,2.0
2.0,-1.0,7.0,5.0,24.0,-10.0,-5.0,0.0,5.0,0.0,18.0,-5.0,3.0,22.0,-1.0,-2.0,35.0,-10.0,-115.0,27.0,-2.0,-168.0,38.0,3.0,-2.0,-2.0,-290.0,-17.0,-13.0,-10.0,-69.0,-9.0,-648.0,-8.0,-7.0,-78.0,0.0,-1.0,9.0
-3.0,-5.0,14.0,-4.0,60.0,14.0,-10.0,-4.0,0.0,-1.0,5.0,0.0,-1.0,5.0,-3.0,6.0,8.0,-21.0,-21.0,-22.0,-3.0,128.0,124.0,0.0,3.0,2.0,-563.0,19.0,-239.0,-395.0,-19.0,27.0,-119.0,4.0,-6.0,101.0,1.0,41.0,-10.0
-6.0,1.0,-6.0,-4.0,-54.0,-13.0,4.0,4.0,-2.0,0.0,1.0,-2.0,-2.0,33.0,1.0,-5.0,-21.0,-15.0,-32.0,55.0,2.0,227.0,53.0,-2.0,-2.0,0.0,1644.0,39.0,280.0,525.0,28.0,-20.0,1789.0,-27.0,-2.0,-76.0,-1.0,9.0,-20.0
-10.0,10.0,0.0,2.0,-65.0,-35.0,-7.0,3.0,1.0,-5.0,-4.0,-3.0,-3.0,-4.0,-7.0,15.0,-21.0,-13.0,181.0,-70.0,-2.0,-20.0,-66.0,-3.0,-2.0,1.0,2812.0,0.0,-113.0,441.0,54.0,-25.0,2301.0,-8.0,4.0,-71.0,-2.0,-14.0,6.0
-1.0,1.0,-4.0,1.0,-169.0,-16.0,-4.0,6.0,-2.0,-2.0,9.0,-12.0,-1.0,-32.0,-1.0,14.0,20.0,6.0,161.0,-19.0,10.0,66.0,-38.0,0.0,5.0,4.0,3295.0,91.0,-253.0,411.0,-56.0,-38.0,3284.0,6.0,1.0,-25.0,1.0,28.0,11.0
-9.0,9.0,-13.0,1.0,-99.0,-51.0,0.0,0.0,-3.0,-4.0,-23.0,-3.0,1.0,-11.0,-3.0,10.0,3.0,38.0,21.0,47.0,0.0,-334.0,-268.0,1.0,0.0,0.0,-3627.0,-39.0,104.0,-467.0,-147.0,-56.0,-4382.0,-7.0,5.0,-78.0,1.0,-8.0,10.0
-3.0,1.0,20.0,-2.0,17.0,-8.0,2.0,4.0,-3.0,2.0,5.0,1.0,2.0,13.0,-3.0,13.0,-9.0,-13.0,-235.0,-98.0,-3.0,-341.0,-365.0,2.0,0.0,-1.0,2064.0,11.0,394.0,479.0,43.0,-9.0,1144.0,-4.0,-1.0,-2.0,1.0,21.0,7.0
-8.0,10.0,-11.0,1.0,-116.0,-55.0,-6.0,-1.0,-2.0,-2.0,-18.0,-4.0,-2.0,-16.0,-8.0,28.0,72.0,112.0,-37.0,-186.0,-2.0,67.0,64.0,-1.0,-1.0,-1.0,-5570.0,-45.0,-354.0,-926.0,-85.0,-14.0,-6012.0,-7.0,4.0,-32.0,0.0,9.0,-5.0
14.0,-12.0,2.0,0.0,196.0,68.0,12.0,-3.0,1.0,2.0,9.0,8.0,5.0,30.0,10.0,-27.0,0.0,-22.0,-264.0,59.0,-3.0,58.0,135.0,1.0,-3.0,-3.0,-2847.0,4.0,-74.0,-512.0,-93.0,22.0,-2617.0,24.0,-4.0,-8.0,0.0,-3.0,-4.0
11.0,-12.0,-14.0,-6.0,70.0,58.0,4.0,-1.0,-3.0,4.0,12.0,8.0,-1.0,10.0,4.0,-21.0,-43.0,-14.0,49.0,42.0,7.0,200.0,162.0,-2.0,4.0,1.0,3844.0,8.0,147.0,617.0,99.0,63.0,4935.0,-1.0,-1.0,60.0,2.0,-12.0,-6.0
2.0,5.0,-19.0,1.0,151.0,45.0,0.0,6.0,-2.0,-1.0,4.0,-6.0,0.0,-3.0,1.0,7.0,-19.0,-52.0,127.0,-55.0,10.0,20.0,-8.0,0.0,-2.0,0.0,763.0,91.0,-160.0,-29.0,56.0,26.0,1160.0,9.0,2.0,-16.0,-2.0,-33.0,4.0
-1.0,-3.0,4.0,1.0,36.0,-1.0,4.0,0.0,-1.0,0.0,-12.0,0.0,0.0,-38.0,7.0,-23.0,-29.0,-28.0,30.0,-27.0,0.0,-280.0,-307.0,-2.0,0.0,0.0,73.0,26.0,-75.0,-65.0,110.0,3.0,-201.0,-8.0,-2.0,6.0,0.0,1.0,-10.0
14.0,-5.0,-1.0,4.0,101.0,46.0,6.0,0.0,3.0,2.0,10.0,2.0,3.0,-27.0,7.0,-8.0,-8.0,-44.0,-35.0,49.0,3.0,-202.0,-127.0,1.0,-2.0,-2.0,3229.0,0.0,179.0,560.0,15.0,43.0,3375.0,29.0,3.0,84.0,-1.0,-24.0,24.0
-13.0,13.0,9.0,1.0,-101.0,-91.0,-4.0,-7.0,-1.0,1.0,-27.0,-1.0,-2.0,2.0,-3.0,10.0,35.0,98.0,-137.0,-63.0,-2.0,194.0,117.0,-1.0,0.0,1.0,-9197.0,-110.0,262.0,-1195.0,198.0,-25.0,-9314.0,-17.0,5.0,4.0,-1.0,-16.0,-18.0
1.0,0.0,18.0,0.0,22.0,-20.0,-8.0,-4.0,-4.0,-1.0,4.0,-3.0,-4.0,-19.0,6.0,-13.0,-19.0,-66.0,31.0,-92.0,5.0,-401.0,-219.0,-4.0,-3.0,-2.0,1162.0,-71.0,-104.0,236.0,249.0,59.0,169.0,-5.0,-5.0,-16.0,-1.0,28.0,2.0
4.0,4.0,-5.0,5.0,-65.0,-24.0,5.0,-1.0,0.0,1.0,1.0,-4.0,1.0,-15.0,7.0,-8.0,37.0,74.0,-191.0,-50.0,11.0,225.0,108.0,-1.0,-1.0,1.0,-2340.0,-7.0,119.0,-20.0,117.0,-2.0,-2355.0,-2.0,8.0,-143.0,-2.0,-11.0,-5.0
-1.0,2.0,23.0,-3.0,-65.0,-26.0,4.0,1.0,-2.0,3.0,-12.0,-3.0,4.0,8.0,1.0,7.0,14.0,9.0,-184.0,73.0,-3.0,-15.0,-119.0,3.0,2.0,1.0,-7257.0,-19.0,172.0,-1081.0,-153.0,-63.0,-7705.0,7.0,-3.0,-41.0,1.0,57.0,-5.0
1.0,-3.0,-5.0,3.0,-4.0,-17.0,5.0,3.0,0.0,0.0,-1.0,-1.0,1.0,0.0,5.0,-32.0,-48.0,-36.0,117.0,21.0,0.0,-303.0,-191.0,-3.0,0.0,-1.0,593.0,-10.0,1.0,102.0,145.0,-34.0,214.0,-14.0,-6.0,-70.0,1.0,-47.0,3.0
14.0,-13.0,14.0,-1.0,259.0,95.0,10.0,4.0,1.0,4.0,58.0,11.0,3.0,-12.0,4.0,-11.0,-31.0,-78.0,-199.0,-89.0,1.0,-471.0,-321.0,0.0,-5.0,-5.0,8969.0,101.0,-113.0,1443.0,186.0,111.0,8032.0,28.0,-4.0,50.0,0.0,-17.0,23.0
-11.0,9.0,-4.0,-1.0,-59.0,-35.0,-1.0,-3.0,-4.0,-4.0,-34.0,-2.0,0.0,-49.0,-1.0,19.0,22.0,46.0,-66.0,-1.0,0.0,-311.0,-384.0,2.0,0.0,1.0,-4147.0,-3.0,28.0,-634.0,-182.0,-19.0,-4797.0,-1.0,9.0,-2.0,0.0,40.0,-3.0
-3.0,2.0,-20.0,-6.0,-73.0,-14.0,0.0,2.0,-5.0,-1.0,-9.0,0.0,-4.0,11.0,-4.0,14.0,-3.0,34.0,77.0,-83.0,2.0,365.0,192.0,-6.0,0.0,0.0,-450.0,-6.0,-45.0,-59.0,43.0,8.0,96.0,1.0,2.0,79.0,0.0,-12.0,-7.0
6.0,-4.0,-5.0,1.0,27.0,17.0,-2.0,-4.0,0.0,3.0,3.0,4.0,1.0,-17.0,0.0,-7.0,32.0,64.0,-65.0,-61.0,3.0,-98.0,34.0,3.0,3.0,0.0,-1276.0,-31.0,-162.0,-250.0,-29.0,41.0,-1173.0,-9.0,1.0,-51.0,2.0,9.0,-4.0
-9.0,12.0,0.0,2.0,56.0,-31.0,-1.0,-4.0,-1.0,1.0,-28.0,3.0,-1.0,4.0,-7.0,18.0,-8.0,0.0,60.0,22.0,1.0,-97.0,-107.0,-1.0,-1.0,0.0,-5474.0,-13.0,11.0,-787.0,34.0,-20.0,-5341.0,-5.0,1.0,86.0,-1.0,-19.0,-6.0
-1.0,0.0,3.0,2.0,41.0,-29.0,-8.0,-8.0,-5.0,-4.0,-28.0,-2.0,-4.0,28.0,8.0,-23.0,-11.0,-32.0,-85.0,-115.0,1.0,-198.0,-9.0,-4.0,-3.0,-2.0,-1333.0,-138.0,157.0,-159.0,166.0,24.0,-1631.0,-20.0,-3.0,-35.0,-1.0,6.0,-13.0
8.0,-3.0,-6.0,-1.0,160.0,55.0,-2.0,4.0,1.0,0.0,14.0,-4.0,1.0,-17.0,5.0,-1.0,-21.0,-72.0,86.0,-41.0,-1.0,-116.0,-19.0,2.0,-2.0,-2.0,2609.0,1.0,151.0,143.0,118.0,66.0,2917.0,28.0,1.0,129.0,-1.0,-43.0,21.0
-16.0,12.0,-17.0,2.0,-177.0,-77.0,-12.0,-1.0,-2.0,-5.0,-41.0,-7.0,-5.0,17.0,-8.0,17.0,8.0,56.0,148.0,-82.0,-1.0,145.0,75.0,-1.0,3.0,3.0,352.0,-71.0,335.0,117.0,10.0,-57.0,817.0,-39.0,6.0,-11.0,0.0,-19.0,-11.0
17.0,-15.0,4.0,3.0,105.0,89.0,5.0,3.0,2.0,0.0,35.0,1.0,4.0,-7.0,10.0,-33.0,-41.0,-77.0,50.0,95.0,10.0,-61.0,1.0,2.0,4.0,3.0,7554.0,109.0,-248.0,1016.0,-39.0,14.0,7807.0,20.0,-2.0,-123.0,1.0,11.0,14.0
5.0,-2.0,-4.0,0.0,-53.0,-5.0,-6.0,-1.0,4.0,0.0,9.0,-4.0,1.0,23.0,0.0,-14.0,-6.0,-15.0,166.0,170.0,3.0,338.0,380.0,-1.0,2.0,2.0,-2955.0,-39.0,-201.0,-512.0,-112.0,-25.0,-2261.0,-6.0,-6.0,-128.0,0.0,9.0,-3.0
-2.0,4.0,-4.0,-4.0,9.0,27.0,0.0,2.0,0.0,0.0,-5.0,5.0,-1.0,10.0,-9.0,34.0,3.0,-17.0,95.0,51.0,-8.0,-50.0,-41.0,4.0,-2.0,-2.0,2310.0,-2.0,119.0,313.0,-243.0,9.0,2260.0,12.0,4.0,112.0,0.0,17.0,12.0
16.0,-15.0,1.0,-3.0,224.0,126.0,11.0,4.0,8.0,5.0,52.0,11.0,7.0,-8.0,0.0,-3.0,1.0,-19.0,-151.0,125.0,-1.0,291.0,162.0,4.0,0.0,0.0,4332.0,169.0,-286.0,528.0,-210.0,64.0,5187.0,33.0,-1.0,14.0,0.0,12.0,5.0
-10.0,6.0,3.0,-3.0,-158.0,-50.0,-3.0,4.0,-2.0,0.0,-8.0,-9.0,-3.0,-9.0,-3.0,19.0,-11.0,-29.0,148.0,72.0,2.0,60.0,-103.0,-1.0,2.0,2.0,1311.0,27.0,349.0,321.0,68.0,-38.0,1489.0,-7.0,-1.0,130.0,0.0,8.0,2.0
-8.0,6.0,17.0,4.0,-133.0,-59.0,0.0,-4.0,1.0,-3.0,-18.0,2.0,0.0,1.0,-6.0,13.0,10.0,23.0,11.0,47.0,-4.0,-13.0,-68.0,-3.0,1.0,2.0,-2977.0,-9.0,-269.0,-418.0,-117.0,-87.0,-3533.0,8.0,0.0,-2.0,0.0,25.0,3.0
0.0,0.0,-9.0,7.0,60.0,3.0,-1.0,-3.0,4.0,-2.0,4.0,-2.0,0.0,-14.0,2.0,-1.0,50.0,18.0,-46.0,-45.0,-2.0,-165.0,23.0,2.0,-4.0,-3.0,601.0,11.0,-206.0,23.0,0.0,25.0,469.0,2.0,0.0,52.0,-1.0,-31.0,5.0
-8.0,-3.0,14.0,-6.0,-92.0,-36.0,-8.0,-2.0,0.0,-1.0,0.0,0.0,-2.0,13.0,-3.0,0.0,6.0,24.0,-6.0,-35.0,-14.0,66.0,116.0,1.0,2.0,0.0,-1383.0,-90.0,132.0,-388.0,47.0,-3.0,-1618.0,-10.0,-4.0,61.0,2.0,14.0,-7.0
-2.0,1.0,0.0,-1.0,-62.0,-9.0,4.0,4.0,0.0,3.0,8.0,1.0,-3.0,33.0,-1.0,-8.0,-3.0,27.0,35.0,-74.0,0.0,408.0,271.0,-2.0,-1.0,0.0,961.0,20.0,-44.0,302.0,151.0,-14.0,1126.0,-26.0,-2.0,-107.0,-1.0,-9.0,-24.0
-15.0,15.0,-4.0,1.0,-265.0,-97.0,-3.0,4.0,-3.0,-1.0,-24.0,-9.0,-3.0,-20.0,-8.0,26.0,10.0,51.0,236.0,-10.0,0.0,-93.0,-153.0,0.0,3.0,2.0,-2999.0,-31.0,129.0,-369.0,44.0,-88.0,-3556.0,-13.0,4.0,21.0,1.0,-18.0,8.0
-4.0,2.0,-13.0,-4.0,-4.0,2.0,-1.0,4.0,-1.0,-1.0,-8.0,0.0,-2.0,5.0,-7.0,23.0,6.0,-21.0,87.0,-32.0,-8.0,-133.0,-118.0,-1.0,-4.0,-4.0,1643.0,1.0,-14.0,179.0,-159.0,11.0,1507.0,-3.0,-3.0,119.0,0.0,5.0,4.0
13.0,-13.0,-7.0,-1.0,94.0,48.0,-1.0,-1.0,2.0,4.0,30.0,3.0,2.0,32.0,3.0,-23.0,-8.0,-24.0,-66.0,69.0,5.0,32.0,200.0,1.0,2.0,-1.0,3554.0,-9.0,134.0,607.0,30.0,54.0,4287.0,-9.0,-8.0,-18.0,2.0,-13.0,3.0
-1.0,4.0,-11.0,-6.0,-60.0,11.0,1.0,0.0,-4.0,0.0,-6.0,5.0,-3.0,16.0,-6.0,25.0,-6.0,38.0,85.0,0.0,2.0,448.0,269.0,-1.0,2.0,2.0,217.0,-9.0,88.0,75.0,-41.0,6.0,849.0,16.0,9.0,72.0,0.0,0.0,1.0
8.0,-4.0,-7.0,0.0,47.0,33.0,10.0,4.0,1.0,2.0,11.0,0.0,1.0,6.0,8.0,-13.0,-29.0,-59.0,-67.0,104.0,5.0,25.0,-74.0,-1.0,-4.0,-2.0,4873.0,39.0,459.0,1085.0,43.0,23.0,5164.0,2.0,1.0,8.0,-2.0,-15.0,4.0
8.0,-8.0,8.0,2.0,174.0,49.0,3.0,0.0,0.0,1.0,17.0,5.0,2.0,-7.0,2.0,3.0,-13.0,-58.0,-135.0,-95.0,-3.0,-435.0,-267.0,1.0,-1.0,-3.0,6141.0,22.0,217.0,844.0,143.0,58.0,5932.0,33.0,-1.0,237.0,1.0,-40.0,30.0
8.0,-6.0,11.0,0.0,30.0,22.0,9.0,1.0,1.0,5.0,8.0,2.0,1.0,21.0,5.0,-11.0,7.0,-9.0,-49.0,2.0,-3.0,299.0,250.0,0.0,0.0,-1.0,-2219.0,12.0,-49.0,-414.0,98.0,-10.0,-1791.0,18.0,-5.0,91.0,0.0,-13.0,-6.0
-12.0,13.0,-19.0,5.0,-94.0,-56.0,-5.0,-2.0,-4.0,-4.0,-51.0,-8.0,-2.0,19.0,-6.0,22.0,20.0,40.0,105.0,-20.0,7.0,172.0,65.0,-1.0,4.0,4.0,-4674.0,11.0,19.0,-771.0,-105.0,-93.0,-3857.0,-14.0,4.0,42.0,0.0,-13.0,-10.0
-13.0,8.0,18.0,4.0,-223.0,-121.0,-13.0,-12.0,-6.0,-4.0,-51.0,-5.0,-6.0,3.0,-1.0,2.0,20.0,26.0,9.0,-57.0,2.0,-249.0,-146.0,-5.0,3.0,2.0,-4275.0,-151.0,75.0,-506.0,88.0,-60.0,-4848.0,-28.0,-3.0,42.0,1.0,48.0,-12.0
-14.0,13.0,25.0,-4.0,-92.0,-78.0,-4.0,-2.0,-1.0,3.0,-30.0,1.0,0.0,10.0,-8.0,20.0,-6.0,25.0,-81.0,33.0,-10.0,-139.0,-216.0,2.0,0.0,0.0,-7705.0,-114.0,499.0,-980.0,-4.0,-47.0,-8372.0,-23.0,0.0,-8.0,0.0,32.0,-12.0
-5.0,8.0,9.0,7.0,-43.0,-41.0,-6.0,-3.0,3.0,-1.0,-9.0,-4.0,2.0,-27.0,-4.0,14.0,75.0,78.0,-114.0,-103.0,-4.0,-298.0,-128.0,5.0,-1.0,-1.0,-5120.0,-39.0,-309.0,-867.0,-128.0,-22.0,-6108.0,-8.0,2.0,-111.0,0.0,21.0,2.0
15.0,-17.0,-5.0,3.0,92.0,64.0,4.0,5.0,1.0,-1.0,32.0,-4.0,3.0,-12.0,12.0,-44.0,-38.0,-81.0,42.0,12.0,10.0,-144.0,-76.0,-3.0,2.0,1.0,6887.0,112.0,-381.0,882.0,45.0,16.0,7054.0,5.0,-9.0,-116.0,1.0,-1.0,6.0
0.0,5.0,-14.0,-3.0,-14.0,6.0,-5.0,4.0,1.0,-1.0,-3.0,-9.0,-1.0,-10.0,3.0,-4.0,-8.0,-14.0,221.0,54.0,2.0,319.0,248.0,1.0,-1.0,1.0,-3532.0,-21.0,-66.0,-701.0,-25.0,8.0,-3015.0,-5.0,2.0,-108.0,-2.0,-3.0,-9.0
20.0,-16.0,23.0,0.0,255.0,114.0,9.0,1.0,5.0,5.0,58.0,12.0,5.0,-22.0,9.0,-37.0,-69.0,-117.0,5.0,137.0,4.0,-330.0,-171.0,2.0,-1.0,-1.0,6754.0,85.0,-256.0,1000.0,100.0,87.0,6323.0,29.0,-5.0,-79.0,0.0,5.0,18.0
-2.0,0.0,9.0,-2.0,40.0,16.0,-1.0,-3.0,-1.0,0.0,-11.0,1.0,-1.0,-38.0,2.0,9.0,19.0,8.0,-87.0,-48.0,0.0,23.0,-116.0,1.0,0.0,1.0,-520.0,36.0,-76.0,-167.0,-35.0,37.0,-415.0,6.0,4.0,76.0,-1.0,48.0,-13.0
-4.0,1.0,9.0,-1.0,-157.0,-60.0,-3.0,-3.0,0.0,0.0,1.0,-4.0,-1.0,-2.0,4.0,-8.0,43.0,98.0,-197.0,-85.0,-3.0,291.0,224.0,0.0,1.0,1.0,-3723.0,-97.0,251.0,-408.0,164.0,-5.0,-3973.0,-12.0,4.0,-82.0,0.0,3.0,-12.0
16.0,-14.0,-24.0,1.0,220.0,123.0,16.0,4.0,8.0,3.0,49.0,13.0,5.0,-6.0,1.0,-11.0,-3.0,1.0,5.0,101.0,-1.0,271.0,263.0,2.0,-2.0,-2.0,5743.0,161.0,-403.0,728.0,-106.0,61.0,6719.0,37.0,2.0,68.0,0.0,-66.0,14.0
-10.0,7.0,-11.0,-1.0,-92.0,-31.0,-5.0,3.0,-1.0,-2.0,0.0,-1.0,-4.0,12.0,-6.0,3.0,-10.0,36.0,84.0,-76.0,3.0,109.0,21.0,-2.0,-1.0,1.0,3180.0,8.0,5.0,716.0,53.0,-4.0,2917.0,-44.0,3.0,-198.0,-1.0,4.0,-18.0
6.0,-6.0,-9.0,0.0,166.0,46.0,3.0,-4.0,0.0,-3.0,1.0,6.0,4.0,9.0,5.0,-16.0,-7.0,-13.0,-215.0,57.0,0.0,-241.0,-115.0,1.0,-3.0,-2.0,-628.0,-8.0,-25.0,-98.0,-191.0,32.0,-826.0,6.0,1.0,-99.0,0.0,10.0,2.0
-14.0,8.0,12.0,-1.0,-74.0,-50.0,-8.0,0.0,-1.0,-5.0,-14.0,-4.0,-2.0,11.0,-8.0,20.0,-3.0,-5.0,132.0,-43.0,-8.0,73.0,40.0,-2.0,1.0,2.0,-3597.0,-8.0,-297.0,-835.0,-14.0,-64.0,-3991.0,7.0,-2.0,43.0,0.0,6.0,0.0
12.0,-10.0,17.0,2.0,108.0,59.0,6.0,1.0,4.0,5.0,25.0,7.0,1.0,16.0,6.0,-31.0,-54.0,-70.0,104.0,57.0,0.0,114.0,154.0,1.0,2.0,1.0,4887.0,26.0,30.0,703.0,208.0,20.0,5349.0,8.0,-4.0,1.0,0.0,-27.0,1.0
-7.0,2.0,9.0,-4.0,-112.0,-34.0,1.0,-1.0,-1.0,0.0,-16.0,1.0,-2.0,-30.0,2.0,3.0,17.0,53.0,-72.0,-61.0,-11.0,-39.0,-124.0,2.0,-1.0,-1.0,-1340.0,-73.0,295.0,-160.0,31.0,7.0,-1914.0,-8.0,6.0,36.0,0.0,21.0,-10.0
-9.0,5.0,7.0,-4.0,11.0,-34.0,1.0,-2.0,0.0,2.0,-17.0,3.0,-2.0,23.0,-2.0,5.0,-31.0,-35.0,-13.0,91.0,-8.0,-6.0,-65.0,-1.0,-3.0,-2.0,-1984.0,-64.0,602.0,-90.0,124.0,0.0,-1795.0,-13.0,-2.0,155.0,-1.0,-20.0,-9.0
2.0,-6.0,-3.0,2.0,65.0,12.0,-4.0,2.0,2.0,-1.0,14.0,0.0,-1.0,-10.0,3.0,-31.0,-58.0,-65.0,145.0,-28.0,3.0,-268.0,-173.0,-4.0,0.0,0.0,6439.0,17.0,-54.0,983.0,194.0,32.0,6387.0,-25.0,-6.0,-83.0,0.0,-26.0,-1.0
3.0,-2.0,5.0,-2.0,-13.0,11.0,-7.0,-4.0,3.0,0.0,-2.0,-3.0,0.0,-15.0,2.0,-5.0,13.0,-7.0,79.0,122.0,3.0,361.0,264.0,0.0,2.0,3.0,-3475.0,-3.0,-277.0,-679.0,-147.0,12.0,-2676.0,0.0,-2.0,-52.0,-1.0,57.0,-16.0
5.0,-2.0,-1.0,0.0,90.0,62.0,13.0,8.0,7.0,1.0,33.0,7.0,6.0,-2.0,-5.0,11.0,-10.0,-3.0,2.0,104.0,-6.0,236.0,78.0,2.0,-2.0,0.0,1298.0,142.0,-344.0,88.0,-205.0,-27.0,1315.0,36.0,3.0,-44.0,-1.0,-23.0,15.0
3.0,4.0,11.0,0.0,-56.0,-11.0,5.0,4.0,0.0,3.0,-2.0,-2.0,3.0,-7.0,2.0,2.0,-4.0,1.0,-135.0,46.0,3.0,-108.0,-225.0,2.0,-1.0,0.0,-848.0,-11.0,356.0,195.0,-85.0,-24.0,-1413.0,-8.0,3.0,-155.0,-1.0,37.0,1.0
14.0,-14.0,-5.0,-2.0,270.0,107.0,8.0,1.0,3.0,1.0,18.0,13.0,3.0,30.0,4.0,-24.0,-55.0,-104.0,-24.0,82.0,-8.0,-260.0,-79.0,1.0,-5.0,-5.0,5902.0,19.0,-9.0,784.0,-142.0,63.0,6030.0,11.0,-6.0,21.0,0.0,-12.0,7.0
-3.0,6.0,-3.0,2.0,63.0,1.0,-4.0,5.0,2.0,-1.0,6.0,-10.0,1.0,-11.0,2.0,8.0,33.0,-9.0,-60.0,-89.0,-3.0,-187.0,-94.0,5.0,-5.0,-3.0,-867.0,1.0,122.0,-199.0,18.0,24.0,-1402.0,-7.0,1.0,-58.0,-2.0,-13.0,3.0
-6.0,5.0,-6.0,3.0,-85.0,-46.0,-7.0,-4.0,-1.0,-3.0,-41.0,-6.0,-1.0,5.0,-2.0,14.0,18.0,20.0,64.0,-6.0,-4.0,36.0,54.0,1.0,4.0,2.0,-2828.0,-79.0,330.0,-599.0,-43.0,-53.0,-2100.0,5.0,3.0,187.0,1.0,-23.0,7.0
5.0,-1.0,-16.0,-1.0,88.0,44.0,4.0,1.0,-4.0,0.0,-2.0,4.0,-1.0,8.0,-1.0,-1.0,-52.0,-43.0,187.0,34.0,13.0,207.0,86.0,-5.0,3.0,3.0,1630.0,90.0,-282.0,170.0,38.0,2.0,2562.0,16.0,1.0,42.0,0.0,-20.0,1.0
0.0,2.0,7.0,2.0,-74.0,-39.0,4.0,-4.0,-2.0,1.0,-9.0,-5.0,2.0,0.0,6.0,-3.0,55.0,82.0,-240.0,-23.0,5.0,318.0,214.0,0.0,2.0,2.0,-8749.0,-15.0,-65.0,-1296.0,49.0,-41.0,-8647.0,13.0,2.0,-29.0,0.0,9.0,-11.0
-1.0,1.0,-13.0,-1.0,-49.0,-24.0,-5.0,2.0,0.0,-1.0,9.0,-5.0,-1.0,33.0,-5.0,12.0,32.0,24.0,-38.0,-56.0,0.0,197.0,230.0,-3.0,-2.0,-2.0,-740.0,-23.0,-58.0,-69.0,-26.0,-1.0,-552.0,-7.0,-5.0,1.0,0.0,-13.0,2.0
11.0,-12.0,-23.0,1.0,130.0,61.0,3.0,-4.0,1.0,2.0,16.0,6.0,-1.0,-4.0,6.0,-22.0,7.0,4.0,3.0,-3.0,5.0,35.0,185.0,0.0,0.0,-2.0,4445.0,19.0,-59.0,640.0,99.0,88.0,5404.0,1.0,-1.0,112.0,1.0,-43.0,-1.0
-6.0,12.0,-2.0,1.0,-103.0,-30.0,-5.0,-3.0,-1.0,-1.0,-15.0,1.0,-1.0,-11.0,-10.0,39.0,69.0,116.0,-29.0,-103.0,-2.0,150.0,141.0,4.0,1.0,1.0,-4903.0,-48.0,-221.0,-792.0,-169.0,-16.0,-5259.0,8.0,11.0,-39.0,0.0,21.0,3.0
-11.0,10.0,-13.0,0.0,-161.0,-60.0,4.0,4.0,-3.0,-1.0,-15.0,-2.0,-2.0,22.0,-4.0,2.0,0.0,65.0,56.0,-27.0,0.0,74.0,3.0,-1.0,-1.0,0.0,-2666.0,-19.0,60.0,-165.0,4.0,-70.0,-3256.0,-33.0,3.0,-185.0,0.0,-17.0,-14.0
-6.0,2.0,6.0,2.0,-98.0,-46.0,-2.0,-8.0,-1.0,-3.0,-22.0,3.0,2.0,-16.0,-4.0,9.0,24.0,45.0,-121.0,115.0,1.0,-292.0,-252.0,0.0,3.0,2.0,-3570.0,-21.0,-107.0,-445.0,-269.0,-52.0,-4043.0,-2.0,1.0,-22.0,2.0,52.0,3.0
-19.0,10.0,13.0,-1.0,-164.0,-112.0,-21.0,-8.0,-8.0,-6.0,-47.0,-11.0,-8.0,13.0,-3.0,9.0,7.0,-2.0,130.0,-147.0,-2.0,-163.0,-38.0,-4.0,3.0,2.0,-4895.0,-150.0,47.0,-923.0,191.0,-37.0,-5306.0,-29.0,-5.0,87.0,1.0,29.0,-15.0
11.0,-12.0,-5.0,2.0,109.0,70.0,6.0,6.0,-2.0,-1.0,35.0,0.0,2.0,3.0,5.0,-7.0,-3.0,-38.0,-154.0,-131.0,7.0,-202.0,-149.0,0.0,0.0,-1.0,9769.0,125.0,-105.0,1459.0,47.0,38.0,9516.0,19.0,-1.0,6.0,1.0,-11.0,19.0
2.0,0.0,15.0,-2.0,-19.0,9.0,0.0,4.0,1.0,3.0,32.0,-1.0,0.0,-47.0,-2.0,10.0,-8.0,-34.0,116.0,23.0,4.0,-203.0,-210.0,0.0,0.0,0.0,2495.0,67.0,-261.0,395.0,83.0,35.0,1800.0,15.0,-2.0,19.0,0.0,22.0,15.0
2.0,-1.0,1.0,-3.0,128.0,45.0,12.0,2.0,7.0,6.0,19.0,14.0,5.0,4.0,-7.0,9.0,-9.0,26.0,-76.0,134.0,-11.0,132.0,47.0,4.0,-2.0,-2.0,-1962.0,47.0,96.0,-252.0,-110.0,14.0,-1653.0,14.0,2.0,60.0,0.0,-34.0,2.0
-1.0,0.0,16.0,-5.0,9.0,13.0,0.0,5.0,0.0,2.0,-3.0,2.0,2.0,8.0,-5.0,10.0,-41.0,-73.0,56.0,96.0,-8.0,-333.0,-333.0,3.0,0.0,-1.0,1492.0,-4.0,237.0,215.0,-202.0,-22.0,942.0,-6.0,-5.0,-12.0,1.0,48.0,6.0
10.0,-13.0,4.0,-3.0,113.0,47.0,5.0,-2.0,3.0,1.0,19.0,9.0,2.0,28.0,8.0,-32.0,-12.0,-6.0,-221.0,-3.0,-11.0,31.0,145.0,1.0,-4.0,-4.0,2179.0,-78.0,242.0,376.0,22.0,58.0,2057.0,-1.0,-2.0,-61.0,0.0,-9.0,-5.0
6.0,3.0,-9.0,2.0,-73.0,-3.0,3.0,0.0,3.0,1.0,-7.0,-3.0,1.0,-20.0,5.0,-11.0,5.0,14.0,100.0,144.0,6.0,233.0,140.0,0.0,-1.0,1.0,-2912.0,-22.0,-38.0,-284.0,-128.0,-15.0,-2557.0,-4.0,4.0,-153.0,-2.0,16.0,-6.0
-19.0,15.0,-10.0,1.0,-206.0,-90.0,-4.0,-3.0,-5.0,-4.0,-67.0,-7.0,-4.0,-11.0,-4.0,25.0,37.0,93.0,33.0,-81.0,-4.0,133.0,-59.0,1.0,3.0,3.0,-6014.0,-62.0,314.0,-931.0,-74.0,-86.0,-5771.0,-22.0,10.0,78.0,0.0,8.0,-20.0
2.0,-2.0,-12.0,-5.0,106.0,42.0,2.0,8.0,-1.0,0.0,15.0,-6.0,-1.0,16.0,6.0,-6.0,-42.0,-87.0,54.0,14.0,1.0,111.0,34.0,0.0,-4.0,-2.0,4253.0,40.0,431.0,668.0,146.0,46.0,4706.0,1.0,-1.0,53.0,-2.0,-34.0,1.0
0.0,-1.0,16.0,3.0,64.0,6.0,-6.0,-3.0,4.0,0.0,7.0,-4.0,2.0,-16.0,1.0,7.0,54.0,-2.0,-202.0,-21.0,-2.0,-145.0,-78.0,4.0,-2.0,-1.0,-810.0,19.0,-89.0,-177.0,-104.0,28.0,-1063.0,-2.0,-3.0,-2.0,-1.0,47.0,-4.0
4.0,-4.0,6.0,2.0,78.0,37.0,-3.0,0.0,3.0,0.0,17.0,5.0,0.0,-5.0,1.0,-20.0,-61.0,-61.0,153.0,55.0,3.0,-185.0,-96.0,1.0,2.0,2.0,7106.0,14.0,79.0,1117.0,110.0,30.0,7140.0,-10.0,1.0,-90.0,0.0,-14.0,7.0
0.0,3.0,11.0,3.0,27.0,-4.0,-2.0,0.0,2.0,-3.0,-4.0,-2.0,1.0,-16.0,-1.0,12.0,-11.0,-49.0,97.0,6.0,-5.0,-129.0,-87.0,-1.0,-1.0,0.0,-368.0,-8.0,-118.0,-275.0,1.0,-21.0,-616.0,36.0,1.0,127.0,-1.0,-18.0,24.0
10.0,-12.0,8.0,2.0,95.0,34.0,5.0,3.0,3.0,4.0,22.0,2.0,0.0,11.0,8.0,-42.0,-51.0,-74.0,96.0,-26.0,0.0,31.0,77.0,-4.0,0.0,-1.0,4220.0,29.0,-103.0,569.0,292.0,22.0,4596.0,-7.0,-11.0,8.0,0.0,-39.0,-7.0
-3.0,2.0,-29.0,1.0,-13.0,-11.0,-1.0,-1.0,-1.0,-3.0,-5.0,-2.0,-4.0,-3.0,-2.0,13.0,47.0,52.0,31.0,-128.0,0.0,200.0,215.0,-4.0,-4.0,-3.0,151.0,5.0,-251.0,-36.0,43.0,33.0,565.0,3.0,2.0,131.0,-1.0,-43.0,-2.0
-5.0,9.0,-7.0,4.0,-107.0,-47.0,0.0,0.0,-1.0,-1.0,-16.0,0.0,0.0,-11.0,-5.0,7.0,21.0,80.0,88.0,-82.0,-2.0,-153.0,-50.0,1.0,1.0,0.0,-4310.0,-58.0,-220.0,-690.0,-24.0,-50.0,-5045.0,-6.0,5.0,-109.0,1.0,-26.0,6.0
3.0,-1.0,0.0,3.0,-45.0,-26.0,-4.0,-2.0,1.0,0.0,17.0,-5.0,1.0,28.0,2.0,-11.0,26.0,45.0,-125.0,-24.0,8.0,330.0,348.0,-2.0,2.0,2.0,-2383.0,-24.0,-44.0,-248.0,133.0,-12.0,-2059.0,-4.0,-2.0,-118.0,0.0,-18.0,-2.0
-18.0,10.0,10.0,-3.0,-205.0,-83.0,-13.0,0.0,-3.0,-2.0,-19.0,-9.0,-4.0,-15.0,-11.0,32.0,18.0,30.0,215.0,-32.0,-3.0,35.0,-29.0,0.0,6.0,4.0,-3562.0,-12.0,-110.0,-764.0,25.0,-61.0,-3675.0,-9.0,-2.0,122.0,2.0,23.0,-2.0
5.0,-5.0,-13.0,1.0,-3.0,30.0,-1.0,2.0,-2.0,-5.0,10.0,-6.0,3.0,-23.0,4.0,-2.0,13.0,-7.0,-54.0,38.0,10.0,-175.0,-153.0,1.0,2.0,2.0,2667.0,83.0,-278.0,313.0,-247.0,-6.0,2458.0,12.0,2.0,-124.0,1.0,38.0,13.0
-6.0,8.0,-13.0,2.0,-9.0,-10.0,2.0,2.0,-3.0,-1.0,-10.0,-2.0,-1.0,14.0,-4.0,8.0,2.0,20.0,41.0,-14.0,11.0,136.0,11.0,-2.0,0.0,2.0,-1846.0,90.0,-311.0,-172.0,-62.0,-40.0,-1757.0,-19.0,1.0,-145.0,-1.0,10.0,-17.0
2.0,-4.0,17.0,2.0,-68.0,-24.0,7.0,-7.0,0.0,2.0,-14.0,5.0,3.0,5.0,1.0,-2.0,31.0,36.0,-170.0,117.0,-2.0,7.0,-2.0,0.0,3.0,1.0,-5789.0,-9.0,-156.0,-859.0,-171.0,-62.0,-5834.0,16.0,-4.0,69.0,2.0,39.0,-3.0
-17.0,18.0,4.0,0.0,-220.0,-109.0,-16.0,-7.0,-8.0,-5.0,-51.0,-10.0,-8.0,8.0,-5.0,35.0,47.0,55.0,34.0,-146.0,1.0,12.0,29.0,-1.0,0.0,1.0,-4925.0,-159.0,285.0,-630.0,65.0,-30.0,-5401.0,-19.0,7.0,56.0,-1.0,35.0,-8.0
4.0,-2.0,2.0,2.0,131.0,33.0,5.0,0.0,2.0,-3.0,5.0,5.0,2.0,26.0,3.0,-12.0,-21.0,-35.0,-83.0,-11.0,-5.0,38.0,69.0,-2.0,-5.0,-2.0,-35.0,4.0,-187.0,-71.0,-39.0,-3.0,-316.0,16.0,0.0,-79.0,-2.0,-17.0,2.0
14.0,-13.0,-16.0,-3.0,32.0,75.0,5.0,5.0,-3.0,-1.0,26.0,1.0,0.0,4.0,6.0,-19.0,-44.0,-43.0,127.0,12.0,12.0,304.0,193.0,-4.0,4.0,3.0,7104.0,103.0,-293.0,957.0,4.0,22.0,7903.0,21.0,0.0,-44.0,1.0,-1.0,7.0
-3.0,1.0,-4.0,-3.0,-9.0,-8.0,-6.0,-1.0,-1.0,-1.0,-2.0,-4.0,-2.0,-5.0,-3.0,21.0,51.0,32.0,-125.0,-104.0,0.0,220.0,114.0,-2.0,-2.0,-1.0,-1260.0,13.0,-134.0,-236.0,-61.0,36.0,-967.0,-1.0,-1.0,77.0,-1.0,35.0,-11.0
14.0,-8.0,0.0,-4.0,245.0,101.0,5.0,8.0,2.0,3.0,55.0,2.0,2.0,-22.0,7.0,-15.0,-39.0,-92.0,22.0,-35.0,3.0,-152.0,-73.0,1.0,-6.0,-4.0,5437.0,80.0,-179.0,742.0,161.0,119.0,5017.0,23.0,-2.0,-58.0,-2.0,-20.0,14.0
-2.0,-8.0,9.0,-1.0,56.0,-3.0,-5.0,-1.0,0.0,-1.0,4.0,-1.0,0.0,5.0,2.0,-26.0,-40.0,-57.0,96.0,-1.0,-3.0,-175.0,-67.0,-3.0,3.0,1.0,30.0,9.0,-238.0,-293.0,126.0,-7.0,95.0,-10.0,-12.0,31.0,2.0,-6.0,-7.0
-4.0,8.0,2.0,5.0,-112.0,-57.0,-5.0,-5.0,-1.0,-1.0,-10.0,-4.0,0.0,-21.0,-1.0,5.0,66.0,133.0,-124.0,-154.0,6.0,200.0,182.0,0.0,3.0,3.0,-7213.0,-46.0,-340.0,-1105.0,74.0,-25.0,-7519.0,-4.0,7.0,-151.0,0.0,4.0,-9.0
-6.0,7.0,-8.0,-1.0,-112.0,-40.0,-7.0,-4.0,0.0,-4.0,-25.0,-6.0,1.0,-26.0,-1.0,5.0,16.0,31.0,100.0,169.0,3.0,27.0,-4.0,1.0,2.0,3.0,-7102.0,-42.0,-173.0,-1146.0,-294.0,-44.0,-7058.0,-7.0,3.0,-130.0,0.0,49.0,-6.0
15.0,-12.0,-1.0,-2.0,155.0,97.0,20.0,5.0,6.0,6.0,37.0,10.0,9.0,2.0,2.0,-4.0,11.0,10.0,-179.0,174.0,-4.0,256.0,144.0,5.0,0.0,-1.0,-1514.0,142.0,-231.0,-353.0,-259.0,-2.0,-986.0,44.0,-1.0,27.0,1.0,-9.0,9.0
5.0,-1.0,-25.0,6.0,148.0,47.0,3.0,-2.0,0.0,-2.0,2.0,2.0,-1.0,-6.0,1.0,-2.0,-2.0,-25.0,141.0,-11.0,11.0,42.0,109.0,-3.0,-1.0,0.0,2231.0,101.0,-488.0,193.0,38.0,27.0,3031.0,18.0,1.0,94.0,-1.0,-51.0,6.0
-13.0,10.0,-4.0,-2.0,-121.0,-44.0,3.0,1.0,-4.0,-1.0,-26.0,-1.0,-3.0,-16.0,-2.0,11.0,19.0,73.0,-31.0,-75.0,0.0,97.0,-113.0,0.0,-1.0,1.0,-3186.0,17.0,-16.0,-332.0,-31.0,-33.0,-3671.0,-27.0,7.0,-109.0,-1.0,31.0,-27.0
10.0,-12.0,-7.0,-4.0,139.0,74.0,3.0,1.0,1.0,4.0,13.0,8.0,1.0,4.0,1.0,-12.0,-34.0,-69.0,59.0,93.0,-3.0,-298.0,-148.0,3.0,0.0,-3.0,5937.0,15.0,178.0,855.0,-103.0,66.0,6346.0,-5.0,-6.0,100.0,2.0,5.0,5.0
-16.0,18.0,1.0,-2.0,-261.0,-80.0,-8.0,1.0,-3.0,-1.0,-23.0,-8.0,-4.0,-20.0,-13.0,58.0,58.0,87.0,119.0,-31.0,0.0,210.0,38.0,3.0,3.0,3.0,-3592.0,-21.0,128.0,-471.0,-101.0,-54.0,-3770.0,1.0,10.0,91.0,0.0,29.0,5.0
-5.0,2.0,0.0,-2.0,-152.0,-50.0,2.0,2.0,0.0,0.0,-5.0,0.0,-1.0,8.0,0.0,-6.0,-2.0,45.0,15.0,-13.0,-11.0,-62.0,-8.0,1.0,-1.0,-2.0,-820.0,-109.0,371.0,7.0,66.0,-30.0,-1499.0,-14.0,2.0,-40.0,1.0,-27.0,3.0
-11.0,7.0,19.0,1.0,-95.0,-76.0,-1.0,-10.0,1.0,2.0,-32.0,9.0,-1.0,7.0,-8.0,11.0,11.0,52.0,-67.0,77.0,-9.0,-117.0,-99.0,-1.0,1.0,0.0,-6237.0,-104.0,171.0,-758.0,-22.0,-46.0,-6501.0,-14.0,-1.0,102.0,1.0,14.0,-10.0
-11.0,6.0,6.0,-1.0,-117.0,-79.0,-11.0,-4.0,-7.0,-4.0,-36.0,-11.0,-7.0,19.0,5.0,-4.0,-22.0,-61.0,63.0,-43.0,3.0,-138.0,-112.0,-5.0,-1.0,0.0,-22.0,-111.0,506.0,162.0,234.0,-14.0,-142.0,-27.0,-4.0,95.0,-1.0,14.0,-11.0
2.0,-1.0,16.0,-2.0,-36.0,-13.0,-4.0,3.0,1.0,2.0,14.0,-3.0,3.0,36.0,-3.0,-1.0,-15.0,-28.0,-69.0,72.0,0.0,-3.0,15.0,1.0,2.0,1.0,-891.0,-28.0,193.0,-33.0,-69.0,-34.0,-1117.0,-10.0,-7.0,-130.0,1.0,30.0,4.0
-2.0,-1.0,-3.0,1.0,82.0,18.0,-2.0,3.0,-1.0,-1.0,17.0,4.0,-2.0,5.0,-4.0,6.0,-23.0,-22.0,-51.0,-171.0,0.0,-326.0,-246.0,-1.0,-2.0,-2.0,9321.0,30.0,222.0,1560.0,196.0,54.0,8849.0,-11.0,2.0,39.0,0.0,-36.0,12.0
14.0,-11.0,17.0,3.0,170.0,68.0,2.0,-3.0,4.0,2.0,17.0,6.0,4.0,-17.0,7.0,-23.0,-51.0,-97.0,69.0,131.0,0.0,-294.0,-117.0,3.0,3.0,1.0,3926.0,6.0,74.0,401.0,57.0,34.0,4223.0,34.0,-2.0,108.0,1.0,-18.0,25.0
-12.0,4.0,1.0,-3.0,-39.0,-37.0,-10.0,-4.0,-3.0,-5.0,-18.0,-3.0,0.0,-6.0,-6.0,16.0,11.0,17.0,0.0,25.0,-3.0,-206.0,-144.0,1.0,3.0,2.0,-4190.0,-20.0,-135.0,-862.0,-166.0,-29.0,-4501.0,-3.0,-1.0,23.0,2.0,33.0,0.0
-2.0,-2.0,-9.0,0.0,-13.0,-25.0,-1.0,2.0,-1.0,-1.0,-3.0,-5.0,-1.0,-5.0,2.0,-11.0,3.0,-4.0,-8.0,-83.0,0.0,-83.0,-77.0,-5.0,-2.0,-2.0,-667.0,3.0,-133.0,-134.0,84.0,2.0,-753.0,-15.0,-7.0,7.0,0.0,-12.0,-8.0
-2.0,7.0,-2.0,2.0,-120.0,-36.0,-7.0,-4.0,2.0,-1.0,-18.0,-3.0,0.0,-26.0,-3.0,2.0,34.0,73.0,167.0,40.0,1.0,208.0,214.0,1.0,3.0,3.0,-7785.0,-61.0,-497.0,-1369.0,-171.0,-38.0,-7721.0,-6.0,3.0,-161.0,0.0,31.0,-10.0
-5.0,7.0,-10.0,-3.0,39.0,11.0,1.0,5.0,-3.0,-1.0,-12.0,-5.0,-2.0,-33.0,3.0,10.0,-2.0,1.0,55.0,-116.0,-1.0,-19.0,-132.0,2.0,-3.0,-1.0,-577.0,18.0,135.0,-189.0,87.0,33.0,-754.0,1.0,8.0,20.0,-2.0,-12.0,-6.0
4.0,-5.0,-9.0,-1.0,104.0,37.0,7.0,0.0,0.0,0.0,9.0,7.0,1.0,42.0,4.0,-24.0,-10.0,14.0,-180.0,-17.0,0.0,167.0,156.0,-1.0,-4.0,-2.0,333.0,12.0,-69.0,204.0,-40.0,18.0,300.0,-20.0,-1.0,-206.0,-1.0,1.0,-22.0
-17.0,15.0,-19.0,3.0,-246.0,-106.0,-3.0,0.0,-4.0,-4.0,-56.0,-8.0,-3.0,27.0,-6.0,16.0,18.0,85.0,120.0,-33.0,-4.0,110.0,57.0,0.0,3.0,2.0,-5494.0,-98.0,390.0,-764.0,-39.0,-123.0,-5356.0,-28.0,6.0,2.0,1.0,-40.0,-7.0
14.0,-14.0,6.0,0.0,143.0,72.0,4.0,-3.0,2.0,5.0,21.0,8.0,3.0,-1.0,8.0,-35.0,-40.0,-48.0,-28.0,125.0,5.0,-165.0,-30.0,4.0,4.0,1.0,4294.0,14.0,192.0,676.0,56.0,55.0,4839.0,-2.0,-3.0,-19.0,2.0,0.0,1.0
-6.0,5.0,5.0,-5.0,-148.0,-33.0,-3.0,-1.0,0.0,0.0,-4.0,1.0,-2.0,8.0,-5.0,26.0,46.0,81.0,-102.0,-34.0,-11.0,241.0,183.0,4.0,-1.0,-1.0,-1413.0,-99.0,370.0,-95.0,-79.0,4.0,-1713.0,0.0,8.0,30.0,0.0,20.0,0.0
7.0,-9.0,-2.0,-2.0,67.0,31.0,1.0,3.0,2.0,1.0,27.0,-1.0,1.0,49.0,3.0,-16.0,-40.0,-88.0,-1.0,130.0,2.0,130.0,166.0,-2.0,-1.0,-1.0,4830.0,22.0,296.0,857.0,59.0,13.0,5460.0,0.0,-9.0,33.0,0.0,-22.0,7.0
2.0,-6.0,10.0,0.0,6.0,15.0,3.0,-3.0,2.0,1.0,-5.0,10.0,1.0,5.0,-5.0,1.0,-24.0,-46.0,70.0,140.0,-7.0,-311.0,-216.0,0.0,1.0,-1.0,2960.0,6.0,-91.0,437.0,-220.0,-21.0,2813.0,3.0,-6.0,98.0,2.0,30.0,8.0
-3.0,1.0,11.0,5.0,77.0,-5.0,1.0,1.0,1.0,0.0,9.0,-1.0,2.0,-1.0,-1.0,12.0,41.0,5.0,-281.0,-143.0,-5.0,-506.0,-342.0,4.0,-4.0,-4.0,2665.0,22.0,188.0,502.0,43.0,16.0,1613.0,-2.0,-1.0,50.0,0.0,-10.0,12.0
4.0,2.0,-12.0,3.0,9.0,15.0,1.0,3.0,2.0,0.0,10.0,1.0,-1.0,-15.0,1.0,-5.0,-18.0,-8.0,49.0,-27.0,6.0,-93.0,-106.0,-1.0,-3.0,-1.0,6409.0,8.0,184.0,1276.0,68.0,39.0,6292.0,-15.0,6.0,-114.0,-2.0,-20.0,6.0
-15.0,14.0,21.0,-3.0,-261.0,-94.0,-8.0,4.0,-3.0,1.0,-21.0,-11.0,-1.0,-22.0,-9.0,34.0,14.0,31.0,80.0,14.0,0.0,-73.0,-254.0,2.0,5.0,4.0,-4410.0,-23.0,246.0,-569.0,-60.0,-85.0,-5088.0,-17.0,1.0,-33.0,1.0,60.0,-1.0
-7.0,6.0,12.0,2.0,-125.0,-75.0,-11.0,-4.0,-5.0,-1.0,-29.0,-8.0,-8.0,19.0,3.0,-7.0,-4.0,-19.0,130.0,-172.0,1.0,43.0,106.0,-5.0,0.0,0.0,-705.0,-130.0,182.0,-61.0,357.0,-8.0,-805.0,-26.0,-4.0,64.0,-1.0,-4.0,-15.0
-3.0,4.0,13.0,0.0,65.0,-21.0,-3.0,-6.0,2.0,2.0,-18.0,5.0,0.0,-10.0,-3.0,10.0,-10.0,-20.0,19.0,36.0,-10.0,-233.0,-118.0,1.0,-1.0,-2.0,-3628.0,-103.0,322.0,-615.0,96.0,20.0,-3584.0,14.0,0.0,231.0,0.0,-29.0,11.0
1.0,-1.0,4.0,-1.0,169.0,16.0,4.0,-6.0,2.0,2.0,-9.0,12.0,1.0,32.0,1.0,-14.0,-20.0,-6.0,-161.0,19.0,-10.0,-66.0,38.0,0.0,-5.0,-4.0,-3295.0,-91.0,253.0,-411.0,56.0,38.0,-3284.0,-6.0,-1.0,25.0,-1.0,-28.0,-11.0
-19.0,16.0,-5.0,0.0,-233.0,-134.0,-17.0,-5.0,-9.0,-6.0,-54.0,-15.0,-9.0,3.0,-3.0,24.0,50.0,51.0,26.0,-229.0,1.0,-71.0,-48.0,-6.0,-2.0,-1.0,-5592.0,-156.0,152.0,-764.0,149.0,-28.0,-6154.0,-34.0,0.0,63.0,-1.0,23.0,-16.0
10.0,-10.0,0.0,-2.0,65.0,35.0,7.0,-3.0,-1.0,5.0,4.0,3.0,3.0,4.0,7.0,-15.0,21.0,13.0,-181.0,70.0,2.0,20.0,66.0,3.0,2.0,-1.0,-2812.0,0.0,113.0,-441.0,-54.0,25.0,-2301.0,8.0,-4.0,71.0,2.0,14.0,-6.0
3.0,5.0,-14.0,4.0,-60.0,-14.0,10.0,4.0,0.0,1.0,-5.0,0.0,1.0,-5.0,3.0,-6.0,-8.0,21.0,21.0,22.0,3.0,-128.0,-124.0,0.0,-3.0,-2.0,563.0,-19.0,239.0,395.0,19.0,-27.0,119.0,-4.0,6.0,-101.0,-1.0,-41.0,10.0
18.0,-18.0,14.0,0.0,242.0,89.0,8.0,3.0,4.0,4.0,55.0,7.0,4.0,-27.0,11.0,-48.0,-66.0,-121.0,-3.0,54.0,4.0,-413.0,-248.0,-3.0,-3.0,-3.0,6087.0,88.0,-389.0,866.0,184.0,89.0,5570.0,14.0,-12.0,-72.0,0.0,-7.0,10.0
2.0,0.0,-5.0,4.0,165.0,39.0,5.0,2.0,-3.0,0.0,7.0,3.0,1.0,7.0,-2.0,11.0,-11.0,-38.0,-94.0,-109.0,8.0,-299.0,-256.0,-1.0,-1.0,-1.0,4295.0,112.0,-94.0,672.0,81.0,18.0,4175.0,14.0,0.0,92.0,0.0,-30.0,13.0
-2.0,1.0,-7.0,-5.0,-24.0,10.0,5.0,0.0,-5.0,0.0,-18.0,5.0,-3.0,-22.0,1.0,2.0,-35.0,10.0,115.0,-27.0,2.0,168.0,-38.0,-3.0,2.0,2.0,290.0,17.0,13.0,10.0,69.0,9.0,648.0,8.0,7.0,78.0,0.0,1.0,-9.0
-8.0,8.0,-4.0,2.0,-104.0,-61.0,-5.0,-5.0,-3.0,-4.0,-17.0,-7.0,1.0,-21.0,1.0,8.0,48.0,91.0,-191.0,-25.0,8.0,19.0,-36.0,0.0,2.0,3.0,-6530.0,-27.0,-16.0,-882.0,-49.0,-31.0,-6856.0,-5.0,7.0,-120.0,0.0,22.0,-5.0
6.0,-1.0,6.0,4.0,54.0,13.0,-4.0,-4.0,2.0,0.0,-1.0,2.0,2.0,-33.0,-1.0,5.0,21.0,15.0,32.0,-55.0,-2.0,-227.0,-53.0,2.0,2.0,0.0,-1644.0,-39.0,-280.0,-525.0,-28.0,20.0,-1789.0,27.0,2.0,76.0,1.0,-9.0,20.0
-3.0,6.0,6.0,-5.0,3.0,-2.0,-3.0,8.0,-2.0,1.0,2.0,-8.0,1.0,3.0,0.0,9.0,-17.0,-27.0,-14.0,-44.0,-1.0,-22.0,-117.0,3.0,-1.0,0.0,-1468.0,-10.0,328.0,-222.0,18.0,-1.0,-1871.0,-9.0,1.0,-110.0,-1.0,18.0,-2.0
13.0,-11.0,-2.0,1.0,27.0,52.0,8.0,3.0,-1.0,0.0,18.0,-4.0,4.0,-2.0,9.0,-13.0,20.0,-16.0,-103.0,40.0,7.0,124.0,97.0,1.0,2.0,1.0,448.0,95.0,-327.0,-101.0,-149.0,-16.0,667.0,30.0,-3.0,-33.0,1.0,25.0,7.0
-8.0,6.0,-6.0,2.0,-147.0,-55.0,-3.0,0.0,-1.0,0.0,-33.0,-5.0,-4.0,38.0,-3.0,6.0,15.0,47.0,99.0,-80.0,-4.0,444.0,325.0,-1.0,3.0,2.0,-1867.0,-59.0,286.0,-297.0,108.0,-67.0,-974.0,-21.0,1.0,80.0,0.0,-32.0,-17.0
-6.0,11.0,-2.0,5.0,18.0,-14.0,0.0,2.0,-1.0,-4.0,-14.0,-4.0,0.0,-2.0,-5.0,20.0,-9.0,-29.0,138.0,-8.0,6.0,7.0,-76.0,-3.0,-1.0,2.0,-2214.0,82.0,-429.0,-447.0,-61.0,-61.0,-2373.0,17.0,2.0,-18.0,-2.0,-8.0,7.0
1.0,-1.0,9.0,1.0,-5.0,-10.0,-5.0,-5.0,0.0,0.0,6.0,-4.0,0.0,-10.0,4.0,-2.0,45.0,53.0,-212.0,-72.0,8.0,353.0,232.0,-1.0,2.0,3.0,-2903.0,12.0,-120.0,-415.0,98.0,25.0,-2474.0,2.0,2.0,-42.0,-1.0,30.0,-15.0
16.0,-14.0,-15.0,-6.0,160.0,120.0,17.0,7.0,4.0,5.0,45.0,15.0,5.0,8.0,-1.0,-10.0,-53.0,-17.0,51.0,146.0,1.0,436.0,240.0,0.0,2.0,1.0,5142.0,150.0,-197.0,705.0,-106.0,36.0,6250.0,35.0,2.0,16.0,1.0,-35.0,9.0
9.0,-8.0,-12.0,3.0,95.0,48.0,5.0,0.0,3.0,2.0,20.0,5.0,-3.0,13.0,4.0,-18.0,-7.0,-18.0,135.0,-71.0,0.0,314.0,369.0,-3.0,-2.0,-2.0,5038.0,31.0,-221.0,667.0,251.0,53.0,5914.0,11.0,-2.0,132.0,-1.0,-70.0,-1.0
-12.0,13.0,1.0,-1.0,-278.0,-86.0,-10.0,0.0,0.0,-1.0,-26.0,-12.0,-3.0,-35.0,-6.0,21.0,23.0,44.0,315.0,112.0,3.0,268.0,111.0,0.0,5.0,5.0,-6474.0,-34.0,-148.0,-1048.0,-103.0,-76.0,-6232.0,-13.0,2.0,-31.0,0.0,39.0,-8.0
0.0,-7.0,7.0,-6.0,-45.0,-3.0,2.0,2.0,1.0,1.0,11.0,0.0,-1.0,19.0,5.0,-13.0,-23.0,-35.0,-73.0,69.0,-9.0,91.0,42.0,0.0,-2.0,-2.0,3490.0,-51.0,591.0,697.0,90.0,20.0,3546.0,-8.0,-3.0,69.0,0.0,-1.0,-3.0
3.0,-7.0,19.0,1.0,1.0,5.0,-2.0,-8.0,2.0,1.0,1.0,6.0,1.0,-5.0,-1.0,-1.0,21.0,7.0,-142.0,68.0,1.0,42.0,16.0,-1.0,3.0,2.0,57.0,18.0,-211.0,22.0,-122.0,4.0,339.0,5.0,-4.0,56.0,1.0,60.0,-7.0
3.0,-3.0,-7.0,1.0,29.0,13.0,-8.0,2.0,3.0,-1.0,26.0,0.0,-1.0,28.0,-4.0,-8.0,-29.0,-37.0,115.0,-1.0,3.0,12.0,134.0,-2.0,0.0,0.0,6366.0,-9.0,21.0,1048.0,84.0,29.0,6588.0,-17.0,-4.0,-89.0,0.0,-27.0,9.0
0.0,-6.0,18.0,-1.0,69.0,22.0,-4.0,-3.0,1.0,0.0,7.0,4.0,1.0,10.0,0.0,-15.0,-43.0,-53.0,104.0,82.0,-3.0,-92.0,10.0,2.0,5.0,3.0,697.0,6.0,-105.0,-159.0,42.0,-9.0,848.0,5.0,-5.0,24.0,2.0,6.0,1.0
-3.0,1.0,-19.0,3.0,-150.0,-25.0,-4.0,2.0,-3.0,-5.0,-23.0,-11.0,-1.0,15.0,1.0,4.0,28.0,40.0,45.0,-42.0,6.0,269.0,172.0,0.0,5.0,4.0,800.0,24.0,8.0,16.0,-139.0,-73.0,1484.0,-9.0,3.0,-44.0,1.0,6.0,-4.0
-12.0,16.0,3.0,0.0,-130.0,-47.0,-3.0,1.0,-1.0,-4.0,-18.0,-3.0,-2.0,6.0,-10.0,46.0,37.0,52.0,36.0,-42.0,-5.0,248.0,107.0,1.0,-2.0,1.0,-3627.0,-17.0,-59.0,-542.0,-140.0,-57.0,-4086.0,17.0,10.0,12.0,-2.0,12.0,7.0
5.0,-5.0,-12.0,-3.0,63.0,66.0,15.0,8.0,5.0,4.0,37.0,9.0,5.0,14.0,-4.0,-1.0,1.0,46.0,-95.0,98.0,-1.0,365.0,165.0,3.0,-1.0,0.0,1666.0,150.0,-226.0,363.0,-206.0,-6.0,1931.0,0.0,2.0,-171.0,0.0,-5.0,-9.0
-1.0,0.0,7.0,2.0,69.0,16.0,-1.0,2.0,4.0,0.0,1.0,0.0,2.0,-6.0,-3.0,9.0,9.0,-55.0,10.0,51.0,-10.0,-498.0,-310.0,5.0,-4.0,-4.0,2093.0,7.0,31.0,238.0,-202.0,3.0,1411.0,-4.0,-5.0,40.0,0.0,17.0,11.0
12.0,-6.0,12.0,1.0,139.0,59.0,3.0,0.0,3.0,3.0,40.0,8.0,3.0,-38.0,1.0,-9.0,3.0,-5.0,-32.0,-49.0,2.0,-263.0,-107.0,1.0,-2.0,-2.0,1184.0,40.0,-610.0,74.0,15.0,73.0,311.0,22.0,-1.0,-111.0,0.0,14.0,13.0
1.0,-4.0,20.0,-1.0,0.0,-14.0,0.0,3.0,0.0,2.0,2.0,-3.0,3.0,-2.0,4.0,-24.0,-44.0,-56.0,-39.0,45.0,0.0,-283.0,-292.0,-1.0,2.0,1.0,-818.0,-2.0,118.0,-98.0,41.0,-31.0,-1318.0,-18.0,-9.0,-124.0,1.0,31.0,-6.0
-6.0,3.0,-9.0,-1.0,4.0,-19.0,1.0,3.0,-4.0,-1.0,0.0,-1.0,-2.0,10.0,-5.0,26.0,38.0,39.0,-204.0,-226.0,-3.0,-141.0,-150.0,-2.0,-4.0,-4.0,2215.0,16.0,143.0,443.0,86.0,24.0,1709.0,-1.0,1.0,129.0,0.0,-22.0,5.0
-1.0,3.0,-2.0,1.0,-69.0,-29.0,9.0,1.0,-2.0,1.0,-15.0,-1.0,2.0,10.0,2.0,-1.0,10.0,29.0,-28.0,49.0,-3.0,-35.0,-18.0,1.0,0.0,-1.0,-5846.0,-27.0,55.0,-881.0,-49.0,-66.0,-6173.0,11.0,0.0,13.0,1.0,-21.0,4.0
-4.0,7.0,-13.0,3.0,53.0,-1.0,-2.0,-2.0,-3.0,-4.0,-18.0,-3.0,2.0,-19.0,-3.0,16.0,5.0,-7.0,6.0,60.0,11.0,-272.0,-260.0,0.0,1.0,2.0,-2807.0,70.0,-267.0,-474.0,-213.0,-26.0,-2883.0,7.0,3.0,-38.0,0.0,19.0,7.0
1.0,5.0,-5.0,2.0,-20.0,2.0,9.0,1.0,-1.0,1.0,-16.0,1.0,0.0,-43.0,5.0,3.0,11.0,29.0,-66.0,-26.0,3.0,-105.0,-240.0,1.0,-3.0,-1.0,43.0,17.0,163.0,228.0,-16.0,10.0,-296.0,2.0,10.0,-25.0,-2.0,7.0,-3.0
12.0,-8.0,-15.0,-2.0,264.0,92.0,5.0,4.0,1.0,0.0,23.0,3.0,2.0,25.0,9.0,-25.0,-31.0,-58.0,-94.0,-58.0,-1.0,51.0,137.0,1.0,-6.0,-4.0,2942.0,13.0,82.0,347.0,78.0,84.0,3217.0,8.0,0.0,-77.0,-2.0,-42.0,-1.0
-3.0,1.0,2.0,-3.0,38.0,-17.0,-1.0,-6.0,0.0,5.0,-14.0,7.0,-1.0,6.0,-2.0,-2.0,1.0,29.0,-78.0,30.0,-5.0,-104.0,-31.0,2.0,0.0,-2.0,-3260.0,-95.0,440.0,-340.0,95.0,41.0,-2968.0,-22.0,-1.0,104.0,1.0,-11.0,-13.0
-15.0,14.0,8.0,4.0,-229.0,-136.0,-16.0,-9.0,-8.0,-5.0,-46.0,-15.0,-7.0,-2.0,4.0,1.0,44.0,72.0,-61.0,-197.0,9.0,62.0,70.0,-5.0,2.0,3.0,-7235.0,-157.0,166.0,-943.0,308.0,-39.0,-7661.0,-31.0,3.0,-56.0,-1.0,18.0,-20.0
11.0,-9.0,-3.0,-3.0,97.0,54.0,2.0,-1.0,-1.0,1.0,8.0,6.0,0.0,-6.0,3.0,-9.0,-54.0,-63.0,146.0,48.0,2.0,71.0,75.0,-3.0,3.0,1.0,3476.0,0.0,29.0,342.0,100.0,42.0,4319.0,35.0,0.0,187.0,1.0,-30.0,18.0
3.0,-1.0,-20.0,2.0,-17.0,8.0,-2.0,-4.0,3.0,-2.0,-5.0,-1.0,-2.0,-13.0,3.0,-13.0,9.0,13.0,235.0,98.0,3.0,341.0,365.0,-2.0,0.0,1.0,-2064.0,-11.0,-394.0,-479.0,-43.0,9.0,-1144.0,4.0,1.0,2.0,-1.0,-21.0,-7.0
1.0,3.0,-4.0,-1.0,-36.0,1.0,-4.0,0.0,1.0,0.0,12.0,0.0,0.0,38.0,-7.0,23.0,29.0,28.0,-30.0,27.0,0.0,280.0,307.0,2.0,0.0,0.0,-73.0,-26.0,75.0,65.0,-110.0,-3.0,201.0,8.0,2.0,-6.0,0.0,-1.0,10.0
8.0,-10.0,11.0,-1.0,116.0,55.0,6.0,1.0,2.0,2.0,18.0,4.0,2.0,16.0,8.0,-28.0,-72.0,-112.0,37.0,186.0,2.0,-67.0,-64.0,1.0,1.0,1.0,5570.0,45.0,354.0,926.0,85.0,14.0,6012.0,7.0,-4.0,32.0,0.0,-9.0,5.0
-2.0,-5.0,19.0,-1.0,-151.0,-45.0,0.0,-6.0,2.0,1.0,-4.0,6.0,0.0,3.0,-1.0,-7.0,19.0,52.0,-127.0,55.0,-10.0,-20.0,8.0,0.0,2.0,0.0,-763.0,-91.0,160.0,29.0,-56.0,-26.0,-1160.0,-9.0,-2.0,16.0,2.0,33.0,-4.0
-11.0,12.0,14.0,6.0,-70.0,-58.0,-4.0,1.0,3.0,-4.0,-12.0,-8.0,1.0,-10.0,-4.0,21.0,43.0,14.0,-49.0,-42.0,-7.0,-200.0,-162.0,2.0,-4.0,-1.0,-3844.0,-8.0,-147.0,-617.0,-99.0,-63.0,-4935.0,1.0,1.0,-60.0,-2.0,12.0,6.0
-14.0,5.0,1.0,-4.0,-101.0,-46.0,-6.0,0.0,-3.0,-2.0,-10.0,-2.0,-3.0,27.0,-7.0,8.0,8.0,44.0,35.0,-49.0,-3.0,202.0,127.0,-1.0,2.0,2.0,-3229.0,0.0,-179.0,-560.0,-15.0,-43.0,-3375.0,-29.0,-3.0,-84.0,1.0,24.0,-24.0
-1.0,0.0,-18.0,0.0,-22.0,20.0,8.0,4.0,4.0,1.0,-4.0,3.0,4.0,19.0,-6.0,13.0,19.0,66.0,-31.0,92.0,-5.0,401.0,219.0,4.0,3.0,2.0,-1162.0,71.0,104.0,-236.0,-249.0,-59.0,-169.0,5.0,5.0,16.0,1.0,-28.0,-2.0
-14.0,12.0,-2.0,0.0,-196.0,-68.0,-12.0,3.0,-1.0,-2.0,-9.0,-8.0,-5.0,-30.0,-10.0,27.0,0.0,22.0,264.0,-59.0,3.0,-58.0,-135.0,-1.0,3.0,3.0,2847.0,-4.0,74.0,512.0,93.0,-22.0,2617.0,-24.0,4.0,8.0,0.0,3.0,4.0
13.0,-13.0,-9.0,-1.0,101.0,91.0,4.0,7.0,1.0,-1.0,27.0,1.0,2.0,-2.0,3.0,-10.0,-35.0,-98.0,137.0,63.0,2.0,-194.0,-117.0,1.0,0.0,-1.0,9197.0,110.0,-262.0,1195.0,-198.0,25.0,9314.0,17.0,-5.0,-4.0,1.0,16.0,18.0
8.0,-11.0,-3.0,-1.0,147.0,53.0,5.0,0.0,-2.0,4.0,21.0,7.0,1.0,9.0,3.0,-9.0,-2.0,-9.0,-232.0,-101.0,2.0,-306.0,-180.0,2.0,0.0,-3.0,6509.0,30.0,335.0,1119.0,142.0,79.0,6548.0,-3.0,-2.0,110.0,2.0,-22.0,6.0
17.0,-14.0,3.0,-6.0,182.0,100.0,9.0,3.0,0.0,4.0,49.0,12.0,1.0,-11.0,5.0,-23.0,-72.0,-83.0,82.0,54.0,6.0,35.0,21.0,-4.0,-1.0,-1.0,6304.0,79.0,-301.0,941.0,143.0,95.0,6419.0,30.0,-3.0,0.0,0.0,-7.0,11.0
12.0,-13.0,8.0,3.0,157.0,43.0,1.0,-1.0,3.0,1.0,14.0,1.0,3.0,-22.0,9.0,-34.0,-48.0,-101.0,61.0,48.0,0.0,-377.0,-194.0,-2.0,1.0,-1.0,3259.0,9.0,-59.0,267.0,141.0,36.0,3470.0,19.0,-9.0,115.0,1.0,-30.0,17.0
-5.0,8.0,18.0,0.0,-103.0,-44.0,-5.0,0.0,-1.0,1.0,-13.0,-2.0,2.0,-13.0,-6.0,15.0,25.0,60.0,-68.0,-58.0,-2.0,-133.0,-151.0,3.0,3.0,2.0,-5721.0,-50.0,-103.0,-890.0,-128.0,-47.0,-6577.0,-10.0,2.0,-163.0,1.0,52.0,-3.0
-6.0,8.0,-23.0,-4.0,-10.0,-13.0,-4.0,7.0,-3.0,-2.0,-3.0,-10.0,-3.0,0.0,-2.0,22.0,30.0,25.0,17.0,-172.0,-1.0,178.0,98.0,-1.0,-5.0,-3.0,-1317.0,-5.0,77.0,-258.0,61.0,32.0,-1306.0,-6.0,3.0,21.0,-2.0,-25.0,-4.0
4.0,1.0,-2.0,3.0,83.0,21.0,7.0,-1.0,-2.0,1.0,-10.0,-1.0,3.0,2.0,2.0,5.0,12.0,-16.0,-43.0,62.0,8.0,27.0,-10.0,0.0,1.0,1.0,-5026.0,82.0,-316.0,-888.0,-115.0,-36.0,-4674.0,25.0,-2.0,53.0,0.0,6.0,1.0
-2.0,1.0,4.0,3.0,8.0,-21.0,2.0,-1.0,-3.0,0.0,8.0,-1.0,0.0,5.0,2.0,3.0,32.0,60.0,-291.0,-194.0,5.0,-8.0,-32.0,-1.0,0.0,0.0,572.0,15.0,157.0,264.0,245.0,13.0,202.0,2.0,4.0,10.0,0.0,-27.0,1.0
15.0,-14.0,-12.0,-4.0,201.0,91.0,9.0,-1.0,-1.0,1.0,17.0,13.0,1.0,36.0,7.0,-33.0,-64.0,-49.0,-34.0,31.0,2.0,238.0,231.0,-4.0,-1.0,-1.0,3809.0,12.0,-40.0,546.0,60.0,60.0,4619.0,15.0,-1.0,-19.0,0.0,-29.0,-4.0
-18.0,15.0,8.0,1.0,-184.0,-110.0,-12.0,-7.0,-9.0,-5.0,-63.0,-10.0,-8.0,-30.0,2.0,12.0,18.0,27.0,64.0,-173.0,1.0,-268.0,-278.0,-3.0,0.0,1.0,-4852.0,-133.0,210.0,-695.0,175.0,-27.0,-5602.0,-27.0,5.0,62.0,-1.0,36.0,-18.0
-14.0,14.0,0.0,0.0,-96.0,-81.0,1.0,-2.0,-1.0,1.0,-33.0,3.0,-2.0,12.0,-7.0,12.0,-10.0,45.0,75.0,9.0,-10.0,-159.0,-115.0,0.0,-2.0,-2.0,-6294.0,-122.0,382.0,-780.0,100.0,-50.0,-6840.0,-19.0,3.0,46.0,0.0,-46.0,-3.0
2.0,-4.0,-11.0,-2.0,35.0,13.0,-2.0,-4.0,-2.0,0.0,-4.0,1.0,2.0,-17.0,2.0,-4.0,14.0,22.0,-132.0,68.0,5.0,-279.0,-184.0,3.0,2.0,0.0,-593.0,-12.0,162.0,-27.0,-152.0,35.0,-510.0,-10.0,1.0,-20.0,2.0,27.0,0.0
20.0,-10.0,5.0,1.0,186.0,92.0,13.0,4.0,4.0,5.0,51.0,8.0,4.0,-32.0,9.0,-22.0,-26.0,-64.0,-99.0,55.0,7.0,-238.0,-181.0,0.0,-6.0,-4.0,6057.0,79.0,-151.0,1159.0,58.0,96.0,5475.0,24.0,0.0,-103.0,-2.0,-1.0,17.0
-6.0,4.0,5.0,-1.0,-27.0,-17.0,2.0,4.0,0.0,-3.0,-3.0,-4.0,-1.0,17.0,0.0,7.0,-32.0,-64.0,65.0,61.0,-3.0,98.0,-34.0,-3.0,-3.0,0.0,1276.0,31.0,162.0,250.0,29.0,-41.0,1173.0,9.0,-1.0,51.0,-2.0,-9.0,4.0
-1.0,3.0,5.0,-3.0,4.0,17.0,-5.0,-3.0,0.0,0.0,1.0,1.0,-1.0,0.0,-5.0,32.0,48.0,36.0,-117.0,-21.0,0.0,303.0,191.0,3.0,0.0,1.0,-593.0,10.0,-1.0,-102.0,-145.0,34.0,-214.0,14.0,6.0,70.0,-1.0,47.0,-3.0
-8.0,3.0,6.0,1.0,-160.0,-55.0,2.0,-4.0,-1.0,0.0,-14.0,4.0,-1.0,17.0,-5.0,1.0,21.0,72.0,-86.0,41.0,1.0,116.0,19.0,-2.0,2.0,2.0,-2609.0,-1.0,-151.0,-143.0,-118.0,-66.0,-2917.0,-28.0,-1.0,-129.0,1.0,43.0,-21.0
1.0,-2.0,-23.0,3.0,65.0,26.0,-4.0,-1.0,2.0,-3.0,12.0,3.0,-4.0,-8.0,-1.0,-7.0,-14.0,-9.0,184.0,-73.0,3.0,15.0,119.0,-3.0,-2.0,-1.0,7257.0,19.0,-172.0,1081.0,153.0,63.0,7705.0,-7.0,3.0,41.0,-1.0,-57.0,5.0
-4.0,-4.0,5.0,-5.0,65.0,24.0,-5.0,1.0,0.0,-1.0,-1.0,4.0,-1.0,15.0,-7.0,8.0,-37.0,-74.0,191.0,50.0,-11.0,-225.0,-108.0,1.0,1.0,-1.0,2340.0,7.0,-119.0,20.0,-117.0,2.0,2355.0,2.0,-8.0,143.0,2.0,11.0,5.0
11.0,-9.0,4.0,1.0,59.0,35.0,1.0,3.0,4.0,4.0,34.0,2.0,0.0,49.0,1.0,-19.0,-22.0,-46.0,66.0,1.0,0.0,311.0,384.0,-2.0,0.0,-1.0,4147.0,3.0,-28.0,634.0,182.0,19.0,4797.0,1.0,-9.0,2.0,0.0,-40.0,3.0
3.0,-2.0,20.0,6.0,73.0,14.0,0.0,-2.0,5.0,1.0,9.0,0.0,4.0,-11.0,4.0,-14.0,3.0,-34.0,-77.0,83.0,-2.0,-365.0,-192.0,6.0,0.0,0.0,450.0,6.0,45.0,59.0,-43.0,-8.0,-96.0,-1.0,-2.0,-79.0,0.0,12.0,7.0
1.0,0.0,-3.0,-2.0,-41.0,29.0,8.0,8.0,5.0,4.0,28.0,2.0,4.0,-28.0,-8.0,23.0,11.0,32.0,85.0,115.0,-1.0,198.0,9.0,4.0,3.0,2.0,1333.0,138.0,-157.0,159.0,-166.0,-24.0,1631.0,20.0,3.0,35.0,1.0,-6.0,13.0
-14.0,13.0,-14.0,1.0,-259.0,-95.0,-10.0,-4.0,-1.0,-4.0,-58.0,-11.0,-3.0,12.0,-4.0,11.0,31.0,78.0,199.0,89.0,-1.0,471.0,321.0,0.0,5.0,5.0,-8969.0,-101.0,113.0,-1443.0,-186.0,-111.0,-8032.0,-28.0,4.0,-50.0,0.0,17.0,-23.0
9.0,-12.0,0.0,-2.0,-56.0,31.0,1.0,4.0,1.0,-1.0,28.0,-3.0,1.0,-4.0,7.0,-18.0,8.0,0.0,-60.0,-22.0,-1.0,97.0,107.0,1.0,1.0,0.0,5474.0,13.0,-11.0,787.0,-34.0,20.0,5341.0,5.0,-1.0,-86.0,1.0,19.0,6.0
-10.0,9.0,-4.0,1.0,-166.0,-70.0,-1.0,-1.0,-3.0,-1.0,-9.0,-6.0,-2.0,12.0,0.0,0.0,45.0,118.0,-156.0,-99.0,8.0,427.0,235.0,-2.0,1.0,3.0,-5569.0,-7.0,-60.0,-580.0,102.0,-45.0,-5730.0,-31.0,5.0,-227.0,-1.0,13.0,-29.0
0.0,-1.0,25.0,-4.0,4.0,3.0,-5.0,0.0,0.0,2.0,3.0,-2.0,2.0,-2.0,-1.0,8.0,4.0,-20.0,-156.0,24.0,0.0,20.0,-101.0,2.0,2.0,2.0,-1411.0,8.0,117.0,-200.0,-104.0,3.0,-1532.0,-4.0,-3.0,-54.0,0.0,78.0,-9.0
9.0,-8.0,-3.0,-4.0,35.0,45.0,6.0,3.0,-1.0,4.0,16.0,7.0,-3.0,27.0,2.0,-17.0,-57.0,-36.0,181.0,-26.0,2.0,479.0,346.0,-5.0,2.0,1.0,4437.0,20.0,-15.0,644.0,251.0,28.0,5445.0,9.0,-2.0,80.0,0.0,-39.0,-6.0
8.0,-3.0,4.0,5.0,161.0,58.0,4.0,-1.0,1.0,1.0,7.0,4.0,3.0,-3.0,3.0,-15.0,-49.0,-77.0,110.0,117.0,11.0,-158.0,-106.0,1.0,3.0,3.0,2080.0,96.0,-237.0,229.0,-5.0,-6.0,2466.0,15.0,-1.0,-37.0,0.0,-8.0,8.0
4.0,-10.0,14.0,4.0,-3.0,-12.0,3.0,-5.0,2.0,1.0,0.0,5.0,2.0,-5.0,4.0,-33.0,-27.0,-29.0,-25.0,89.0,1.0,-261.0,-175.0,-4.0,3.0,1.0,650.0,8.0,-210.0,124.0,23.0,-30.0,553.0,-9.0,-10.0,-14.0,2.0,13.0,-4.0
-4.0,6.0,-5.0,3.0,-38.0,-18.0,-9.0,-1.0,1.0,-2.0,-1.0,1.0,-2.0,-21.0,-7.0,8.0,11.0,51.0,116.0,-131.0,1.0,-118.0,-32.0,0.0,1.0,1.0,1536.0,-31.0,-275.0,191.0,25.0,16.0,1128.0,-17.0,5.0,-122.0,0.0,-5.0,2.0
-6.0,2.0,-17.0,0.0,-112.0,-42.0,-5.0,-4.0,-3.0,0.0,-37.0,-4.0,-2.0,21.0,-1.0,2.0,29.0,69.0,-33.0,-12.0,1.0,165.0,141.0,2.0,5.0,2.0,-2460.0,-71.0,448.0,-324.0,-44.0,-32.0,-1484.0,-31.0,2.0,60.0,2.0,-5.0,-17.0
17.0,-9.0,-14.0,4.0,36.0,67.0,9.0,6.0,1.0,0.0,28.0,-3.0,3.0,-17.0,10.0,-18.0,2.0,-24.0,-54.0,13.0,13.0,31.0,-9.0,0.0,-1.0,0.0,6857.0,103.0,-143.0,1175.0,-81.0,23.0,6959.0,15.0,3.0,-147.0,-1.0,5.0,13.0
17.0,-15.0,-5.0,1.0,225.0,81.0,4.0,-1.0,4.0,1.0,35.0,8.0,4.0,58.0,6.0,-35.0,-29.0,-59.0,-149.0,58.0,0.0,70.0,269.0,-1.0,-3.0,-3.0,3519.0,-5.0,-53.0,536.0,-9.0,51.0,3971.0,7.0,-8.0,-97.0,0.0,-30.0,5.0
-13.0,13.0,4.0,1.0,-237.0,-115.0,-18.0,-8.0,-5.0,-5.0,-54.0,-14.0,-7.0,-7.0,2.0,-2.0,12.0,12.0,230.0,-3.0,4.0,70.0,102.0,-4.0,2.0,3.0,-7807.0,-172.0,9.0,-1207.0,63.0,-52.0,-7863.0,-33.0,-1.0,-66.0,-1.0,45.0,-21.0
9.0,-9.0,13.0,-1.0,99.0,51.0,0.0,0.0,3.0,4.0,23.0,3.0,-1.0,11.0,3.0,-10.0,-3.0,-38.0,-21.0,-47.0,0.0,334.0,268.0,-1.0,0.0,0.0,3627.0,39.0,-104.0,467.0,147.0,56.0,4382.0,7.0,-5.0,78.0,-1.0,8.0,-10.0
17.0,-14.0,-6.0,1.0,242.0,103.0,8.0,0.0,4.0,2.0,53.0,10.0,1.0,-25.0,7.0,-24.0,-22.0,-65.0,36.0,9.0,4.0,-130.0,44.0,-2.0,-5.0,-4.0,6905.0,90.0,-507.0,964.0,143.0,120.0,6888.0,32.0,-3.0,52.0,-1.0,-38.0,16.0
3.0,4.0,2.0,7.0,4.0,-8.0,4.0,1.0,4.0,1.0,2.0,-4.0,3.0,-21.0,4.0,1.0,46.0,19.0,-181.0,1.0,1.0,-273.0,-202.0,4.0,-5.0,-3.0,-247.0,0.0,150.0,218.0,-85.0,1.0,-944.0,-6.0,3.0,-103.0,-2.0,6.0,6.0
-18.0,16.0,-8.0,-2.0,-274.0,-105.0,-9.0,3.0,-4.0,-2.0,-26.0,-13.0,-5.0,-25.0,-11.0,47.0,61.0,83.0,111.0,-114.0,0.0,127.0,-39.0,-2.0,1.0,1.0,-4259.0,-18.0,-5.0,-605.0,-17.0,-52.0,-4523.0,-14.0,3.0,98.0,0.0,17.0,-3.0
-4.0,5.0,0.0,-1.0,17.0,6.0,2.0,1.0,-3.0,0.0,3.0,4.0,-1.0,15.0,-7.0,37.0,35.0,43.0,-196.0,-143.0,-3.0,-58.0,-73.0,3.0,-2.0,-2.0,2882.0,13.0,276.0,577.0,2.0,22.0,2462.0,14.0,8.0,122.0,0.0,-10.0,13.0
-11.0,13.0,-2.0,3.0,-134.0,-64.0,2.0,4.0,-1.0,-4.0,-19.0,-4.0,-1.0,6.0,-5.0,14.0,-11.0,16.0,153.0,-21.0,-5.0,-55.0,-84.0,-2.0,-2.0,0.0,-3034.0,-27.0,-58.0,-440.0,5.0,-91.0,-3872.0,3.0,4.0,-58.0,-1.0,-35.0,10.0
11.0,-13.0,1.0,-5.0,72.0,76.0,13.0,6.0,8.0,5.0,47.0,11.0,6.0,0.0,0.0,-9.0,-1.0,26.0,-136.0,112.0,-12.0,229.0,154.0,5.0,-1.0,-2.0,3512.0,60.0,85.0,535.0,-144.0,34.0,3688.0,19.0,1.0,-26.0,1.0,-15.0,8.0
16.0,-14.0,10.0,-4.0,251.0,116.0,8.0,5.0,4.0,4.0,50.0,12.0,3.0,-17.0,2.0,-14.0,-63.0,-138.0,92.0,105.0,-4.0,-463.0,-289.0,1.0,-5.0,-5.0,8397.0,86.0,-270.0,1179.0,-59.0,98.0,7830.0,26.0,-8.0,40.0,0.0,10.0,22.0
-16.0,14.0,9.0,-2.0,-56.0,-65.0,0.0,-5.0,-2.0,1.0,-44.0,4.0,-3.0,-26.0,-5.0,21.0,9.0,53.0,-12.0,-39.0,-10.0,-136.0,-231.0,1.0,-2.0,-1.0,-6814.0,-86.0,306.0,-947.0,65.0,-13.0,-7255.0,-13.0,7.0,122.0,-1.0,2.0,-16.0
-4.0,0.0,-6.0,-3.0,8.0,-4.0,0.0,0.0,-2.0,-3.0,-7.0,-3.0,1.0,0.0,2.0,3.0,-18.0,-42.0,-67.0,129.0,2.0,-181.0,-218.0,0.0,-1.0,0.0,683.0,19.0,324.0,223.0,-123.0,-6.0,663.0,-1.0,0.0,31.0,0.0,18.0,4.0
-1.0,2.0,14.0,4.0,-5.0,-23.0,3.0,-2.0,2.0,1.0,-8.0,-5.0,4.0,-6.0,3.0,6.0,64.0,27.0,-230.0,28.0,-5.0,-180.0,-96.0,5.0,-2.0,-2.0,-6656.0,-8.0,-34.0,-1058.0,-153.0,-38.0,-7236.0,9.0,-3.0,11.0,0.0,26.0,0.0
11.0,-9.0,-12.0,4.0,157.0,57.0,1.0,-4.0,3.0,-1.0,12.0,4.0,0.0,-20.0,5.0,-10.0,-4.0,-45.0,100.0,3.0,0.0,-94.0,98.0,-1.0,-1.0,-2.0,4077.0,11.0,-177.0,365.0,100.0,67.0,4788.0,37.0,0.0,239.0,0.0,-61.0,23.0
-6.0,2.0,-5.0,-5.0,59.0,9.0,-8.0,4.0,-2.0,-2.0,4.0,-6.0,-2.0,10.0,-2.0,7.0,-13.0,-28.0,121.0,-90.0,-4.0,86.0,108.0,1.0,0.0,0.0,-620.0,1.0,-28.0,-417.0,103.0,23.0,-458.0,-1.0,-2.0,45.0,0.0,-19.0,-3.0
4.0,-6.0,16.0,0.0,86.0,33.0,-1.0,7.0,1.0,0.0,17.0,-1.0,1.0,7.0,-2.0,-12.0,-41.0,-50.0,-14.0,105.0,4.0,-85.0,-8.0,0.0,2.0,1.0,3434.0,33.0,678.0,539.0,274.0,63.0,3399.0,8.0,2.0,30.0,1.0,-58.0,-24.0
-1.0,4.0,-17.0,2.0,-27.0,-29.0,1.0,-3.0,-1.0,-1.0,-2.0,0.0,-2.0,-23.0,0.0,5.0,44.0,-6.0,306.0,134.0,-3.0,-103.0,-36.0,3.0,0.0,-1.0,-5466.0,-42.0,143.0,-923.0,222.0,17.0,-5182.0,12.0,-1.0,-106.0,0.0,-33.0,2.0
0.0,5.0,2.0,-3.0,106.0,19.0,5.0,0.0,2.0,1.0,4.0,5.0,-1.0,9.0,-4.0,22.0,40.0,1.0,-46.0,18.0,4.0,129.0,123.0,4.0,1.0,1.0,-1205.0,-4.0,278.0,-315.0,-48.0,10.0,-557.0,17.0,-1.0,25.0,0.0,21.0,-3.0
5.0,-6.0,12.0,-6.0,82.0,11.0,4.0,7.0,2.0,-1.0,13.0,4.0,-1.0,5.0,-1.0,-12.0,-16.0,-1.0,9.0,106.0,2.0,29.0,33.0,-1.0,1.0,1.0,-1141.0,-2.0,-311.0,-258.0,121.0,24.0,-358.0,6.0,1.0,15.0,0.0,-9.0,-6.0
4.0,2.0,-30.0,1.0,4.0,2.0,-1.0,8.0,0.0,-2.0,10.0,-3.0,-1.0,-4.0,3.0,-2.0,-13.0,-13.0,7.0,-63.0,-2.0,90.0,72.0,-5.0,3.0,1.0,-6.0,16.0,248.0,-143.0,25.0,-15.0,-217.0,2.0,1.0,96.0,1.0,-6.0,-4.0
-7.0,3.0,-15.0,-2.0,-39.0,-19.0,2.0,7.0,-2.0,-3.0,-12.0,-2.0,-1.0,14.0,0.0,-6.0,14.0,48.0,-169.0,-168.0,1.0,427.0,199.0,0.0,-2.0,-3.0,-5754.0,-27.0,191.0,-424.0,226.0,17.0,-5702.0,-2.0,2.0,-148.0,2.0,1.0,-13.0
9.0,-9.0,5.0,-2.0,169.0,88.0,-1.0,0.0,1.0,-1.0,21.0,3.0,2.0,-13.0,6.0,-15.0,2.0,-48.0,162.0,-52.0,1.0,-264.0,-214.0,1.0,-3.0,-1.0,8456.0,180.0,-860.0,1061.0,32.0,45.0,8659.0,26.0,-5.0,151.0,-2.0,-1.0,4.0
0.0,-2.0,9.0,0.0,81.0,23.0,-5.0,2.0,3.0,1.0,-6.0,4.0,2.0,-18.0,-1.0,15.0,13.0,11.0,-177.0,-15.0,4.0,300.0,228.0,2.0,1.0,-1.0,1190.0,65.0,-578.0,-63.0,-314.0,-10.0,1538.0,-10.0,-1.0,46.0,2.0,-12.0,26.0
-14.0,12.0,-12.0,5.0,-202.0,-86.0,-12.0,2.0,-6.0,-3.0,-34.0,-9.0,-8.0,-40.0,-6.0,25.0,5.0,2.0,70.0,73.0,5.0,148.0,71.0,-2.0,0.0,1.0,-7088.0,-58.0,441.0,-820.0,69.0,-55.0,-6277.0,-8.0,2.0,-80.0,-1.0,1.0,-10.0
-19.0,16.0,-9.0,-2.0,-134.0,-85.0,-2.0,-2.0,-3.0,0.0,-42.0,-3.0,-1.0,-11.0,-7.0,21.0,38.0,78.0,192.0,-144.0,1.0,431.0,388.0,1.0,2.0,0.0,-6636.0,-56.0,745.0,-1368.0,101.0,-55.0,-6237.0,-13.0,6.0,-131.0,2.0,-20.0,2.0
0.0,1.0,5.0,0.0,-50.0,-18.0,-1.0,0.0,0.0,1.0,-6.0,-3.0,1.0,32.0,2.0,-6.0,14.0,35.0,-152.0,-201.0,0.0,110.0,92.0,0.0,0.0,0.0,1508.0,-43.0,362.0,255.0,-98.0,-51.0,410.0,-8.0,-1.0,-53.0,0.0,24.0,-3.0
15.0,-16.0,24.0,0.0,108.0,73.0,3.0,3.0,1.0,1.0,28.0,-1.0,-2.0,15.0,7.0,-23.0,-34.0,-59.0,-374.0,-32.0,-3.0,-150.0,-90.0,-4.0,-1.0,0.0,6925.0,51.0,-430.0,1274.0,-230.0,15.0,6314.0,-4.0,0.0,121.0,0.0,35.0,-13.0
1.0,1.0,-1.0,2.0,-47.0,-13.0,1.0,-5.0,4.0,3.0,6.0,-3.0,-1.0,-14.0,-2.0,4.0,-39.0,-11.0,95.0,144.0,-5.0,-204.0,-56.0,-2.0,1.0,2.0,-1497.0,-20.0,61.0,-448.0,-134.0,-32.0,-1407.0,-12.0,4.0,-79.0,-1.0,25.0,-6.0
7.0,-2.0,-7.0,0.0,97.0,37.0,7.0,-13.0,-2.0,0.0,15.0,1.0,-1.0,28.0,-1.0,-18.0,-51.0,-61.0,34.0,117.0,3.0,-209.0,-197.0,0.0,-5.0,-3.0,3739.0,-18.0,-3.0,703.0,240.0,37.0,3995.0,19.0,0.0,-85.0,-1.0,-26.0,2.0
9.0,-5.0,-16.0,3.0,-4.0,22.0,-1.0,-3.0,1.0,1.0,14.0,4.0,1.0,16.0,3.0,-4.0,13.0,-34.0,125.0,19.0,-3.0,-255.0,-353.0,-1.0,-3.0,-1.0,4245.0,39.0,-730.0,1027.0,-149.0,-20.0,4021.0,8.0,-5.0,18.0,-2.0,38.0,16.0
-10.0,8.0,-2.0,0.0,-127.0,-61.0,-2.0,0.0,-2.0,-2.0,-22.0,-1.0,3.0,19.0,-3.0,14.0,-16.0,61.0,-318.0,-82.0,5.0,274.0,172.0,1.0,1.0,1.0,-1718.0,-138.0,814.0,115.0,-176.0,-60.0,-2316.0,-19.0,1.0,-15.0,0.0,-5.0,11.0
-7.0,5.0,-9.0,5.0,-72.0,-5.0,2.0,-4.0,-2.0,0.0,-11.0,-4.0,1.0,-3.0,1.0,6.0,6.0,24.0,111.0,34.0,-6.0,157.0,67.0,0.0,-2.0,-4.0,-522.0,9.0,297.0,-80.0,-83.0,-26.0,-963.0,-10.0,4.0,15.0,2.0,-32.0,11.0
11.0,-12.0,4.0,1.0,-7.0,21.0,-5.0,-2.0,0.0,3.0,13.0,3.0,1.0,-4.0,3.0,-20.0,-23.0,-42.0,113.0,34.0,0.0,-398.0,-248.0,-2.0,3.0,3.0,5663.0,52.0,-647.0,682.0,-14.0,45.0,5588.0,0.0,-5.0,84.0,-1.0,-6.0,8.0
-13.0,6.0,30.0,-3.0,-104.0,-50.0,0.0,-4.0,1.0,0.0,-30.0,-1.0,0.0,-18.0,2.0,16.0,44.0,72.0,-101.0,20.0,0.0,-124.0,-113.0,4.0,0.0,1.0,-6860.0,-49.0,-485.0,-1167.0,-221.0,-28.0,-7007.0,-20.0,-2.0,18.0,-1.0,49.0,10.0
6.0,-5.0,11.0,-1.0,80.0,37.0,6.0,0.0,2.0,2.0,24.0,7.0,7.0,3.0,0.0,-10.0,0.0,-7.0,127.0,-47.0,-8.0,-303.0,-130.0,1.0,1.0,2.0,2733.0,12.0,-214.0,353.0,157.0,79.0,2299.0,8.0,-2.0,78.0,-1.0,14.0,-10.0
-13.0,11.0,0.0,-3.0,-82.0,-55.0,2.0,-4.0,-2.0,-1.0,-31.0,-3.0,-2.0,-23.0,-1.0,16.0,28.0,84.0,-111.0,-124.0,-1.0,340.0,361.0,1.0,1.0,0.0,-7679.0,-72.0,52.0,-1566.0,-125.0,-43.0,-7420.0,-16.0,3.0,-48.0,1.0,20.0,8.0
9.0,-7.0,-5.0,1.0,170.0,93.0,9.0,-9.0,4.0,3.0,27.0,8.0,8.0,3.0,5.0,-7.0,-3.0,-36.0,73.0,22.0,-7.0,-287.0,-196.0,3.0,-1.0,-2.0,6721.0,103.0,-492.0,823.0,-92.0,82.0,6225.0,10.0,-2.0,118.0,1.0,-16.0,19.0
-3.0,3.0,2.0,3.0,27.0,4.0,-8.0,-3.0,-4.0,-4.0,-7.0,0.0,1.0,-39.0,1.0,12.0,4.0,-54.0,39.0,33.0,4.0,-250.0,-210.0,1.0,-2.0,0.0,2948.0,35.0,-231.0,588.0,30.0,13.0,2989.0,9.0,-4.0,141.0,-2.0,-24.0,12.0
1.0,10.0,-19.0,1.0,126.0,20.0,5.0,2.0,-1.0,-1.0,9.0,2.0,-1.0,12.0,-7.0,20.0,-2.0,-9.0,-17.0,22.0,2.0,451.0,359.0,-1.0,0.0,-2.0,-792.0,-23.0,520.0,-368.0,69.0,-7.0,-130.0,16.0,3.0,57.0,2.0,-25.0,3.0
5.0,-2.0,-16.0,2.0,14.0,15.0,2.0,-11.0,-2.0,2.0,3.0,5.0,0.0,15.0,-3.0,-2.0,10.0,-9.0,108.0,-62.0,-2.0,119.0,49.0,1.0,-5.0,-3.0,3432.0,0.0,-441.0,771.0,-78.0,-20.0,3825.0,10.0,-1.0,-144.0,-1.0,15.0,18.0
-6.0,1.0,7.0,-1.0,-21.0,-17.0,-4.0,12.0,-1.0,1.0,-15.0,5.0,1.0,-2.0,-6.0,14.0,53.0,71.0,-114.0,-166.0,2.0,599.0,435.0,2.0,3.0,0.0,-4616.0,4.0,-181.0,-670.0,16.0,33.0,-4022.0,-7.0,-1.0,-18.0,3.0,2.0,0.0
-14.0,12.0,-7.0,-2.0,-81.0,-44.0,-4.0,0.0,0.0,0.0,-26.0,1.0,4.0,8.0,-7.0,18.0,-10.0,65.0,68.0,-102.0,6.0,253.0,126.0,1.0,1.0,1.0,-1459.0,-9.0,287.0,-351.0,8.0,-32.0,-1132.0,-8.0,1.0,-15.0,0.0,-2.0,11.0
2.0,1.0,-3.0,1.0,-10.0,-6.0,-6.0,-3.0,0.0,1.0,-2.0,0.0,0.0,-2.0,0.0,6.0,10.0,-23.0,-120.0,-140.0,4.0,-186.0,-100.0,1.0,1.0,3.0,1663.0,-7.0,14.0,338.0,-38.0,2.0,1321.0,4.0,-5.0,-30.0,-2.0,41.0,-5.0
1.0,0.0,13.0,1.0,-63.0,-21.0,-1.0,3.0,-2.0,3.0,3.0,3.0,0.0,2.0,-5.0,5.0,26.0,12.0,232.0,17.0,-3.0,-128.0,8.0,0.0,4.0,4.0,-52.0,-34.0,206.0,-183.0,104.0,26.0,142.0,5.0,-2.0,84.0,-1.0,13.0,-13.0
-11.0,12.0,-19.0,2.0,-154.0,-90.0,-1.0,-3.0,-3.0,-3.0,-24.0,-1.0,1.0,-4.0,-3.0,19.0,28.0,55.0,-12.0,52.0,2.0,171.0,136.0,4.0,1.0,0.0,-7184.0,-180.0,957.0,-808.0,46.0,-43.0,-7498.0,-7.0,0.0,-121.0,0.0,-38.0,13.0
-2.0,0.0,-9.0,0.0,-60.0,-2.0,-5.0,5.0,-1.0,0.0,-6.0,-6.0,-7.0,-14.0,-1.0,-2.0,3.0,8.0,193.0,-12.0,2.0,134.0,67.0,-2.0,-1.0,0.0,-1580.0,87.0,-188.0,-347.0,71.0,-23.0,-607.0,9.0,1.0,-70.0,-1.0,24.0,-18.0
10.0,-11.0,25.0,-1.0,138.0,63.0,3.0,5.0,2.0,-1.0,28.0,-1.0,0.0,-5.0,4.0,-17.0,-51.0,-44.0,-317.0,125.0,2.0,-176.0,-35.0,0.0,1.0,1.0,2391.0,17.0,-15.0,341.0,48.0,75.0,2216.0,5.0,-1.0,113.0,0.0,-18.0,-18.0
6.0,-3.0,-1.0,2.0,11.0,14.0,1.0,2.0,4.0,3.0,17.0,2.0,0.0,13.0,-3.0,-2.0,-34.0,-26.0,32.0,176.0,-1.0,-188.0,-220.0,-2.0,1.0,1.0,-1561.0,5.0,-412.0,-159.0,51.0,38.0,-1238.0,-2.0,-1.0,-20.0,0.0,24.0,-6.0
8.0,-5.0,-8.0,-4.0,41.0,26.0,11.0,-4.0,1.0,0.0,16.0,-2.0,-1.0,55.0,7.0,-30.0,-18.0,-6.0,-20.0,-11.0,-1.0,-145.0,-169.0,-1.0,-2.0,-2.0,3165.0,-19.0,351.0,530.0,88.0,-14.0,2440.0,10.0,1.0,-44.0,0.0,-3.0,-6.0
4.0,-5.0,33.0,-3.0,44.0,-1.0,-3.0,7.0,0.0,0.0,3.0,-1.0,-2.0,15.0,-1.0,-10.0,-28.0,-27.0,-254.0,-62.0,3.0,-18.0,-7.0,-5.0,1.0,2.0,2043.0,-10.0,-277.0,332.0,-25.0,-16.0,1880.0,-12.0,1.0,73.0,0.0,30.0,-14.0
-12.0,2.0,15.0,-2.0,-119.0,-41.0,0.0,0.0,1.0,-2.0,-22.0,-5.0,0.0,-8.0,4.0,0.0,25.0,51.0,-96.0,-56.0,-2.0,-53.0,-111.0,3.0,-3.0,-1.0,-4871.0,-29.0,127.0,-314.0,-55.0,-38.0,-5458.0,-16.0,2.0,-141.0,-1.0,31.0,-11.0
-1.0,1.0,-2.0,1.0,-71.0,-34.0,-1.0,6.0,0.0,-1.0,-5.0,-5.0,-4.0,-18.0,6.0,1.0,51.0,-12.0,141.0,39.0,-6.0,-196.0,-140.0,-2.0,3.0,1.0,-4364.0,-8.0,169.0,-761.0,22.0,-23.0,-4909.0,-7.0,1.0,46.0,1.0,5.0,-11.0
8.0,-8.0,-4.0,-4.0,172.0,67.0,7.0,-2.0,4.0,0.0,16.0,5.0,0.0,5.0,4.0,-9.0,-19.0,-30.0,-45.0,175.0,3.0,45.0,-33.0,1.0,-1.0,-3.0,2847.0,89.0,-589.0,212.0,-128.0,27.0,3568.0,8.0,1.0,55.0,2.0,-39.0,23.0
12.0,-16.0,-11.0,2.0,-22.0,30.0,-5.0,2.0,0.0,1.0,21.0,-1.0,1.0,6.0,5.0,-36.0,-42.0,-63.0,118.0,-42.0,-2.0,-327.0,-246.0,-3.0,0.0,1.0,7652.0,72.0,-35.0,1535.0,152.0,35.0,7137.0,4.0,-1.0,-75.0,-1.0,-24.0,-13.0
-4.0,4.0,9.0,4.0,-60.0,-21.0,-2.0,-5.0,0.0,-1.0,-5.0,-6.0,1.0,-19.0,1.0,4.0,-31.0,-7.0,102.0,116.0,-5.0,-158.0,-74.0,-2.0,-2.0,-1.0,1296.0,-21.0,178.0,57.0,-164.0,-72.0,671.0,-15.0,4.0,39.0,-1.0,-16.0,8.0
-7.0,10.0,-7.0,2.0,34.0,14.0,7.0,-4.0,0.0,1.0,-7.0,1.0,0.0,6.0,-3.0,28.0,46.0,25.0,65.0,52.0,-2.0,286.0,190.0,4.0,-1.0,-3.0,-1727.0,5.0,575.0,-395.0,-131.0,-16.0,-1520.0,7.0,3.0,40.0,2.0,-11.0,8.0
-12.0,13.0,2.0,5.0,-192.0,-102.0,-8.0,-3.0,-5.0,-2.0,-34.0,-6.0,0.0,6.0,-3.0,21.0,16.0,29.0,-275.0,-116.0,3.0,124.0,96.0,0.0,1.0,1.0,-4000.0,-188.0,991.0,-218.0,-100.0,-83.0,-5260.0,-25.0,0.0,-63.0,0.0,1.0,5.0
0.0,5.0,-30.0,0.0,22.0,-5.0,2.0,0.0,-3.0,-1.0,-1.0,-2.0,-2.0,-5.0,-3.0,0.0,-16.0,12.0,-10.0,-144.0,-1.0,464.0,474.0,-3.0,1.0,-1.0,-819.0,-23.0,537.0,-399.0,96.0,-15.0,-413.0,4.0,5.0,-66.0,2.0,-29.0,-2.0
2.0,0.0,-8.0,1.0,40.0,12.0,-5.0,-3.0,0.0,0.0,4.0,3.0,-1.0,-34.0,-2.0,12.0,-4.0,-58.0,32.0,61.0,4.0,-296.0,-192.0,1.0,1.0,3.0,155.0,36.0,-348.0,83.0,60.0,53.0,911.0,12.0,-4.0,23.0,-2.0,17.0,-2.0
-2.0,0.0,-9.0,2.0,-83.0,-22.0,-5.0,2.0,0.0,2.0,-12.0,4.0,1.0,-13.0,-2.0,16.0,61.0,52.0,74.0,-179.0,-5.0,328.0,246.0,1.0,0.0,0.0,-307.0,18.0,-438.0,68.0,-318.0,-57.0,-170.0,-9.0,-1.0,-59.0,0.0,41.0,16.0
-6.0,3.0,-2.0,-1.0,-102.0,-40.0,1.0,10.0,-4.0,0.0,-9.0,1.0,-1.0,16.0,-5.0,-1.0,40.0,60.0,63.0,-151.0,-2.0,299.0,207.0,0.0,2.0,1.0,-5806.0,-61.0,397.0,-607.0,330.0,43.0,-5560.0,3.0,0.0,-64.0,1.0,14.0,-26.0
-9.0,11.0,-15.0,-1.0,-56.0,-43.0,1.0,-5.0,0.0,-2.0,-17.0,1.0,1.0,-27.0,-1.0,18.0,24.0,65.0,71.0,52.0,1.0,59.0,63.0,4.0,0.0,0.0,-7968.0,-67.0,-263.0,-1472.0,4.0,-3.0,-7497.0,1.0,-3.0,-38.0,-1.0,5.0,19.0
8.0,-4.0,15.0,1.0,115.0,39.0,1.0,-8.0,-1.0,4.0,12.0,8.0,1.0,12.0,-7.0,2.0,-12.0,-38.0,89.0,119.0,4.0,-37.0,39.0,2.0,0.0,0.0,4877.0,13.0,-375.0,457.0,30.0,53.0,5675.0,14.0,-3.0,45.0,0.0,-25.0,15.0
-1.0,-1.0,3.0,-2.0,42.0,27.0,-3.0,0.0,-1.0,-3.0,-1.0,2.0,5.0,6.0,3.0,-1.0,-14.0,13.0,-156.0,-134.0,6.0,10.0,-42.0,2.0,-2.0,0.0,6738.0,42.0,-46.0,1176.0,-144.0,-15.0,6343.0,7.0,-4.0,136.0,-2.0,-6.0,15.0
-2.0,4.0,4.0,-2.0,106.0,19.0,3.0,-5.0,3.0,2.0,2.0,8.0,8.0,3.0,-3.0,6.0,3.0,-4.0,193.0,-8.0,-1.0,-155.0,-113.0,2.0,1.0,0.0,1839.0,42.0,-339.0,-119.0,113.0,51.0,1791.0,2.0,-1.0,70.0,1.0,-21.0,18.0
6.0,-3.0,0.0,1.0,107.0,26.0,1.0,-5.0,1.0,0.0,4.0,0.0,-3.0,-8.0,4.0,-2.0,13.0,-62.0,-2.0,141.0,1.0,-105.0,-109.0,0.0,-1.0,-3.0,565.0,39.0,-412.0,-121.0,-52.0,4.0,624.0,2.0,0.0,7.0,2.0,-33.0,17.0
16.0,-17.0,3.0,-3.0,146.0,85.0,10.0,3.0,3.0,0.0,38.0,4.0,-1.0,5.0,7.0,-25.0,-22.0,-33.0,-111.0,136.0,-4.0,-103.0,-50.0,0.0,-1.0,-1.0,3741.0,59.0,-464.0,684.0,-84.0,55.0,4076.0,14.0,0.0,63.0,0.0,-4.0,-5.0
2.0,-3.0,14.0,0.0,-15.0,2.0,2.0,3.0,2.0,4.0,3.0,-2.0,-3.0,17.0,-3.0,-4.0,-30.0,-7.0,-150.0,0.0,-3.0,93.0,78.0,-5.0,2.0,1.0,-1272.0,0.0,-97.0,-253.0,-78.0,-2.0,-1161.0,-19.0,5.0,-30.0,2.0,39.0,-17.0
-16.0,12.0,-4.0,4.0,-242.0,-98.0,-7.0,5.0,-6.0,-3.0,-38.0,-12.0,-7.0,-6.0,-4.0,13.0,9.0,60.0,38.0,12.0,1.0,444.0,263.0,-3.0,-1.0,-2.0,-7243.0,-94.0,789.0,-903.0,9.0,-108.0,-7188.0,-20.0,6.0,-103.0,1.0,-16.0,-8.0
8.0,-7.0,0.0,3.0,24.0,28.0,-2.0,-3.0,2.0,1.0,20.0,-2.0,1.0,-4.0,2.0,-10.0,-33.0,-69.0,174.0,92.0,-3.0,-356.0,-197.0,-1.0,-1.0,1.0,7743.0,47.0,421.0,1277.0,-60.0,-27.0,7251.0,6.0,2.0,-11.0,-2.0,-19.0,-8.0
10.0,-10.0,-18.0,0.0,-25.0,19.0,1.0,-7.0,-1.0,-1.0,16.0,-4.0,-1.0,12.0,9.0,-40.0,-62.0,-65.0,58.0,32.0,-1.0,-570.0,-484.0,-4.0,-2.0,0.0,4525.0,21.0,-275.0,928.0,196.0,29.0,3908.0,5.0,-2.0,-46.0,-2.0,-7.0,-5.0
-9.0,0.0,46.0,-3.0,-18.0,-17.0,-1.0,3.0,2.0,0.0,-13.0,-2.0,1.0,-11.0,0.0,4.0,3.0,22.0,-115.0,125.0,4.0,-209.0,-121.0,4.0,2.0,2.0,-3426.0,-16.0,193.0,-628.0,53.0,35.0,-3608.0,-12.0,0.0,48.0,0.0,-9.0,-14.0
3.0,-5.0,-11.0,-2.0,83.0,56.0,2.0,2.0,3.0,-1.0,15.0,-2.0,0.0,-13.0,4.0,-17.0,-23.0,-11.0,88.0,-76.0,-3.0,-41.0,-71.0,-1.0,-4.0,-2.0,1205.0,133.0,-608.0,189.0,124.0,30.0,1550.0,12.0,1.0,-76.0,-1.0,25.0,-15.0
4.0,-3.0,0.0,1.0,-18.0,7.0,-3.0,8.0,3.0,-1.0,11.0,-1.0,1.0,1.0,6.0,-2.0,3.0,-25.0,17.0,81.0,-1.0,-374.0,-402.0,-2.0,2.0,2.0,813.0,39.0,-289.0,256.0,-71.0,0.0,196.0,-2.0,-4.0,162.0,-1.0,23.0,-2.0
5.0,-5.0,17.0,-6.0,32.0,-7.0,3.0,7.0,2.0,0.0,7.0,1.0,0.0,37.0,1.0,-18.0,-2.0,34.0,-143.0,-95.0,2.0,139.0,125.0,-1.0,1.0,1.0,367.0,-45.0,51.0,-3.0,23.0,-27.0,52.0,-2.0,0.0,-38.0,0.0,15.0,-9.0
-5.0,3.0,10.0,2.0,-13.0,-8.0,-3.0,0.0,-4.0,-4.0,-11.0,-3.0,2.0,-5.0,3.0,0.0,8.0,4.0,7.0,-28.0,0.0,46.0,-18.0,0.0,-3.0,-3.0,2793.0,-1.0,117.0,505.0,-30.0,-40.0,2078.0,-3.0,0.0,118.0,0.0,-41.0,14.0
4.0,0.0,-15.0,2.0,26.0,12.0,-1.0,-1.0,2.0,-1.0,14.0,4.0,3.0,-4.0,0.0,2.0,-4.0,-19.0,182.0,176.0,2.0,-281.0,-298.0,3.0,-1.0,0.0,-289.0,5.0,-315.0,94.0,129.0,40.0,-77.0,17.0,-6.0,10.0,-2.0,-15.0,11.0
7.0,-4.0,2.0,0.0,178.0,60.0,2.0,-11.0,1.0,1.0,9.0,5.0,1.0,10.0,-2.0,-3.0,-38.0,-50.0,-143.0,102.0,7.0,91.0,31.0,2.0,-4.0,-4.0,4929.0,47.0,-581.0,640.0,-74.0,27.0,5533.0,9.0,-1.0,-39.0,1.0,-38.0,28.0
-8.0,0.0,12.0,1.0,-92.0,-6.0,2.0,-6.0,1.0,2.0,-16.0,-1.0,1.0,-6.0,4.0,8.0,48.0,34.0,82.0,30.0,-4.0,-165.0,-169.0,5.0,-1.0,-1.0,-935.0,28.0,55.0,-27.0,-200.0,-9.0,-1390.0,-9.0,0.0,-17.0,0.0,14.0,5.0
6.0,-5.0,-17.0,-2.0,-42.0,4.0,6.0,-2.0,1.0,2.0,4.0,2.0,0.0,42.0,5.0,-14.0,43.0,46.0,54.0,-190.0,-6.0,183.0,77.0,0.0,-2.0,-2.0,2858.0,-1.0,-87.0,598.0,-230.0,-71.0,2270.0,1.0,0.0,-103.0,0.0,38.0,10.0
-14.0,13.0,-7.0,5.0,-252.0,-104.0,-13.0,2.0,-6.0,-2.0,-40.0,-12.0,-7.0,-8.0,-4.0,19.0,19.0,37.0,-82.0,-128.0,5.0,258.0,163.0,-2.0,0.0,1.0,-5580.0,-101.0,803.0,-565.0,-29.0,-106.0,-5867.0,-16.0,1.0,-133.0,-1.0,25.0,-13.0
8.0,-7.0,-2.0,3.0,29.0,14.0,0.0,2.0,-1.0,1.0,15.0,-1.0,-3.0,4.0,1.0,-13.0,20.0,-71.0,235.0,82.0,-4.0,-162.0,-99.0,-1.0,0.0,-1.0,2502.0,25.0,406.0,549.0,218.0,20.0,2315.0,11.0,2.0,-68.0,1.0,-38.0,-17.0
4.0,-4.0,5.0,2.0,-46.0,-17.0,2.0,0.0,-2.0,-2.0,4.0,-2.0,-1.0,11.0,4.0,-4.0,-6.0,-4.0,-386.0,20.0,-1.0,21.0,46.0,0.0,0.0,0.0,-259.0,-129.0,527.0,466.0,-184.0,-28.0,-1184.0,-11.0,0.0,0.0,0.0,-3.0,0.0
1.0,-2.0,22.0,1.0,18.0,2.0,-6.0,5.0,1.0,4.0,-3.0,7.0,2.0,-16.0,-6.0,20.0,39.0,23.0,55.0,2.0,1.0,172.0,236.0,2.0,5.0,3.0,1138.0,31.0,-372.0,-246.0,-210.0,16.0,1680.0,-5.0,-3.0,130.0,1.0,1.0,13.0
4.0,-9.0,-11.0,-1.0,-46.0,2.0,-3.0,5.0,-2.0,0.0,1.0,1.0,0.0,10.0,3.0,-26.0,-9.0,6.0,-56.0,-134.0,1.0,29.0,-49.0,-2.0,1.0,0.0,-91.0,25.0,-456.0,258.0,212.0,62.0,-114.0,-2.0,-3.0,-64.0,1.0,-5.0,-5.0
5.0,-5.0,-2.0,-2.0,143.0,58.0,7.0,-3.0,4.0,-1.0,21.0,4.0,7.0,1.0,5.0,-15.0,-26.0,-19.0,-105.0,-64.0,-5.0,-175.0,-138.0,1.0,-3.0,-2.0,2785.0,46.0,-420.0,536.0,53.0,53.0,2157.0,3.0,0.0,-6.0,0.0,1.0,3.0
14.0,-12.0,-5.0,-4.0,182.0,96.0,2.0,0.0,5.0,3.0,32.0,6.0,0.0,-8.0,3.0,-15.0,-6.0,-52.0,155.0,-24.0,1.0,-310.0,-196.0,1.0,0.0,2.0,5663.0,181.0,-977.0,556.0,62.0,85.0,6581.0,29.0,-5.0,33.0,-2.0,40.0,-10.0
-5.0,4.0,0.0,0.0,-58.0,-27.0,0.0,-7.0,0.0,0.0,-11.0,-5.0,-1.0,-27.0,1.0,6.0,-5.0,15.0,63.0,-32.0,-4.0,-16.0,164.0,0.0,0.0,1.0,64.0,-25.0,473.0,-289.0,-185.0,-70.0,-169.0,-10.0,5.0,-59.0,-1.0,1.0,0.0
-13.0,13.0,-10.0,0.0,-123.0,-71.0,-1.0,0.0,1.0,3.0,-25.0,-1.0,-1.0,2.0,-10.0,19.0,4.0,52.0,224.0,32.0,0.0,243.0,168.0,-1.0,3.0,1.0,-8197.0,-51.0,333.0,-1527.0,152.0,-17.0,-7475.0,-15.0,5.0,-151.0,2.0,4.0,-4.0
2.0,-5.0,-4.0,-5.0,65.0,41.0,6.0,3.0,3.0,0.0,12.0,5.0,3.0,13.0,0.0,-7.0,-32.0,32.0,-43.0,34.0,2.0,150.0,76.0,1.0,0.0,0.0,2282.0,50.0,-177.0,333.0,-76.0,23.0,2944.0,6.0,1.0,48.0,0.0,-6.0,6.0
-1.0,0.0,16.0,3.0,12.0,6.0,-6.0,0.0,-2.0,0.0,-4.0,-2.0,-2.0,-22.0,-2.0,8.0,-26.0,-61.0,-111.0,33.0,1.0,-157.0,-132.0,-4.0,0.0,1.0,1676.0,35.0,-328.0,335.0,-48.0,11.0,1828.0,-10.0,1.0,111.0,0.0,15.0,-5.0
11.0,0.0,-37.0,1.0,101.0,39.0,6.0,-5.0,-2.0,-2.0,25.0,-2.0,-2.0,24.0,2.0,-20.0,-64.0,-74.0,41.0,54.0,1.0,-119.0,-125.0,-5.0,-2.0,-2.0,3733.0,-2.0,245.0,560.0,265.0,22.0,3778.0,21.0,1.0,11.0,0.0,-32.0,-2.0
-10.0,12.0,9.0,0.0,-56.0,-42.0,4.0,5.0,-2.0,0.0,-10.0,0.0,-1.0,6.0,-8.0,25.0,49.0,54.0,119.0,-17.0,-3.0,270.0,256.0,2.0,1.0,1.0,-5715.0,-86.0,853.0,-865.0,118.0,-19.0,-5446.0,5.0,3.0,0.0,0.0,19.0,-21.0
-1.0,0.0,34.0,-4.0,74.0,-11.0,-3.0,9.0,1.0,-2.0,3.0,-1.0,0.0,-5.0,-4.0,-4.0,-45.0,-12.0,-197.0,95.0,8.0,-44.0,48.0,-1.0,3.0,3.0,-2491.0,-44.0,138.0,-601.0,253.0,44.0,-2218.0,-3.0,0.0,65.0,0.0,-23.0,-19.0
-9.0,8.0,0.0,-2.0,-100.0,-48.0,-1.0,4.0,1.0,-2.0,-20.0,-4.0,-1.0,-22.0,5.0,14.0,31.0,59.0,-94.0,-43.0,-2.0,-34.0,-41.0,-1.0,3.0,2.0,-6866.0,-33.0,-237.0,-1310.0,-196.0,-43.0,-7224.0,-18.0,-1.0,114.0,0.0,43.0,6.0
-12.0,8.0,-13.0,0.0,-182.0,-77.0,-5.0,10.0,-6.0,-2.0,-33.0,-6.0,-8.0,13.0,-5.0,9.0,40.0,67.0,-64.0,-104.0,6.0,602.0,337.0,-1.0,1.0,-1.0,-8539.0,-73.0,611.0,-960.0,173.0,-36.0,-7859.0,-5.0,2.0,-142.0,2.0,0.0,-16.0
10.0,-7.0,-7.0,-3.0,162.0,61.0,1.0,-5.0,4.0,1.0,14.0,5.0,0.0,3.0,4.0,-3.0,-9.0,-53.0,-165.0,35.0,7.0,-141.0,-133.0,2.0,0.0,0.0,4510.0,82.0,-575.0,550.0,-166.0,29.0,4889.0,12.0,-4.0,25.0,0.0,2.0,18.0
3.0,0.0,-25.0,2.0,9.0,33.0,8.0,-11.0,-1.0,0.0,9.0,-3.0,-1.0,18.0,6.0,-12.0,-16.0,-40.0,123.0,84.0,-3.0,-284.0,-294.0,0.0,-3.0,-3.0,2798.0,26.0,300.0,533.0,65.0,13.0,2388.0,12.0,1.0,-6.0,0.0,-18.0,3.0
-15.0,7.0,26.0,0.0,-202.0,-97.0,-2.0,-2.0,-2.0,-1.0,-37.0,-3.0,0.0,5.0,0.0,17.0,48.0,62.0,-184.0,20.0,1.0,-12.0,-40.0,4.0,1.0,1.0,-6076.0,-162.0,735.0,-503.0,-179.0,-68.0,-7008.0,-28.0,1.0,-65.0,0.0,6.0,4.0
-2.0,0.0,1.0,-1.0,-29.0,-7.0,-4.0,6.0,-1.0,-4.0,-6.0,-3.0,1.0,-12.0,9.0,0.0,37.0,1.0,-15.0,-95.0,0.0,-186.0,-182.0,0.0,1.0,1.0,2374.0,34.0,123.0,415.0,-122.0,-38.0,1434.0,0.0,-3.0,182.0,-1.0,-1.0,4.0
5.0,-5.0,-1.0,1.0,-30.0,10.0,0.0,-2.0,-1.0,2.0,0.0,0.0,-2.0,20.0,3.0,-6.0,17.0,-15.0,-57.0,-157.0,-5.0,26.0,-55.0,-4.0,-2.0,-1.0,4534.0,34.0,-415.0,933.0,-278.0,-60.0,4098.0,-9.0,1.0,8.0,0.0,53.0,5.0
-5.0,4.0,-2.0,0.0,-53.0,-41.0,2.0,-2.0,-3.0,0.0,-16.0,-4.0,-5.0,-19.0,0.0,3.0,48.0,13.0,124.0,-42.0,-5.0,178.0,262.0,0.0,1.0,-1.0,-5177.0,-47.0,458.0,-1017.0,93.0,-23.0,-5105.0,-5.0,5.0,-116.0,2.0,-18.0,-9.0
9.0,-7.0,14.0,-3.0,59.0,28.0,5.0,1.0,2.0,4.0,13.0,5.0,1.0,39.0,1.0,-10.0,21.0,17.0,35.0,-9.0,0.0,27.0,67.0,1.0,3.0,1.0,4303.0,12.0,-21.0,284.0,-122.0,2.0,4120.0,5.0,-2.0,86.0,1.0,-2.0,7.0
-6.0,5.0,-9.0,1.0,-52.0,-30.0,-4.0,2.0,-1.0,1.0,-11.0,0.0,1.0,12.0,-6.0,5.0,10.0,-6.0,303.0,-20.0,2.0,91.0,27.0,0.0,1.0,0.0,1043.0,16.0,693.0,198.0,226.0,-12.0,1183.0,3.0,3.0,-83.0,1.0,-40.0,-6.0
-2.0,4.0,5.0,-4.0,116.0,25.0,11.0,3.0,2.0,0.0,6.0,5.0,-1.0,11.0,-4.0,16.0,30.0,24.0,74.0,158.0,0.0,315.0,223.0,3.0,0.0,-2.0,-2868.0,3.0,264.0,-653.0,-10.0,8.0,-1878.0,13.0,4.0,55.0,2.0,-20.0,2.0
-8.0,7.0,-1.0,4.0,-122.0,-49.0,-6.0,2.0,-4.0,-1.0,-10.0,-2.0,-1.0,-37.0,-6.0,15.0,5.0,-5.0,197.0,26.0,-3.0,-155.0,-59.0,-1.0,1.0,3.0,-4355.0,-46.0,227.0,-467.0,226.0,24.0,-3978.0,0.0,0.0,-2.0,-2.0,15.0,-20.0
15.0,-12.0,4.0,0.0,180.0,102.0,0.0,2.0,5.0,2.0,38.0,5.0,2.0,0.0,3.0,-17.0,-32.0,-74.0,194.0,124.0,0.0,-452.0,-434.0,-1.0,-2.0,0.0,6895.0,185.0,-1272.0,902.0,83.0,83.0,7421.0,24.0,-6.0,131.0,-2.0,23.0,-2.0
18.0,-21.0,-2.0,1.0,30.0,60.0,-1.0,0.0,1.0,0.0,32.0,-1.0,0.0,-6.0,11.0,-41.0,-52.0,-57.0,-185.0,-22.0,-4.0,-418.0,-273.0,-3.0,-1.0,1.0,6609.0,56.0,-728.0,1337.0,-74.0,47.0,5954.0,1.0,-4.0,8.0,-2.0,16.0,-7.0
-4.0,1.0,18.0,-3.0,57.0,19.0,-1.0,5.0,2.0,-1.0,2.0,0.0,4.0,3.0,-3.0,1.0,-61.0,21.0,-249.0,23.0,8.0,77.0,91.0,1.0,2.0,2.0,932.0,8.0,272.0,-10.0,56.0,43.0,1084.0,-3.0,0.0,98.0,0.0,-20.0,-7.0
-10.0,5.0,16.0,3.0,-81.0,-38.0,-6.0,7.0,-1.0,0.0,-20.0,-1.0,2.0,-21.0,-5.0,18.0,22.0,64.0,-12.0,-50.0,-3.0,441.0,361.0,0.0,1.0,-1.0,-3320.0,-17.0,-3.0,-613.0,-148.0,-39.0,-3351.0,-22.0,3.0,21.0,2.0,-14.0,8.0
0.0,3.0,-15.0,1.0,44.0,5.0,2.0,-9.0,-1.0,0.0,3.0,5.0,2.0,-5.0,-6.0,4.0,-7.0,6.0,165.0,95.0,3.0,93.0,104.0,5.0,-3.0,-2.0,-1102.0,-34.0,-26.0,-162.0,200.0,40.0,-273.0,19.0,-2.0,-152.0,-1.0,-38.0,13.0
3.0,-1.0,18.0,-1.0,12.0,-16.0,-4.0,-1.0,2.0,-1.0,6.0,-2.0,0.0,-16.0,0.0,-2.0,-37.0,-31.0,-9.0,82.0,1.0,-315.0,-141.0,-2.0,0.0,3.0,1818.0,-30.0,-119.0,137.0,-81.0,-46.0,1634.0,-5.0,0.0,24.0,-3.0,16.0,-3.0
4.0,-1.0,13.0,-3.0,158.0,49.0,7.0,-7.0,4.0,1.0,13.0,8.0,7.0,-9.0,3.0,1.0,-7.0,2.0,-110.0,12.0,-3.0,-246.0,-140.0,2.0,0.0,0.0,796.0,26.0,-1032.0,-317.0,-113.0,63.0,608.0,-1.0,-4.0,153.0,0.0,19.0,24.0
-9.0,8.0,-9.0,3.0,-109.0,-46.0,-6.0,-1.0,-2.0,-3.0,-19.0,-8.0,0.0,-7.0,1.0,4.0,-7.0,18.0,-187.0,-192.0,0.0,83.0,25.0,-1.0,-3.0,-1.0,-2795.0,-55.0,383.0,-29.0,24.0,-53.0,-3710.0,-13.0,1.0,-139.0,-1.0,26.0,-10.0
6.0,2.0,-31.0,2.0,33.0,9.0,3.0,2.0,1.0,2.0,16.0,0.0,-2.0,8.0,-6.0,-2.0,-50.0,-14.0,22.0,32.0,-2.0,276.0,254.0,-5.0,2.0,0.0,-2380.0,-18.0,125.0,-558.0,147.0,23.0,-1651.0,2.0,4.0,-86.0,2.0,-5.0,-8.0
-8.0,9.0,-7.0,-1.0,26.0,-18.0,-3.0,-5.0,1.0,0.0,-22.0,1.0,1.0,0.0,-3.0,16.0,3.0,3.0,66.0,39.0,7.0,148.0,17.0,1.0,0.0,-2.0,-894.0,30.0,-125.0,-472.0,-44.0,-28.0,-508.0,-6.0,1.0,-8.0,2.0,-35.0,28.0
-1.0,0.0,-9.0,-4.0,2.0,-6.0,2.0,-2.0,0.0,1.0,-6.0,1.0,-2.0,-8.0,0.0,2.0,26.0,22.0,-39.0,-148.0,1.0,142.0,238.0,2.0,2.0,2.0,-1232.0,-4.0,295.0,-346.0,-21.0,2.0,-840.0,5.0,1.0,-98.0,0.0,17.0,-8.0
7.0,-8.0,1.0,1.0,71.0,41.0,-3.0,2.0,-2.0,-2.0,14.0,1.0,2.0,10.0,4.0,-14.0,6.0,-58.0,79.0,-52.0,2.0,-152.0,-141.0,1.0,-2.0,-1.0,9240.0,67.0,360.0,1725.0,74.0,5.0,8658.0,18.0,-2.0,68.0,-1.0,-44.0,-2.0
7.0,-5.0,8.0,-1.0,53.0,32.0,5.0,-4.0,-1.0,0.0,12.0,-4.0,-3.0,33.0,5.0,-22.0,-44.0,-67.0,-131.0,22.0,0.0,-302.0,-301.0,-5.0,-2.0,-1.0,4841.0,16.0,23.0,865.0,40.0,-3.0,4268.0,0.0,2.0,67.0,0.0,12.0,-11.0
2.0,-5.0,-6.0,-5.0,70.0,27.0,8.0,8.0,0.0,0.0,7.0,6.0,-1.0,21.0,-1.0,-10.0,21.0,30.0,18.0,24.0,1.0,344.0,174.0,1.0,1.0,-2.0,-2959.0,28.0,-192.0,-395.0,202.0,70.0,-1992.0,11.0,1.0,-9.0,3.0,-25.0,-3.0
-16.0,17.0,-2.0,1.0,-136.0,-79.0,-2.0,5.0,-4.0,-2.0,-34.0,-7.0,-8.0,3.0,-8.0,35.0,49.0,61.0,-8.0,30.0,5.0,573.0,386.0,1.0,0.0,-1.0,-8448.0,-98.0,1067.0,-1218.0,-39.0,-98.0,-7745.0,-3.0,5.0,-78.0,1.0,5.0,-11.0
-5.0,-1.0,28.0,0.0,-75.0,-36.0,0.0,-2.0,0.0,1.0,-15.0,-2.0,-3.0,-14.0,3.0,3.0,64.0,1.0,134.0,102.0,-4.0,-286.0,-212.0,3.0,0.0,0.0,-4358.0,-24.0,-79.0,-618.0,-3.0,-8.0,-4692.0,-9.0,0.0,-50.0,0.0,11.0,-7.0
4.0,-2.0,-3.0,3.0,27.0,35.0,2.0,-6.0,0.0,4.0,6.0,4.0,1.0,2.0,0.0,8.0,23.0,-17.0,178.0,86.0,-2.0,-112.0,-58.0,2.0,2.0,0.0,3936.0,57.0,-72.0,287.0,-145.0,29.0,4068.0,7.0,-2.0,124.0,1.0,-17.0,16.0
1.0,-3.0,-1.0,-4.0,-56.0,-11.0,4.0,9.0,3.0,0.0,1.0,-3.0,0.0,27.0,8.0,-12.0,33.0,55.0,-54.0,-128.0,-4.0,64.0,28.0,-1.0,3.0,1.0,-574.0,-1.0,354.0,-173.0,-152.0,-51.0,-1555.0,-9.0,1.0,41.0,1.0,23.0,-8.0
-6.0,7.0,-20.0,3.0,-184.0,-80.0,-1.0,-5.0,-4.0,-1.0,-24.0,-1.0,-1.0,16.0,0.0,13.0,45.0,40.0,-69.0,-105.0,-3.0,197.0,81.0,0.0,-1.0,-1.0,-2650.0,-146.0,542.0,125.0,-232.0,-103.0,-3400.0,-16.0,1.0,-113.0,0.0,15.0,18.0
15.0,-13.0,9.0,1.0,152.0,78.0,5.0,-6.0,0.0,1.0,31.0,4.0,0.0,10.0,1.0,-19.0,-41.0,-53.0,-209.0,63.0,0.0,-57.0,14.0,1.0,-4.0,-2.0,5823.0,17.0,-456.0,1112.0,-30.0,55.0,6041.0,15.0,-2.0,-31.0,-1.0,-3.0,0.0
0.0,0.0,2.0,0.0,-5.0,14.0,-2.0,-5.0,3.0,0.0,5.0,-1.0,4.0,-8.0,1.0,3.0,-53.0,2.0,-61.0,10.0,1.0,-194.0,-98.0,0.0,-1.0,2.0,5241.0,22.0,15.0,728.0,-278.0,-47.0,4936.0,-5.0,0.0,57.0,-3.0,19.0,9.0
4.0,5.0,-45.0,2.0,48.0,7.0,1.0,-1.0,-1.0,-2.0,13.0,2.0,1.0,-9.0,-3.0,2.0,-20.0,-7.0,172.0,32.0,1.0,183.0,176.0,0.0,0.0,-1.0,-1108.0,-18.0,222.0,-305.0,225.0,25.0,-490.0,21.0,-1.0,-56.0,0.0,-44.0,9.0
8.0,-7.0,29.0,-3.0,244.0,82.0,6.0,0.0,5.0,1.0,30.0,7.0,8.0,-2.0,1.0,-11.0,-48.0,-48.0,-124.0,117.0,1.0,-331.0,-148.0,2.0,2.0,1.0,4230.0,59.0,-354.0,222.0,161.0,126.0,4007.0,7.0,-2.0,183.0,1.0,-39.0,0.0
2.0,-5.0,-10.0,4.0,-66.0,-7.0,-10.0,-3.0,-2.0,-1.0,0.0,-2.0,0.0,-43.0,2.0,-10.0,-44.0,-59.0,78.0,43.0,0.0,-425.0,-315.0,-3.0,0.0,2.0,1360.0,40.0,-626.0,398.0,108.0,43.0,1468.0,-5.0,-3.0,-2.0,-2.0,-4.0,1.0
8.0,-5.0,18.0,-1.0,70.0,11.0,-4.0,6.0,2.0,-1.0,17.0,3.0,1.0,11.0,-1.0,-8.0,-32.0,-46.0,-72.0,114.0,5.0,-299.0,-305.0,-2.0,0.0,2.0,1754.0,-5.0,-592.0,426.0,104.0,24.0,1803.0,5.0,-5.0,83.0,-2.0,15.0,-3.0
2.0,-1.0,4.0,-3.0,98.0,47.0,2.0,-2.0,3.0,1.0,7.0,2.0,0.0,-23.0,2.0,-1.0,-4.0,10.0,83.0,0.0,-1.0,-112.0,-73.0,0.0,-1.0,0.0,-784.0,113.0,-1220.0,-664.0,-42.0,40.0,1.0,8.0,-3.0,83.0,-1.0,43.0,6.0
-5.0,4.0,-3.0,1.0,-149.0,-53.0,2.0,5.0,0.0,3.0,-3.0,-2.0,-2.0,2.0,-7.0,3.0,1.0,49.0,158.0,-7.0,-7.0,95.0,151.0,-2.0,3.0,3.0,-7303.0,-81.0,458.0,-1055.0,196.0,11.0,-6967.0,-9.0,4.0,-143.0,0.0,39.0,-32.0
-11.0,7.0,-6.0,2.0,-99.0,-40.0,0.0,2.0,-2.0,-4.0,-17.0,-8.0,0.0,-5.0,1.0,-2.0,-17.0,41.0,-67.0,-52.0,-4.0,269.0,125.0,-2.0,-4.0,-4.0,-4458.0,-48.0,369.0,-367.0,62.0,-55.0,-5031.0,-17.0,6.0,-109.0,1.0,-15.0,-5.0
-8.0,6.0,13.0,4.0,-91.0,-44.0,-12.0,4.0,-1.0,1.0,-22.0,-1.0,2.0,-23.0,-5.0,24.0,32.0,41.0,-132.0,-190.0,1.0,255.0,261.0,1.0,2.0,2.0,-1657.0,-24.0,11.0,-275.0,-186.0,-37.0,-2030.0,-18.0,-2.0,-9.0,0.0,27.0,3.0
-11.0,9.0,-4.0,1.0,-198.0,-95.0,-3.0,6.0,-2.0,-3.0,-27.0,-6.0,-1.0,1.0,3.0,15.0,35.0,49.0,-177.0,-43.0,-1.0,78.0,32.0,-1.0,4.0,2.0,-6082.0,-146.0,983.0,-646.0,-154.0,-83.0,-7225.0,-26.0,2.0,31.0,1.0,0.0,0.0
-3.0,-1.0,-6.0,-5.0,12.0,0.0,8.0,1.0,0.0,0.0,-4.0,1.0,-2.0,-6.0,0.0,-4.0,16.0,45.0,81.0,-8.0,-3.0,328.0,338.0,1.0,1.0,-1.0,-2895.0,3.0,281.0,-684.0,17.0,0.0,-2161.0,1.0,6.0,-68.0,2.0,-24.0,-3.0
3.0,-2.0,-16.0,2.0,90.0,56.0,3.0,-9.0,2.0,1.0,3.0,1.0,1.0,0.0,5.0,3.0,-3.0,-29.0,-54.0,69.0,1.0,16.0,-66.0,2.0,-2.0,-4.0,3988.0,91.0,-278.0,470.0,-249.0,3.0,3926.0,2.0,0.0,40.0,2.0,-30.0,29.0
12.0,-11.0,-9.0,-1.0,84.0,49.0,0.0,2.0,2.0,2.0,25.0,4.0,0.0,15.0,1.0,-14.0,-2.0,-62.0,72.0,-24.0,2.0,-198.0,-123.0,1.0,1.0,2.0,6447.0,68.0,243.0,1220.0,104.0,45.0,6580.0,21.0,-2.0,-50.0,-1.0,-3.0,-16.0
-3.0,5.0,26.0,-1.0,78.0,13.0,4.0,3.0,0.0,1.0,-4.0,0.0,-2.0,21.0,-4.0,18.0,18.0,-2.0,-189.0,-10.0,1.0,268.0,183.0,-1.0,0.0,-1.0,316.0,-5.0,298.0,-63.0,-156.0,-32.0,360.0,-5.0,4.0,113.0,2.0,19.0,-6.0
3.0,-2.0,-15.0,1.0,-15.0,8.0,-2.0,-5.0,-3.0,-2.0,-3.0,2.0,1.0,3.0,6.0,-2.0,47.0,-8.0,93.0,-157.0,-2.0,-67.0,-133.0,1.0,-4.0,-2.0,5806.0,34.0,-318.0,1186.0,-200.0,-58.0,5259.0,10.0,-4.0,38.0,-2.0,14.0,22.0
2.0,-4.0,-1.0,-5.0,20.0,9.0,7.0,8.0,0.0,1.0,1.0,3.0,0.0,53.0,1.0,-16.0,35.0,65.0,-134.0,-177.0,1.0,454.0,266.0,1.0,1.0,-2.0,-1451.0,-15.0,170.0,-140.0,104.0,19.0,-1582.0,3.0,0.0,-62.0,3.0,-1.0,-6.0
-19.0,11.0,21.0,-2.0,-156.0,-80.0,-4.0,-2.0,0.0,1.0,-41.0,-1.0,1.0,-6.0,-4.0,21.0,54.0,66.0,202.0,0.0,2.0,-33.0,-86.0,4.0,1.0,1.0,-5817.0,-33.0,208.0,-969.0,5.0,-40.0,-5824.0,-17.0,1.0,-65.0,0.0,9.0,4.0
-6.0,7.0,-20.0,1.0,-161.0,-60.0,-1.0,-2.0,-5.0,-3.0,-18.0,-11.0,-9.0,15.0,1.0,-5.0,-13.0,-4.0,50.0,62.0,4.0,3.0,-98.0,-3.0,-2.0,-1.0,-3923.0,-77.0,792.0,-290.0,157.0,-69.0,-3837.0,2.0,3.0,-124.0,-1.0,-2.0,-16.0
7.0,-3.0,13.0,2.0,44.0,5.0,0.0,-2.0,-1.0,3.0,7.0,3.0,-3.0,-6.0,-1.0,3.0,39.0,-50.0,230.0,158.0,-2.0,-233.0,-101.0,0.0,3.0,1.0,513.0,5.0,-206.0,-304.0,52.0,30.0,766.0,7.0,-2.0,91.0,1.0,-20.0,4.0
-3.0,0.0,-1.0,-5.0,-38.0,-18.0,7.0,1.0,0.0,1.0,-10.0,-2.0,-1.0,26.0,2.0,-10.0,30.0,80.0,-71.0,-209.0,-3.0,438.0,430.0,1.0,1.0,-1.0,-1387.0,-40.0,643.0,-429.0,-81.0,-51.0,-1751.0,-7.0,5.0,-121.0,2.0,0.0,-6.0
-7.0,7.0,-17.0,1.0,-134.0,-55.0,0.0,2.0,-2.0,-1.0,-6.0,0.0,1.0,-15.0,-4.0,7.0,31.0,56.0,308.0,-7.0,-4.0,2.0,73.0,3.0,1.0,2.0,-6031.0,-81.0,555.0,-802.0,274.0,13.0,-5806.0,10.0,-1.0,-113.0,-2.0,0.0,-15.0
5.0,-6.0,-18.0,4.0,12.0,44.0,2.0,-2.0,0.0,2.0,14.0,0.0,1.0,12.0,2.0,-8.0,4.0,-38.0,183.0,10.0,-4.0,-41.0,-56.0,1.0,-1.0,-2.0,5925.0,77.0,540.0,1140.0,21.0,19.0,5617.0,11.0,2.0,-35.0,1.0,-35.0,-5.0
8.0,-10.0,-27.0,2.0,-108.0,-3.0,-4.0,-5.0,-1.0,1.0,4.0,0.0,0.0,-1.0,7.0,-24.0,-1.0,-13.0,132.0,-147.0,-6.0,-242.0,-238.0,-3.0,-2.0,0.0,4218.0,39.0,-713.0,996.0,-122.0,-28.0,3738.0,-4.0,-3.0,-105.0,-2.0,34.0,11.0
3.0,-4.0,-7.0,-3.0,23.0,14.0,9.0,3.0,4.0,3.0,13.0,3.0,-2.0,7.0,-3.0,-6.0,-18.0,19.0,113.0,168.0,-4.0,140.0,118.0,-1.0,2.0,0.0,-4456.0,8.0,-131.0,-843.0,68.0,38.0,-3399.0,-1.0,5.0,-88.0,2.0,0.0,-9.0
-1.0,1.0,0.0,1.0,-76.0,-20.0,-3.0,1.0,3.0,-1.0,0.0,-6.0,0.0,-26.0,7.0,4.0,-2.0,-10.0,80.0,49.0,-5.0,-390.0,-238.0,-2.0,2.0,3.0,877.0,14.0,184.0,-33.0,-256.0,-70.0,27.0,-12.0,1.0,103.0,-2.0,24.0,-2.0
4.0,-7.0,11.0,-1.0,101.0,58.0,-4.0,7.0,4.0,3.0,12.0,5.0,2.0,-29.0,-2.0,3.0,16.0,12.0,143.0,-74.0,-2.0,131.0,165.0,1.0,1.0,1.0,2343.0,164.0,-980.0,-57.0,-86.0,46.0,3230.0,7.0,-2.0,54.0,0.0,26.0,-2.0
7.0,-9.0,-6.0,0.0,37.0,39.0,4.0,2.0,1.0,-3.0,19.0,-4.0,-1.0,-2.0,8.0,-21.0,-29.0,-15.0,-298.0,-56.0,-4.0,-20.0,-25.0,-1.0,-4.0,-2.0,946.0,4.0,-81.0,655.0,-60.0,2.0,366.0,1.0,1.0,-76.0,-1.0,22.0,-15.0
4.0,-4.0,-7.0,-4.0,55.0,35.0,0.0,0.0,3.0,1.0,10.0,5.0,3.0,11.0,0.0,-1.0,-22.0,9.0,-163.0,-106.0,6.0,-36.0,-24.0,2.0,1.0,3.0,3945.0,43.0,-163.0,671.0,-114.0,25.0,4265.0,10.0,-4.0,18.0,-2.0,35.0,1.0
-17.0,7.0,17.0,0.0,-262.0,-99.0,-7.0,3.0,-3.0,-1.0,-43.0,-9.0,-7.0,-9.0,-1.0,15.0,51.0,70.0,9.0,8.0,3.0,122.0,27.0,2.0,0.0,1.0,-7656.0,-75.0,547.0,-850.0,-108.0,-91.0,-7615.0,-19.0,2.0,-135.0,-1.0,30.0,-14.0
-16.0,16.0,-8.0,3.0,-96.0,-67.0,-9.0,-3.0,-3.0,-1.0,-32.0,-1.0,0.0,-37.0,-9.0,31.0,8.0,-2.0,263.0,65.0,4.0,-7.0,-42.0,0.0,1.0,1.0,-5249.0,-16.0,102.0,-939.0,182.0,-4.0,-4486.0,-6.0,1.0,-10.0,0.0,-20.0,8.0
-3.0,3.0,9.0,3.0,16.0,-1.0,1.0,-6.0,-3.0,0.0,-5.0,0.0,1.0,7.0,-6.0,0.0,-29.0,3.0,22.0,67.0,0.0,232.0,164.0,0.0,-4.0,-4.0,419.0,-35.0,-6.0,90.0,92.0,-2.0,644.0,-3.0,3.0,-64.0,1.0,-40.0,10.0
11.0,-2.0,-28.0,1.0,182.0,62.0,1.0,-3.0,1.0,-1.0,19.0,2.0,0.0,6.0,1.0,-5.0,-51.0,-63.0,-136.0,39.0,5.0,181.0,103.0,-3.0,-1.0,-3.0,4923.0,63.0,-333.0,497.0,-49.0,12.0,5316.0,11.0,0.0,57.0,2.0,-44.0,24.0
1.0,5.0,11.0,1.0,104.0,25.0,3.0,2.0,2.0,0.0,10.0,4.0,1.0,17.0,-4.0,20.0,14.0,-21.0,-7.0,166.0,3.0,-13.0,-115.0,2.0,-1.0,-1.0,27.0,0.0,-17.0,31.0,-27.0,8.0,283.0,12.0,-2.0,123.0,0.0,4.0,5.0
-7.0,7.0,14.0,-1.0,-110.0,-91.0,-4.0,4.0,-3.0,-3.0,-21.0,-2.0,-1.0,11.0,-4.0,9.0,0.0,28.0,-266.0,-10.0,5.0,153.0,129.0,-1.0,2.0,2.0,-5141.0,-190.0,680.0,-476.0,21.0,-59.0,-5618.0,-19.0,1.0,-48.0,0.0,-8.0,-1.0
6.0,-4.0,16.0,0.0,86.0,32.0,-3.0,-2.0,-2.0,0.0,6.0,5.0,2.0,0.0,2.0,2.0,25.0,-37.0,74.0,24.0,4.0,-223.0,-143.0,2.0,1.0,1.0,7251.0,47.0,-252.0,872.0,-92.0,15.0,7109.0,14.0,-6.0,227.0,-1.0,-26.0,19.0
12.0,-8.0,11.0,0.0,187.0,63.0,7.0,-5.0,3.0,2.0,28.0,7.0,4.0,-5.0,4.0,-12.0,13.0,-69.0,125.0,94.0,-7.0,-408.0,-239.0,1.0,0.0,-1.0,3298.0,51.0,-626.0,232.0,105.0,83.0,2923.0,10.0,-2.0,85.0,1.0,-19.0,7.0
-4.0,1.0,16.0,-3.0,62.0,5.0,1.0,10.0,-1.0,-1.0,-3.0,1.0,0.0,11.0,-4.0,-2.0,-8.0,19.0,-188.0,13.0,7.0,271.0,189.0,1.0,3.0,0.0,-4309.0,-14.0,257.0,-738.0,334.0,90.0,-3852.0,2.0,0.0,41.0,3.0,-39.0,-16.0
-1.0,1.0,21.0,3.0,-38.0,-12.0,-7.0,0.0,-2.0,1.0,-10.0,-5.0,-1.0,10.0,0.0,2.0,-12.0,-26.0,-263.0,-168.0,1.0,-47.0,-40.0,-4.0,0.0,1.0,3184.0,-8.0,34.0,590.0,-146.0,-40.0,2238.0,-18.0,0.0,58.0,0.0,39.0,-8.0
-2.0,6.0,-7.0,-2.0,-3.0,-11.0,6.0,-9.0,-1.0,-2.0,-5.0,-3.0,-2.0,6.0,4.0,-4.0,-20.0,-2.0,-60.0,74.0,1.0,-243.0,-238.0,-1.0,-2.0,-1.0,-3127.0,-51.0,-240.0,-607.0,44.0,-6.0,-3229.0,1.0,-1.0,29.0,-1.0,17.0,8.0
-11.0,5.0,7.0,-1.0,-79.0,-44.0,-4.0,5.0,-1.0,1.0,-26.0,0.0,0.0,-29.0,-5.0,20.0,48.0,86.0,-51.0,-198.0,-2.0,583.0,599.0,2.0,3.0,1.0,-4552.0,-21.0,292.0,-959.0,-169.0,-37.0,-4191.0,-17.0,4.0,-77.0,2.0,3.0,0.0
18.0,-16.0,0.0,-2.0,136.0,79.0,4.0,0.0,3.0,1.0,36.0,4.0,-1.0,3.0,7.0,-19.0,-12.0,-56.0,-231.0,-4.0,0.0,-289.0,-150.0,1.0,0.0,2.0,5404.0,52.0,-450.0,1022.0,-122.0,57.0,5397.0,18.0,-5.0,33.0,-2.0,37.0,-10.0
-2.0,2.0,-19.0,3.0,-59.0,3.0,5.0,-4.0,2.0,4.0,0.0,-1.0,-1.0,2.0,-2.0,6.0,-2.0,20.0,104.0,62.0,-6.0,111.0,85.0,0.0,1.0,-1.0,-3315.0,10.0,180.0,-585.0,-53.0,14.0,-3041.0,-7.0,4.0,-103.0,2.0,9.0,-3.0
-13.0,12.0,-28.0,2.0,-214.0,-92.0,-6.0,2.0,-4.0,-3.0,-30.0,-7.0,-6.0,-18.0,-4.0,17.0,31.0,63.0,181.0,40.0,4.0,305.0,203.0,2.0,0.0,0.0,-8764.0,-93.0,769.0,-1155.0,117.0,-66.0,-8105.0,2.0,1.0,-191.0,-1.0,-14.0,-5.0
-5.0,-1.0,30.0,0.0,-80.0,-22.0,-2.0,-7.0,3.0,1.0,-10.0,-3.0,1.0,-22.0,4.0,6.0,11.0,3.0,73.0,112.0,-3.0,-480.0,-310.0,3.0,-1.0,2.0,883.0,-2.0,-64.0,110.0,-281.0,-55.0,244.0,-14.0,0.0,7.0,-3.0,30.0,2.0
1.0,-4.0,-6.0,-4.0,-6.0,7.0,5.0,9.0,3.0,-1.0,7.0,0.0,-1.0,-5.0,6.0,-6.0,19.0,20.0,98.0,73.0,-4.0,-46.0,-64.0,-1.0,3.0,1.0,-2082.0,42.0,-8.0,-428.0,-54.0,0.0,-1965.0,-1.0,2.0,94.0,1.0,-1.0,-5.0
12.0,-12.0,3.0,-5.0,142.0,84.0,7.0,3.0,5.0,3.0,28.0,3.0,1.0,26.0,5.0,-27.0,-2.0,6.0,123.0,-85.0,-3.0,-14.0,-4.0,0.0,-1.0,-1.0,5508.0,145.0,-629.0,473.0,2.0,32.0,5670.0,17.0,-1.0,10.0,0.0,23.0,-8.0
2.0,-4.0,-2.0,2.0,-78.0,-12.0,-1.0,7.0,-2.0,1.0,11.0,-1.0,0.0,12.0,-3.0,-11.0,7.0,-9.0,237.0,-59.0,-5.0,-57.0,10.0,-1.0,1.0,2.0,1937.0,-14.0,818.0,670.0,270.0,16.0,1691.0,9.0,2.0,-75.0,-1.0,-5.0,-34.0
-3.0,2.0,-31.0,1.0,-101.0,-24.0,1.0,-3.0,-1.0,-2.0,-9.0,-3.0,-1.0,3.0,4.0,-4.0,22.0,29.0,19.0,-181.0,-6.0,156.0,10.0,-1.0,-5.0,-3.0,-1445.0,-13.0,-66.0,314.0,-108.0,-73.0,-1850.0,-4.0,2.0,-189.0,-1.0,40.0,3.0
4.0,-9.0,-9.0,-1.0,-51.0,16.0,-5.0,0.0,1.0,0.0,6.0,0.0,4.0,2.0,4.0,-23.0,-62.0,8.0,-117.0,-124.0,2.0,-165.0,-147.0,-2.0,0.0,2.0,5150.0,47.0,-441.0,986.0,-66.0,15.0,4822.0,-7.0,-3.0,-7.0,-2.0,14.0,4.0
11.0,-9.0,14.0,-2.0,229.0,90.0,4.0,-5.0,2.0,-1.0,27.0,9.0,9.0,1.0,7.0,-13.0,-1.0,-56.0,-31.0,-40.0,-1.0,-398.0,-281.0,3.0,-2.0,-1.0,10036.0,93.0,-672.0,1408.0,-39.0,68.0,9266.0,17.0,-6.0,221.0,-1.0,-25.0,22.0
-10.0,12.0,6.0,2.0,-94.0,-55.0,-6.0,-5.0,-2.0,-1.0,-27.0,-4.0,0.0,-17.0,-1.0,20.0,12.0,39.0,-192.0,-116.0,2.0,12.0,23.0,0.0,0.0,1.0,-4784.0,-75.0,-229.0,-882.0,-142.0,-43.0,-5259.0,-17.0,-3.0,20.0,-1.0,44.0,11.0
-8.0,5.0,25.0,1.0,2.0,-16.0,-1.0,5.0,-1.0,-2.0,-8.0,-5.0,1.0,-8.0,-3.0,2.0,-39.0,12.0,-86.0,129.0,2.0,113.0,115.0,-1.0,1.0,-1.0,-3013.0,-35.0,435.0,-681.0,170.0,18.0,-3181.0,-13.0,4.0,80.0,2.0,-55.0,-8.0
-3.0,8.0,11.0,0.0,122.0,18.0,6.0,-6.0,-1.0,1.0,-1.0,5.0,0.0,16.0,-10.0,22.0,11.0,4.0,-24.0,85.0,4.0,361.0,287.0,4.0,-3.0,-3.0,-786.0,-39.0,272.0,-225.0,44.0,8.0,87.0,14.0,2.0,-39.0,1.0,-19.0,7.0
6.0,-1.0,-9.0,1.0,26.0,3.0,6.0,-7.0,-2.0,-1.0,10.0,-4.0,-5.0,10.0,5.0,-17.0,0.0,-73.0,175.0,156.0,-3.0,-405.0,-337.0,-2.0,-2.0,-2.0,-625.0,-26.0,166.0,-58.0,262.0,14.0,-914.0,12.0,1.0,-39.0,0.0,-21.0,-9.0
12.0,-7.0,15.0,2.0,97.0,46.0,-2.0,0.0,2.0,3.0,23.0,7.0,2.0,13.0,-1.0,0.0,-9.0,-63.0,106.0,200.0,3.0,-411.0,-363.0,0.0,2.0,2.0,5690.0,52.0,-664.0,713.0,-41.0,53.0,5871.0,12.0,-7.0,207.0,-1.0,-2.0,13.0
1.0,-4.0,15.0,-2.0,32.0,15.0,1.0,8.0,-2.0,1.0,-3.0,1.0,-2.0,31.0,-1.0,-8.0,9.0,4.0,-245.0,-144.0,2.0,297.0,134.0,-3.0,1.0,-1.0,225.0,20.0,-158.0,195.0,56.0,30.0,246.0,-7.0,1.0,49.0,3.0,14.0,-11.0
3.0,5.0,-29.0,5.0,60.0,13.0,-5.0,-1.0,-3.0,-2.0,9.0,0.0,-1.0,-31.0,-5.0,10.0,-46.0,-68.0,61.0,65.0,2.0,26.0,44.0,-4.0,0.0,0.0,568.0,17.0,-106.0,30.0,177.0,36.0,1338.0,11.0,0.0,55.0,0.0,-29.0,4.0
-4.0,5.0,-2.0,1.0,-20.0,-35.0,-1.0,-5.0,-1.0,-2.0,-18.0,-1.0,0.0,11.0,1.0,12.0,-3.0,-1.0,-320.0,59.0,6.0,169.0,63.0,1.0,0.0,-2.0,-1153.0,-99.0,402.0,-6.0,-228.0,-56.0,-1692.0,-17.0,1.0,-8.0,2.0,-38.0,28.0
-11.0,11.0,9.0,-3.0,-64.0,-74.0,-6.0,4.0,-1.0,-1.0,-25.0,0.0,0.0,0.0,-8.0,13.0,6.0,32.0,120.0,-30.0,6.0,132.0,83.0,-1.0,2.0,2.0,-4882.0,-61.0,153.0,-942.0,205.0,-31.0,-4434.0,-8.0,1.0,-48.0,0.0,-5.0,-1.0
14.0,-12.0,9.0,2.0,76.0,58.0,2.0,-5.0,3.0,0.0,31.0,-2.0,0.0,-16.0,8.0,-15.0,-43.0,-63.0,-129.0,112.0,-5.0,-447.0,-224.0,-1.0,-2.0,1.0,6700.0,31.0,-272.0,1079.0,-286.0,-15.0,6068.0,3.0,-1.0,72.0,-3.0,21.0,-2.0
-11.0,7.0,-2.0,-1.0,-160.0,-67.0,1.0,3.0,-4.0,0.0,-20.0,-4.0,-2.0,-11.0,-4.0,5.0,35.0,75.0,126.0,-183.0,-6.0,283.0,371.0,0.0,2.0,2.0,-5742.0,-86.0,870.0,-896.0,145.0,-27.0,-5729.0,-7.0,5.0,-123.0,0.0,15.0,-26.0
-5.0,2.0,6.0,1.0,-68.0,-30.0,-3.0,7.0,3.0,4.0,-9.0,2.0,0.0,-16.0,-8.0,18.0,14.0,60.0,-19.0,-22.0,-3.0,395.0,379.0,0.0,4.0,2.0,-6113.0,-16.0,-120.0,-1118.0,-118.0,1.0,-5429.0,-19.0,3.0,-97.0,2.0,27.0,-6.0
-3.0,1.0,-16.0,1.0,-17.0,30.0,2.0,-4.0,1.0,1.0,-1.0,1.0,4.0,8.0,1.0,5.0,-16.0,33.0,-52.0,-72.0,0.0,121.0,43.0,2.0,-1.0,-1.0,3423.0,52.0,134.0,591.0,-197.0,-1.0,3302.0,0.0,0.0,33.0,0.0,3.0,12.0
-8.0,7.0,-30.0,0.0,-71.0,-34.0,1.0,-1.0,0.0,-4.0,-9.0,-3.0,1.0,-17.0,1.0,2.0,5.0,44.0,76.0,-24.0,-1.0,130.0,65.0,3.0,-3.0,-2.0,-5979.0,-47.0,349.0,-619.0,170.0,-13.0,-5948.0,5.0,1.0,-197.0,-1.0,-13.0,-2.0
10.0,-11.0,-1.0,-2.0,44.0,37.0,5.0,5.0,2.0,2.0,21.0,1.0,1.0,49.0,3.0,-26.0,2.0,-4.0,40.0,-85.0,-2.0,98.0,69.0,0.0,0.0,-1.0,6292.0,32.0,591.0,1137.0,44.0,-8.0,5669.0,9.0,2.0,-73.0,1.0,-20.0,-14.0
-1.0,-5.0,21.0,-4.0,-20.0,-1.0,0.0,-2.0,3.0,2.0,-5.0,3.0,0.0,-3.0,3.0,2.0,42.0,10.0,-29.0,-4.0,2.0,-322.0,-236.0,5.0,1.0,3.0,-413.0,19.0,-242.0,53.0,-117.0,17.0,-427.0,1.0,-4.0,-32.0,-2.0,46.0,-6.0
6.0,-6.0,-22.0,-2.0,8.0,22.0,7.0,-2.0,1.0,1.0,10.0,5.0,-1.0,10.0,3.0,-8.0,29.0,11.0,206.0,11.0,-6.0,73.0,-15.0,0.0,-2.0,-2.0,1350.0,42.0,-449.0,343.0,-132.0,-20.0,1860.0,9.0,1.0,-50.0,0.0,14.0,13.0
-13.0,9.0,-13.0,1.0,-258.0,-97.0,-8.0,11.0,-3.0,-3.0,-33.0,-12.0,-8.0,-13.0,2.0,13.0,38.0,57.0,16.0,-55.0,1.0,212.0,99.0,-3.0,3.0,2.0,-7662.0,-59.0,795.0,-993.0,-83.0,-106.0,-7832.0,-17.0,3.0,-39.0,0.0,24.0,-18.0
14.0,-17.0,-7.0,-1.0,76.0,77.0,-3.0,0.0,3.0,2.0,28.0,1.0,1.0,-17.0,7.0,-37.0,-46.0,-53.0,201.0,-42.0,-3.0,-439.0,-319.0,-3.0,-1.0,1.0,6868.0,185.0,-1255.0,871.0,110.0,75.0,7138.0,12.0,-4.0,8.0,-2.0,19.0,-7.0
-1.0,4.0,15.0,-1.0,15.0,-9.0,0.0,-4.0,0.0,2.0,-8.0,4.0,0.0,-10.0,-2.0,16.0,19.0,21.0,-5.0,76.0,2.0,-71.0,-2.0,1.0,3.0,2.0,-1989.0,-20.0,-612.0,-853.0,-166.0,10.0,-1549.0,-4.0,-4.0,159.0,0.0,18.0,21.0
-8.0,11.0,-16.0,-1.0,-55.0,-41.0,2.0,-7.0,-2.0,-1.0,-16.0,-3.0,-1.0,18.0,-2.0,1.0,-10.0,-8.0,243.0,54.0,3.0,-152.0,-211.0,-1.0,-1.0,-1.0,-2084.0,-35.0,453.0,-409.0,270.0,-18.0,-2046.0,4.0,2.0,-54.0,0.0,-23.0,2.0
3.0,6.0,-24.0,5.0,10.0,-5.0,-6.0,-1.0,-3.0,-1.0,3.0,-3.0,0.0,1.0,-3.0,4.0,-32.0,-33.0,-91.0,-136.0,2.0,136.0,136.0,-4.0,0.0,0.0,2076.0,-26.0,256.0,285.0,79.0,-15.0,1748.0,3.0,-1.0,2.0,0.0,-5.0,1.0
-3.0,0.0,24.0,2.0,-28.0,-6.0,-1.0,3.0,-2.0,0.0,-8.0,-5.0,-1.0,12.0,0.0,-4.0,-22.0,-3.0,-143.0,-28.0,-3.0,139.0,60.0,-5.0,-1.0,-2.0,1521.0,-1.0,20.0,252.0,-108.0,-42.0,917.0,-22.0,5.0,88.0,2.0,-2.0,-3.0
17.0,-12.0,13.0,0.0,240.0,104.0,5.0,-3.0,6.0,2.0,44.0,11.0,9.0,14.0,4.0,-15.0,-35.0,-82.0,1.0,136.0,-2.0,-586.0,-501.0,1.0,-1.0,0.0,8475.0,98.0,-1084.0,1249.0,12.0,106.0,8028.0,15.0,-7.0,201.0,-1.0,-1.0,16.0
-5.0,8.0,12.0,-1.0,93.0,11.0,2.0,0.0,-2.0,-3.0,-7.0,2.0,1.0,4.0,-1.0,22.0,48.0,5.0,-39.0,-10.0,4.0,175.0,105.0,4.0,-2.0,-2.0,1588.0,-5.0,395.0,190.0,-78.0,-30.0,1521.0,14.0,-1.0,143.0,0.0,-20.0,11.0
4.0,-2.0,18.0,-2.0,88.0,4.0,-1.0,-2.0,-1.0,0.0,6.0,4.0,0.0,10.0,-7.0,-6.0,-35.0,-21.0,-89.0,33.0,6.0,75.0,97.0,0.0,-2.0,0.0,941.0,-44.0,-303.0,170.0,175.0,24.0,1607.0,7.0,-1.0,-79.0,-1.0,-8.0,-1.0
-10.0,8.0,-4.0,0.0,-122.0,-75.0,0.0,5.0,-5.0,-2.0,-27.0,0.0,-1.0,27.0,-4.0,11.0,37.0,59.0,-257.0,-92.0,4.0,468.0,270.0,1.0,2.0,-1.0,-6959.0,-160.0,799.0,-613.0,102.0,-13.0,-7252.0,-14.0,1.0,-72.0,3.0,-24.0,2.0
-2.0,4.0,-1.0,5.0,-15.0,-23.0,-5.0,-3.0,-3.0,-1.0,-6.0,-2.0,-4.0,-45.0,-2.0,13.0,18.0,-67.0,195.0,167.0,-2.0,-260.0,-168.0,-1.0,0.0,0.0,-3790.0,-7.0,-185.0,-588.0,174.0,28.0,-3354.0,2.0,0.0,5.0,0.0,-18.0,-3.0
2.0,-2.0,18.0,-2.0,164.0,45.0,0.0,0.0,3.0,-1.0,6.0,0.0,1.0,-5.0,1.0,-1.0,-48.0,-41.0,-251.0,164.0,9.0,-28.0,-18.0,1.0,1.0,-1.0,1497.0,47.0,-140.0,-131.0,4.0,47.0,1708.0,-1.0,0.0,105.0,2.0,-53.0,10.0
-5.0,6.0,18.0,-4.0,-12.0,-44.0,-2.0,2.0,0.0,-2.0,-14.0,0.0,-1.0,-12.0,-2.0,8.0,-4.0,38.0,-183.0,-10.0,4.0,41.0,56.0,-1.0,1.0,2.0,-5925.0,-77.0,-540.0,-1140.0,-21.0,-19.0,-5617.0,-11.0,-2.0,35.0,-1.0,35.0,5.0
-3.0,4.0,7.0,3.0,-23.0,-14.0,-9.0,-3.0,-4.0,-3.0,-13.0,-3.0,2.0,-7.0,3.0,6.0,18.0,-19.0,-113.0,-168.0,4.0,-140.0,-118.0,1.0,-2.0,0.0,4456.0,-8.0,131.0,843.0,-68.0,-38.0,3399.0,1.0,-5.0,88.0,-2.0,0.0,9.0
-4.0,4.0,7.0,4.0,-55.0,-35.0,0.0,0.0,-3.0,-1.0,-10.0,-5.0,-3.0,-11.0,0.0,1.0,22.0,-9.0,163.0,106.0,-6.0,36.0,24.0,-2.0,-1.0,-3.0,-3945.0,-43.0,163.0,-671.0,114.0,-25.0,-4265.0,-10.0,4.0,-18.0,2.0,-35.0,-1.0
7.0,-7.0,17.0,-1.0,134.0,55.0,0.0,-2.0,2.0,1.0,6.0,0.0,-1.0,15.0,4.0,-7.0,-31.0,-56.0,-308.0,7.0,4.0,-2.0,-73.0,-3.0,-1.0,-2.0,6031.0,81.0,-555.0,802.0,-274.0,-13.0,5806.0,-10.0,1.0,113.0,2.0,0.0,15.0
17.0,-7.0,-17.0,0.0,262.0,99.0,7.0,-3.0,3.0,1.0,43.0,9.0,7.0,9.0,1.0,-15.0,-51.0,-70.0,-9.0,-8.0,-3.0,-122.0,-27.0,-2.0,0.0,-1.0,7656.0,75.0,-547.0,850.0,108.0,91.0,7615.0,19.0,-2.0,135.0,1.0,-30.0,14.0
3.0,0.0,1.0,5.0,38.0,18.0,-7.0,-1.0,0.0,-1.0,10.0,2.0,1.0,-26.0,-2.0,10.0,-30.0,-80.0,71.0,209.0,3.0,-438.0,-430.0,-1.0,-1.0,1.0,1387.0,40.0,-643.0,429.0,81.0,51.0,1751.0,7.0,-5.0,121.0,-2.0,0.0,6.0
-8.0,10.0,27.0,-2.0,108.0,3.0,4.0,5.0,1.0,-1.0,-4.0,0.0,0.0,1.0,-7.0,24.0,1.0,13.0,-132.0,147.0,6.0,242.0,238.0,3.0,2.0,0.0,-4218.0,-39.0,713.0,-996.0,122.0,28.0,-3738.0,4.0,3.0,105.0,2.0,-34.0,-11.0
-4.0,7.0,-11.0,1.0,-101.0,-58.0,4.0,-7.0,-4.0,-3.0,-12.0,-5.0,-2.0,29.0,2.0,-3.0,-16.0,-12.0,-143.0,74.0,2.0,-131.0,-165.0,-1.0,-1.0,-1.0,-2343.0,-164.0,980.0,57.0,86.0,-46.0,-3230.0,-7.0,2.0,-54.0,0.0,-26.0,2.0
1.0,-1.0,0.0,-1.0,76.0,20.0,3.0,-1.0,-3.0,1.0,0.0,6.0,0.0,26.0,-7.0,-4.0,2.0,10.0,-80.0,-49.0,5.0,390.0,238.0,2.0,-2.0,-3.0,-877.0,-14.0,-184.0,33.0,256.0,70.0,-27.0,12.0,-1.0,-103.0,2.0,-24.0,2.0
-7.0,9.0,6.0,0.0,-37.0,-39.0,-4.0,-2.0,-1.0,3.0,-19.0,4.0,1.0,2.0,-8.0,21.0,29.0,15.0,298.0,56.0,4.0,20.0,25.0,1.0,4.0,2.0,-946.0,-4.0,81.0,-655.0,60.0,-2.0,-366.0,-1.0,-1.0,76.0,1.0,-22.0,15.0
-11.0,2.0,28.0,-1.0,-182.0,-62.0,-1.0,3.0,-1.0,1.0,-19.0,-2.0,0.0,-6.0,-1.0,5.0,51.0,63.0,136.0,-39.0,-5.0,-181.0,-103.0,3.0,1.0,3.0,-4923.0,-63.0,333.0,-497.0,49.0,-12.0,-5316.0,-11.0,0.0,-57.0,-2.0,44.0,-24.0
-1.0,-5.0,-11.0,-1.0,-104.0,-25.0,-3.0,-2.0,-2.0,0.0,-10.0,-4.0,-1.0,-17.0,4.0,-20.0,-14.0,21.0,7.0,-166.0,-3.0,13.0,115.0,-2.0,1.0,1.0,-27.0,0.0,17.0,-31.0,27.0,-8.0,-283.0,-12.0,2.0,-123.0,0.0,-4.0,-5.0
16.0,-16.0,8.0,-3.0,96.0,67.0,9.0,3.0,3.0,1.0,32.0,1.0,0.0,37.0,9.0,-31.0,-8.0,2.0,-263.0,-65.0,-4.0,7.0,42.0,0.0,-1.0,-1.0,5249.0,16.0,-102.0,939.0,-182.0,4.0,4486.0,6.0,-1.0,10.0,0.0,20.0,-8.0
-12.0,8.0,-11.0,0.0,-187.0,-63.0,-7.0,5.0,-3.0,-2.0,-28.0,-7.0,-4.0,5.0,-4.0,12.0,-13.0,69.0,-125.0,-94.0,7.0,408.0,239.0,-1.0,0.0,1.0,-3298.0,-51.0,626.0,-232.0,-105.0,-83.0,-2923.0,-10.0,2.0,-85.0,-1.0,19.0,-7.0
1.0,-1.0,-21.0,-3.0,38.0,12.0,7.0,0.0,2.0,-1.0,10.0,5.0,1.0,-10.0,0.0,-2.0,12.0,26.0,263.0,168.0,-1.0,47.0,40.0,4.0,0.0,-1.0,-3184.0,8.0,-34.0,-590.0,146.0,40.0,-2238.0,18.0,0.0,-58.0,0.0,-39.0,8.0
4.0,-1.0,-16.0,3.0,-62.0,-5.0,-1.0,-10.0,1.0,1.0,3.0,-1.0,0.0,-11.0,4.0,2.0,8.0,-19.0,188.0,-13.0,-7.0,-271.0,-189.0,-1.0,-3.0,0.0,4309.0,14.0,-257.0,738.0,-334.0,-90.0,3852.0,-2.0,0.0,-41.0,-3.0,39.0,16.0
3.0,-3.0,-9.0,-3.0,-16.0,1.0,-1.0,6.0,3.0,0.0,5.0,0.0,-1.0,-7.0,6.0,0.0,29.0,-3.0,-22.0,-67.0,0.0,-232.0,-164.0,0.0,4.0,4.0,-419.0,35.0,6.0,-90.0,-92.0,2.0,-644.0,3.0,-3.0,64.0,-1.0,40.0,-10.0
-6.0,4.0,-16.0,0.0,-86.0,-32.0,3.0,2.0,2.0,0.0,-6.0,-5.0,-2.0,0.0,-2.0,-2.0,-25.0,37.0,-74.0,-24.0,-4.0,223.0,143.0,-2.0,-1.0,-1.0,-7251.0,-47.0,252.0,-872.0,92.0,-15.0,-7109.0,-14.0,6.0,-227.0,1.0,26.0,-19.0
7.0,-7.0,-14.0,1.0,110.0,91.0,4.0,-4.0,3.0,3.0,21.0,2.0,1.0,-11.0,4.0,-9.0,0.0,-28.0,266.0,10.0,-5.0,-153.0,-129.0,1.0,-2.0,-2.0,5141.0,190.0,-680.0,476.0,-21.0,59.0,5618.0,19.0,-1.0,48.0,0.0,8.0,1.0
2.0,-6.0,7.0,2.0,3.0,11.0,-6.0,9.0,1.0,2.0,5.0,3.0,2.0,-6.0,-4.0,4.0,20.0,2.0,60.0,-74.0,-1.0,243.0,238.0,1.0,2.0,1.0,3127.0,51.0,240.0,607.0,-44.0,6.0,3229.0,-1.0,1.0,-29.0,1.0,-17.0,-8.0
-8.0,8.0,4.0,4.0,-172.0,-67.0,-7.0,2.0,-4.0,0.0,-16.0,-5.0,0.0,-5.0,-4.0,9.0,19.0,30.0,45.0,-175.0,-3.0,-45.0,33.0,-1.0,1.0,3.0,-2847.0,-89.0,589.0,-212.0,128.0,-27.0,-3568.0,-8.0,-1.0,-55.0,-2.0,39.0,-23.0
-6.0,3.0,1.0,-2.0,-11.0,-14.0,-1.0,-2.0,-4.0,-3.0,-17.0,-2.0,0.0,-13.0,3.0,2.0,34.0,26.0,-32.0,-176.0,1.0,188.0,220.0,2.0,-1.0,-1.0,1561.0,-5.0,412.0,159.0,-51.0,-38.0,1238.0,2.0,1.0,20.0,0.0,-24.0,6.0
-4.0,5.0,-33.0,3.0,-44.0,1.0,3.0,-7.0,0.0,0.0,-3.0,1.0,2.0,-15.0,1.0,10.0,28.0,27.0,254.0,62.0,-3.0,18.0,7.0,5.0,-1.0,-2.0,-2043.0,10.0,277.0,-332.0,25.0,16.0,-1880.0,12.0,-1.0,-73.0,0.0,-30.0,14.0
-12.0,16.0,11.0,-2.0,22.0,-30.0,5.0,-2.0,0.0,-1.0,-21.0,1.0,-1.0,-6.0,-5.0,36.0,42.0,63.0,-118.0,42.0,2.0,327.0,246.0,3.0,0.0,-1.0,-7652.0,-72.0,35.0,-1535.0,-152.0,-35.0,-7137.0,-4.0,1.0,75.0,1.0,24.0,13.0
-10.0,11.0,-25.0,1.0,-138.0,-63.0,-3.0,-5.0,-2.0,1.0,-28.0,1.0,0.0,5.0,-4.0,17.0,51.0,44.0,317.0,-125.0,-2.0,176.0,35.0,0.0,-1.0,-1.0,-2391.0,-17.0,15.0,-341.0,-48.0,-75.0,-2216.0,-5.0,1.0,-113.0,0.0,18.0,18.0
12.0,-2.0,-15.0,2.0,119.0,41.0,0.0,0.0,-1.0,2.0,22.0,5.0,0.0,8.0,-4.0,0.0,-25.0,-51.0,96.0,56.0,2.0,53.0,111.0,-3.0,3.0,1.0,4871.0,29.0,-127.0,314.0,55.0,38.0,5458.0,16.0,-2.0,141.0,1.0,-31.0,11.0
-8.0,5.0,8.0,4.0,-41.0,-26.0,-11.0,4.0,-1.0,0.0,-16.0,2.0,1.0,-55.0,-7.0,30.0,18.0,6.0,20.0,11.0,1.0,145.0,169.0,1.0,2.0,2.0,-3165.0,19.0,-351.0,-530.0,-88.0,14.0,-2440.0,-10.0,-1.0,44.0,0.0,3.0,6.0
4.0,-4.0,-9.0,-4.0,60.0,21.0,2.0,5.0,0.0,1.0,5.0,6.0,-1.0,19.0,-1.0,-4.0,31.0,7.0,-102.0,-116.0,5.0,158.0,74.0,2.0,2.0,1.0,-1296.0,21.0,-178.0,-57.0,164.0,72.0,-671.0,15.0,-4.0,-39.0,1.0,16.0,-8.0
2.0,0.0,9.0,0.0,60.0,2.0,5.0,-5.0,1.0,0.0,6.0,6.0,7.0,14.0,1.0,2.0,-3.0,-8.0,-193.0,12.0,-2.0,-134.0,-67.0,2.0,1.0,0.0,1580.0,-87.0,188.0,347.0,-71.0,23.0,607.0,-9.0,-1.0,70.0,1.0,-24.0,18.0
1.0,-1.0,2.0,-1.0,71.0,34.0,1.0,-6.0,0.0,1.0,5.0,5.0,4.0,18.0,-6.0,-1.0,-51.0,12.0,-141.0,-39.0,6.0,196.0,140.0,2.0,-3.0,-1.0,4364.0,8.0,-169.0,761.0,-22.0,23.0,4909.0,7.0,-1.0,-46.0,-1.0,-5.0,11.0
-2.0,0.0,8.0,-1.0,-40.0,-12.0,5.0,3.0,0.0,0.0,-4.0,-3.0,1.0,34.0,2.0,-12.0,4.0,58.0,-32.0,-61.0,-4.0,296.0,192.0,-1.0,-1.0,-3.0,-155.0,-36.0,348.0,-83.0,-60.0,-53.0,-911.0,-12.0,4.0,-23.0,2.0,-17.0,2.0
1.0,1.0,-3.0,2.0,-42.0,-27.0,3.0,0.0,1.0,3.0,1.0,-2.0,-5.0,-6.0,-3.0,1.0,14.0,-13.0,156.0,134.0,-6.0,-10.0,42.0,-2.0,2.0,0.0,-6738.0,-42.0,46.0,-1176.0,144.0,15.0,-6343.0,-7.0,4.0,-136.0,2.0,6.0,-15.0
6.0,-3.0,2.0,1.0,102.0,40.0,-1.0,-10.0,4.0,0.0,9.0,-1.0,1.0,-16.0,5.0,1.0,-40.0,-60.0,-63.0,151.0,2.0,-299.0,-207.0,0.0,-2.0,-1.0,5806.0,61.0,-397.0,607.0,-330.0,-43.0,5560.0,-3.0,0.0,64.0,-1.0,-14.0,26.0
9.0,-11.0,15.0,1.0,56.0,43.0,-1.0,5.0,0.0,2.0,17.0,-1.0,-1.0,27.0,1.0,-18.0,-24.0,-65.0,-71.0,-52.0,-1.0,-59.0,-63.0,-4.0,0.0,0.0,7968.0,67.0,263.0,1472.0,-4.0,3.0,7497.0,-1.0,3.0,38.0,1.0,-5.0,-19.0
7.0,-10.0,7.0,-2.0,-34.0,-14.0,-7.0,4.0,0.0,-1.0,7.0,-1.0,0.0,-6.0,3.0,-28.0,-46.0,-25.0,-65.0,-52.0,2.0,-286.0,-190.0,-4.0,1.0,3.0,1727.0,-5.0,-575.0,395.0,131.0,16.0,1520.0,-7.0,-3.0,-40.0,-2.0,11.0,-8.0
0.0,-5.0,30.0,0.0,-22.0,5.0,-2.0,0.0,3.0,1.0,1.0,2.0,2.0,5.0,3.0,0.0,16.0,-12.0,10.0,144.0,1.0,-464.0,-474.0,3.0,-1.0,1.0,819.0,23.0,-537.0,399.0,-96.0,15.0,413.0,-4.0,-5.0,66.0,-2.0,29.0,2.0
-8.0,4.0,-15.0,-1.0,-115.0,-39.0,-1.0,8.0,1.0,-4.0,-12.0,-8.0,-1.0,-12.0,7.0,-2.0,12.0,38.0,-89.0,-119.0,-4.0,37.0,-39.0,-2.0,0.0,0.0,-4877.0,-13.0,375.0,-457.0,-30.0,-53.0,-5675.0,-14.0,3.0,-45.0,0.0,25.0,-15.0
2.0,-4.0,-4.0,2.0,-106.0,-19.0,-3.0,5.0,-3.0,-2.0,-2.0,-8.0,-8.0,-3.0,3.0,-6.0,-3.0,4.0,-193.0,8.0,1.0,155.0,113.0,-2.0,-1.0,0.0,-1839.0,-42.0,339.0,119.0,-113.0,-51.0,-1791.0,-2.0,1.0,-70.0,-1.0,21.0,-18.0
12.0,-13.0,-2.0,-5.0,192.0,102.0,8.0,3.0,5.0,2.0,34.0,6.0,0.0,-6.0,3.0,-21.0,-16.0,-29.0,275.0,116.0,-3.0,-124.0,-96.0,0.0,-1.0,-1.0,4000.0,188.0,-991.0,218.0,100.0,83.0,5260.0,25.0,0.0,63.0,0.0,-1.0,-5.0
2.0,0.0,9.0,-2.0,83.0,22.0,5.0,-2.0,0.0,-2.0,12.0,-4.0,-1.0,13.0,2.0,-16.0,-61.0,-52.0,-74.0,179.0,5.0,-328.0,-246.0,-1.0,0.0,0.0,307.0,-18.0,438.0,-68.0,318.0,57.0,170.0,9.0,1.0,59.0,0.0,-41.0,-16.0
-3.0,5.0,11.0,2.0,-83.0,-56.0,-2.0,-2.0,-3.0,1.0,-15.0,2.0,0.0,13.0,-4.0,17.0,23.0,11.0,-88.0,76.0,3.0,41.0,71.0,1.0,4.0,2.0,-1205.0,-133.0,608.0,-189.0,-124.0,-30.0,-1550.0,-12.0,-1.0,76.0,1.0,-25.0,15.0
-16.0,17.0,-3.0,3.0,-146.0,-85.0,-10.0,-3.0,-3.0,0.0,-38.0,-4.0,1.0,-5.0,-7.0,25.0,22.0,33.0,111.0,-136.0,4.0,103.0,50.0,0.0,1.0,1.0,-3741.0,-59.0,464.0,-684.0,84.0,-55.0,-4076.0,-14.0,0.0,-63.0,0.0,4.0,5.0
-2.0,3.0,-14.0,0.0,15.0,-2.0,-2.0,-3.0,-2.0,-4.0,-3.0,2.0,3.0,-17.0,3.0,4.0,30.0,7.0,150.0,0.0,3.0,-93.0,-78.0,5.0,-2.0,-1.0,1272.0,0.0,97.0,253.0,78.0,2.0,1161.0,19.0,-5.0,30.0,-2.0,-39.0,17.0
16.0,-12.0,4.0,-4.0,242.0,98.0,7.0,-5.0,6.0,3.0,38.0,12.0,7.0,6.0,4.0,-13.0,-9.0,-60.0,-38.0,-12.0,-1.0,-444.0,-263.0,3.0,1.0,2.0,7243.0,94.0,-789.0,903.0,-9.0,108.0,7188.0,20.0,-6.0,103.0,-1.0,16.0,8.0
-10.0,10.0,18.0,0.0,25.0,-19.0,-1.0,7.0,1.0,1.0,-16.0,4.0,1.0,-12.0,-9.0,40.0,62.0,65.0,-58.0,-32.0,1.0,570.0,484.0,4.0,2.0,0.0,-4525.0,-21.0,275.0,-928.0,-196.0,-29.0,-3908.0,-5.0,2.0,46.0,2.0,7.0,5.0
9.0,0.0,-46.0,3.0,18.0,17.0,1.0,-3.0,-2.0,0.0,13.0,2.0,-1.0,11.0,0.0,-4.0,-3.0,-22.0,115.0,-125.0,-4.0,209.0,121.0,-4.0,-2.0,-2.0,3426.0,16.0,-193.0,628.0,-53.0,-35.0,3608.0,12.0,0.0,-48.0,0.0,9.0,14.0
-6.0,3.0,0.0,-1.0,-107.0,-26.0,-1.0,5.0,-1.0,0.0,-4.0,0.0,3.0,8.0,-4.0,2.0,-13.0,62.0,2.0,-141.0,-1.0,105.0,109.0,0.0,1.0,3.0,-565.0,-39.0,412.0,121.0,52.0,-4.0,-624.0,-2.0,0.0,-7.0,-2.0,33.0,-17.0
-4.0,3.0,0.0,-1.0,18.0,-7.0,3.0,-8.0,-3.0,1.0,-11.0,1.0,-1.0,-1.0,-6.0,2.0,-3.0,25.0,-17.0,-81.0,1.0,374.0,402.0,2.0,-2.0,-2.0,-813.0,-39.0,289.0,-256.0,71.0,0.0,-196.0,2.0,4.0,-162.0,1.0,-23.0,2.0
-5.0,5.0,-17.0,6.0,-32.0,7.0,-3.0,-7.0,-2.0,0.0,-7.0,-1.0,0.0,-37.0,-1.0,18.0,2.0,-34.0,143.0,95.0,-2.0,-139.0,-125.0,1.0,-1.0,-1.0,-367.0,45.0,-51.0,3.0,-23.0,27.0,-52.0,2.0,0.0,38.0,0.0,-15.0,9.0
-8.0,7.0,0.0,-3.0,-24.0,-28.0,2.0,3.0,-2.0,-1.0,-20.0,2.0,-1.0,4.0,-2.0,10.0,33.0,69.0,-174.0,-92.0,3.0,356.0,197.0,1.0,1.0,-1.0,-7743.0,-47.0,-421.0,-1277.0,60.0,27.0,-7251.0,-6.0,-2.0,11.0,2.0,19.0,8.0
11.0,-12.0,19.0,-2.0,154.0,90.0,1.0,3.0,3.0,3.0,24.0,1.0,-1.0,4.0,3.0,-19.0,-28.0,-55.0,12.0,-52.0,-2.0,-171.0,-136.0,-4.0,-1.0,0.0,7184.0,180.0,-957.0,808.0,-46.0,43.0,7498.0,7.0,0.0,121.0,0.0,38.0,-13.0
-2.0,-1.0,3.0,-1.0,10.0,6.0,6.0,3.0,0.0,-1.0,2.0,0.0,0.0,2.0,0.0,-6.0,-10.0,23.0,120.0,140.0,-4.0,186.0,100.0,-1.0,-1.0,-3.0,-1663.0,7.0,-14.0,-338.0,38.0,-2.0,-1321.0,-4.0,5.0,30.0,2.0,-41.0,5.0
-1.0,-10.0,19.0,-1.0,-126.0,-20.0,-5.0,-2.0,1.0,1.0,-9.0,-2.0,1.0,-12.0,7.0,-20.0,2.0,9.0,17.0,-22.0,-2.0,-451.0,-359.0,1.0,0.0,2.0,792.0,23.0,-520.0,368.0,-69.0,7.0,130.0,-16.0,-3.0,-57.0,-2.0,25.0,-3.0
-1.0,0.0,-13.0,-1.0,63.0,21.0,1.0,-3.0,2.0,-3.0,-3.0,-3.0,0.0,-2.0,5.0,-5.0,-26.0,-12.0,-232.0,-17.0,3.0,128.0,-8.0,0.0,-4.0,-4.0,52.0,34.0,-206.0,183.0,-104.0,-26.0,-142.0,-5.0,2.0,-84.0,1.0,-13.0,13.0
14.0,-12.0,7.0,2.0,81.0,44.0,4.0,0.0,0.0,0.0,26.0,-1.0,-4.0,-8.0,7.0,-18.0,10.0,-65.0,-68.0,102.0,-6.0,-253.0,-126.0,-1.0,-1.0,-1.0,1459.0,9.0,-287.0,351.0,-8.0,32.0,1132.0,8.0,-1.0,15.0,0.0,2.0,-11.0
13.0,-11.0,0.0,3.0,82.0,55.0,-2.0,4.0,2.0,1.0,31.0,3.0,2.0,23.0,1.0,-16.0,-28.0,-84.0,111.0,124.0,1.0,-340.0,-361.0,-1.0,-1.0,0.0,7679.0,72.0,-52.0,1566.0,125.0,43.0,7420.0,16.0,-3.0,48.0,-1.0,-20.0,-8.0
6.0,-1.0,-7.0,1.0,21.0,17.0,4.0,-12.0,1.0,-1.0,15.0,-5.0,-1.0,2.0,6.0,-14.0,-53.0,-71.0,114.0,166.0,-2.0,-599.0,-435.0,-2.0,-3.0,0.0,4616.0,-4.0,181.0,670.0,-16.0,-33.0,4022.0,7.0,1.0,18.0,-3.0,-2.0,0.0
-9.0,7.0,5.0,-1.0,-170.0,-93.0,-9.0,9.0,-4.0,-3.0,-27.0,-8.0,-8.0,-3.0,-5.0,7.0,3.0,36.0,-73.0,-22.0,7.0,287.0,196.0,-3.0,1.0,2.0,-6721.0,-103.0,492.0,-823.0,92.0,-82.0,-6225.0,-10.0,2.0,-118.0,-1.0,16.0,-19.0
3.0,-3.0,-2.0,-3.0,-27.0,-4.0,8.0,3.0,4.0,4.0,7.0,0.0,-1.0,39.0,-1.0,-12.0,-4.0,54.0,-39.0,-33.0,-4.0,250.0,210.0,-1.0,2.0,0.0,-2948.0,-35.0,231.0,-588.0,-30.0,-13.0,-2989.0,-9.0,4.0,-141.0,2.0,24.0,-12.0
-5.0,2.0,16.0,-2.0,-14.0,-15.0,-2.0,11.0,2.0,-2.0,-3.0,-5.0,0.0,-15.0,3.0,2.0,-10.0,9.0,-108.0,62.0,2.0,-119.0,-49.0,-1.0,5.0,3.0,-3432.0,0.0,441.0,-771.0,78.0,20.0,-3825.0,-10.0,1.0,144.0,1.0,-15.0,-18.0
-5.0,6.0,-12.0,6.0,-82.0,-11.0,-4.0,-7.0,-2.0,1.0,-13.0,-4.0,1.0,-5.0,1.0,12.0,16.0,1.0,-9.0,-106.0,-2.0,-29.0,-33.0,1.0,-1.0,-1.0,1141.0,2.0,311.0,258.0,-121.0,-24.0,358.0,-6.0,-1.0,-15.0,0.0,9.0,6.0
19.0,-16.0,9.0,2.0,134.0,85.0,2.0,2.0,3.0,0.0,42.0,3.0,1.0,11.0,7.0,-21.0,-38.0,-78.0,-192.0,144.0,-1.0,-431.0,-388.0,-1.0,-2.0,0.0,6636.0,56.0,-745.0,1368.0,-101.0,55.0,6237.0,13.0,-6.0,131.0,-2.0,20.0,-2.0
-9.0,9.0,-5.0,2.0,-169.0,-88.0,1.0,0.0,-1.0,1.0,-21.0,-3.0,-2.0,13.0,-6.0,15.0,-2.0,48.0,-162.0,52.0,-1.0,264.0,214.0,-1.0,3.0,1.0,-8456.0,-180.0,860.0,-1061.0,-32.0,-45.0,-8659.0,-26.0,5.0,-151.0,2.0,1.0,-4.0
0.0,-5.0,-2.0,3.0,-106.0,-19.0,-5.0,0.0,-2.0,-1.0,-4.0,-5.0,1.0,-9.0,4.0,-22.0,-40.0,-1.0,46.0,-18.0,-4.0,-129.0,-123.0,-4.0,-1.0,-1.0,1205.0,4.0,-278.0,315.0,48.0,-10.0,557.0,-17.0,1.0,-25.0,0.0,-21.0,3.0
-4.0,-2.0,30.0,-1.0,-4.0,-2.0,1.0,-8.0,0.0,2.0,-10.0,3.0,1.0,4.0,-3.0,2.0,13.0,13.0,-7.0,63.0,2.0,-90.0,-72.0,5.0,-3.0,-1.0,6.0,-16.0,-248.0,143.0,-25.0,15.0,217.0,-2.0,-1.0,-96.0,-1.0,6.0,4.0
-4.0,6.0,-16.0,0.0,-86.0,-33.0,1.0,-7.0,-1.0,0.0,-17.0,1.0,-1.0,-7.0,2.0,12.0,41.0,50.0,14.0,-105.0,-4.0,85.0,8.0,0.0,-2.0,-1.0,-3434.0,-33.0,-678.0,-539.0,-274.0,-63.0,-3399.0,-8.0,-2.0,-30.0,-1.0,58.0,24.0
14.0,-12.0,12.0,-5.0,202.0,86.0,12.0,-2.0,6.0,3.0,34.0,9.0,8.0,40.0,6.0,-25.0,-5.0,-2.0,-70.0,-73.0,-5.0,-148.0,-71.0,2.0,0.0,-1.0,7088.0,58.0,-441.0,820.0,-69.0,55.0,6277.0,8.0,-2.0,80.0,1.0,-1.0,10.0
7.0,-3.0,15.0,2.0,39.0,19.0,-2.0,-7.0,2.0,3.0,12.0,2.0,1.0,-14.0,0.0,6.0,-14.0,-48.0,169.0,168.0,-1.0,-427.0,-199.0,0.0,2.0,3.0,5754.0,27.0,-191.0,424.0,-226.0,-17.0,5702.0,2.0,-2.0,148.0,-2.0,-1.0,13.0
1.0,-4.0,17.0,-2.0,27.0,29.0,-1.0,3.0,1.0,1.0,2.0,0.0,2.0,23.0,0.0,-5.0,-44.0,6.0,-306.0,-134.0,3.0,103.0,36.0,-3.0,0.0,1.0,5466.0,42.0,-143.0,923.0,-222.0,-17.0,5182.0,-12.0,1.0,106.0,0.0,33.0,-2.0
0.0,2.0,-9.0,0.0,-81.0,-23.0,5.0,-2.0,-3.0,-1.0,6.0,-4.0,-2.0,18.0,1.0,-15.0,-13.0,-11.0,177.0,15.0,-4.0,-300.0,-228.0,-2.0,-1.0,1.0,-1190.0,-65.0,578.0,63.0,314.0,10.0,-1538.0,10.0,1.0,-46.0,-2.0,12.0,-26.0
-1.0,-1.0,1.0,-2.0,47.0,13.0,-1.0,5.0,-4.0,-3.0,-6.0,3.0,1.0,14.0,2.0,-4.0,39.0,11.0,-95.0,-144.0,5.0,204.0,56.0,2.0,-1.0,-2.0,1497.0,20.0,-61.0,448.0,134.0,32.0,1407.0,12.0,-4.0,79.0,1.0,-25.0,6.0
-9.0,5.0,16.0,-3.0,4.0,-22.0,1.0,3.0,-1.0,-1.0,-14.0,-4.0,-1.0,-16.0,-3.0,4.0,-13.0,34.0,-125.0,-19.0,3.0,255.0,353.0,1.0,3.0,1.0,-4245.0,-39.0,730.0,-1027.0,149.0,20.0,-4021.0,-8.0,5.0,-18.0,2.0,-38.0,-16.0
13.0,-6.0,-30.0,3.0,104.0,50.0,0.0,4.0,-1.0,0.0,30.0,1.0,0.0,18.0,-2.0,-16.0,-44.0,-72.0,101.0,-20.0,0.0,124.0,113.0,-4.0,0.0,-1.0,6860.0,49.0,485.0,1167.0,221.0,28.0,7007.0,20.0,2.0,-18.0,1.0,-49.0,-10.0
0.0,-1.0,-5.0,0.0,50.0,18.0,1.0,0.0,0.0,-1.0,6.0,3.0,-1.0,-32.0,-2.0,6.0,-14.0,-35.0,152.0,201.0,0.0,-110.0,-92.0,0.0,0.0,0.0,-1508.0,43.0,-362.0,-255.0,98.0,51.0,-410.0,8.0,1.0,53.0,0.0,-24.0,3.0
7.0,-5.0,9.0,-5.0,72.0,5.0,-2.0,4.0,2.0,0.0,11.0,4.0,-1.0,3.0,-1.0,-6.0,-6.0,-24.0,-111.0,-34.0,6.0,-157.0,-67.0,0.0,2.0,4.0,522.0,-9.0,-297.0,80.0,83.0,26.0,963.0,10.0,-4.0,-15.0,-2.0,32.0,-11.0
-7.0,2.0,7.0,0.0,-97.0,-37.0,-7.0,13.0,2.0,0.0,-15.0,-1.0,1.0,-28.0,1.0,18.0,51.0,61.0,-34.0,-117.0,-3.0,209.0,197.0,0.0,5.0,3.0,-3739.0,18.0,3.0,-703.0,-240.0,-37.0,-3995.0,-19.0,0.0,85.0,1.0,26.0,-2.0
-6.0,5.0,-11.0,1.0,-80.0,-37.0,-6.0,0.0,-2.0,-2.0,-24.0,-7.0,-7.0,-3.0,0.0,10.0,0.0,7.0,-127.0,47.0,8.0,303.0,130.0,-1.0,-1.0,-2.0,-2733.0,-12.0,214.0,-353.0,-157.0,-79.0,-2299.0,-8.0,2.0,-78.0,1.0,-14.0,10.0
10.0,-8.0,2.0,0.0,127.0,61.0,2.0,0.0,2.0,2.0,22.0,1.0,-3.0,-19.0,3.0,-14.0,16.0,-61.0,318.0,82.0,-5.0,-274.0,-172.0,-1.0,-1.0,-1.0,1718.0,138.0,-814.0,-115.0,176.0,60.0,2316.0,19.0,-1.0,15.0,0.0,5.0,-11.0
-1.0,4.0,6.0,4.0,6.0,-7.0,-5.0,-9.0,-3.0,1.0,-7.0,0.0,1.0,5.0,-6.0,6.0,-19.0,-20.0,-98.0,-73.0,4.0,46.0,64.0,1.0,-3.0,-1.0,2082.0,-42.0,8.0,428.0,54.0,0.0,1965.0,1.0,-2.0,-94.0,-1.0,1.0,5.0
1.0,5.0,-21.0,4.0,20.0,1.0,0.0,2.0,-3.0,-2.0,5.0,-3.0,0.0,3.0,-3.0,-2.0,-42.0,-10.0,29.0,4.0,-2.0,322.0,236.0,-5.0,-1.0,-3.0,413.0,-19.0,242.0,-53.0,117.0,-17.0,427.0,-1.0,4.0,32.0,2.0,-46.0,6.0
5.0,-2.0,-6.0,-1.0,68.0,30.0,3.0,-7.0,-3.0,-4.0,9.0,-2.0,0.0,16.0,8.0,-18.0,-14.0,-60.0,19.0,22.0,3.0,-395.0,-379.0,0.0,-4.0,-2.0,6113.0,16.0,120.0,1118.0,118.0,-1.0,5429.0,19.0,-3.0,97.0,-2.0,-27.0,6.0
13.0,-12.0,28.0,-2.0,214.0,92.0,6.0,-2.0,4.0,3.0,30.0,7.0,6.0,18.0,4.0,-17.0,-31.0,-63.0,-181.0,-40.0,-4.0,-305.0,-203.0,-2.0,0.0,0.0,8764.0,93.0,-769.0,1155.0,-117.0,66.0,8105.0,-2.0,-1.0,191.0,1.0,14.0,5.0
-10.0,11.0,1.0,2.0,-44.0,-37.0,-5.0,-5.0,-2.0,-2.0,-21.0,-1.0,-1.0,-49.0,-3.0,26.0,-2.0,4.0,-40.0,85.0,2.0,-98.0,-69.0,0.0,0.0,1.0,-6292.0,-32.0,-591.0,-1137.0,-44.0,8.0,-5669.0,-9.0,-2.0,73.0,-1.0,20.0,14.0
-14.0,17.0,7.0,1.0,-76.0,-77.0,3.0,0.0,-3.0,-2.0,-28.0,-1.0,-1.0,17.0,-7.0,37.0,46.0,53.0,-201.0,42.0,3.0,439.0,319.0,3.0,1.0,-1.0,-6868.0,-185.0,1255.0,-871.0,-110.0,-75.0,-7138.0,-12.0,4.0,-8.0,2.0,-19.0,7.0
3.0,-1.0,16.0,-1.0,17.0,-30.0,-2.0,4.0,-1.0,-1.0,1.0,-1.0,-4.0,-8.0,-1.0,-5.0,16.0,-33.0,52.0,72.0,0.0,-121.0,-43.0,-2.0,1.0,1.0,-3423.0,-52.0,-134.0,-591.0,197.0,1.0,-3302.0,0.0,0.0,-33.0,0.0,-3.0,-12.0
3.0,-2.0,31.0,-1.0,101.0,24.0,-1.0,3.0,1.0,2.0,9.0,3.0,1.0,-3.0,-4.0,4.0,-22.0,-29.0,-19.0,181.0,6.0,-156.0,-10.0,1.0,5.0,3.0,1445.0,13.0,66.0,-314.0,108.0,73.0,1850.0,4.0,-2.0,189.0,1.0,-40.0,-3.0
-14.0,12.0,-9.0,-2.0,-76.0,-58.0,-2.0,5.0,-3.0,0.0,-31.0,2.0,0.0,16.0,-8.0,15.0,43.0,63.0,129.0,-112.0,5.0,447.0,224.0,1.0,2.0,-1.0,-6700.0,-31.0,272.0,-1079.0,286.0,15.0,-6068.0,-3.0,1.0,-72.0,3.0,-21.0,2.0
11.0,-7.0,2.0,1.0,160.0,67.0,-1.0,-3.0,4.0,0.0,20.0,4.0,2.0,11.0,4.0,-5.0,-35.0,-75.0,-126.0,183.0,6.0,-283.0,-371.0,0.0,-2.0,-2.0,5742.0,86.0,-870.0,896.0,-145.0,27.0,5729.0,7.0,-5.0,123.0,0.0,-15.0,26.0
-11.0,12.0,-4.0,-1.0,7.0,-21.0,5.0,2.0,0.0,-3.0,-13.0,-3.0,-1.0,4.0,-3.0,20.0,23.0,42.0,-113.0,-34.0,0.0,398.0,248.0,2.0,-3.0,-3.0,-5663.0,-52.0,647.0,-682.0,14.0,-45.0,-5588.0,0.0,5.0,-84.0,1.0,6.0,-8.0
5.0,-8.0,-12.0,1.0,-93.0,-11.0,-2.0,0.0,2.0,3.0,7.0,-2.0,-1.0,-4.0,1.0,-22.0,-48.0,-5.0,39.0,10.0,-4.0,-175.0,-105.0,-4.0,2.0,2.0,-1588.0,5.0,-395.0,-190.0,78.0,30.0,-1521.0,-14.0,1.0,-143.0,0.0,20.0,-11.0
10.0,-8.0,4.0,0.0,122.0,75.0,0.0,-5.0,5.0,2.0,27.0,0.0,1.0,-27.0,4.0,-11.0,-37.0,-59.0,257.0,92.0,-4.0,-468.0,-270.0,-1.0,-2.0,1.0,6959.0,160.0,-799.0,613.0,-102.0,13.0,7252.0,14.0,-1.0,72.0,-3.0,24.0,-2.0
3.0,0.0,-24.0,-2.0,28.0,6.0,1.0,-3.0,2.0,0.0,8.0,5.0,1.0,-12.0,0.0,4.0,22.0,3.0,143.0,28.0,3.0,-139.0,-60.0,5.0,1.0,2.0,-1521.0,1.0,-20.0,-252.0,108.0,42.0,-917.0,22.0,-5.0,-88.0,-2.0,2.0,3.0
-3.0,-6.0,24.0,-5.0,-10.0,5.0,6.0,1.0,3.0,1.0,-3.0,3.0,0.0,-1.0,3.0,-4.0,32.0,33.0,91.0,136.0,-2.0,-136.0,-136.0,4.0,0.0,0.0,-2076.0,26.0,-256.0,-285.0,-79.0,15.0,-1748.0,-3.0,1.0,-2.0,0.0,5.0,-1.0
-4.0,2.0,-18.0,2.0,-88.0,-4.0,1.0,2.0,1.0,0.0,-6.0,-4.0,0.0,-10.0,7.0,6.0,35.0,21.0,89.0,-33.0,-6.0,-75.0,-97.0,0.0,2.0,0.0,-941.0,44.0,303.0,-170.0,-175.0,-24.0,-1607.0,-7.0,1.0,79.0,1.0,8.0,1.0
-17.0,12.0,-13.0,0.0,-240.0,-104.0,-5.0,3.0,-6.0,-2.0,-44.0,-11.0,-9.0,-14.0,-4.0,15.0,35.0,82.0,-1.0,-136.0,2.0,586.0,501.0,-1.0,1.0,0.0,-8475.0,-98.0,1084.0,-1249.0,-12.0,-106.0,-8028.0,-15.0,7.0,-201.0,1.0,1.0,-16.0
8.0,-11.0,16.0,1.0,55.0,41.0,-2.0,7.0,2.0,1.0,16.0,3.0,1.0,-18.0,2.0,-1.0,10.0,8.0,-243.0,-54.0,-3.0,152.0,211.0,1.0,1.0,1.0,2084.0,35.0,-453.0,409.0,-270.0,18.0,2046.0,-4.0,-2.0,54.0,0.0,23.0,-2.0
2.0,-4.0,1.0,-5.0,15.0,23.0,5.0,3.0,3.0,1.0,6.0,2.0,4.0,45.0,2.0,-13.0,-18.0,67.0,-195.0,-167.0,2.0,260.0,168.0,1.0,0.0,0.0,3790.0,7.0,185.0,588.0,-174.0,-28.0,3354.0,-2.0,0.0,-5.0,0.0,18.0,3.0
1.0,-4.0,-15.0,1.0,-15.0,9.0,0.0,4.0,0.0,-2.0,8.0,-4.0,0.0,10.0,2.0,-16.0,-19.0,-21.0,5.0,-76.0,-2.0,71.0,2.0,-1.0,-3.0,-2.0,1989.0,20.0,612.0,853.0,166.0,-10.0,1549.0,4.0,4.0,-159.0,0.0,-18.0,-21.0
-2.0,2.0,-18.0,2.0,-164.0,-45.0,0.0,0.0,-3.0,1.0,-6.0,0.0,-1.0,5.0,-1.0,1.0,48.0,41.0,251.0,-164.0,-9.0,28.0,18.0,-1.0,-1.0,1.0,-1497.0,-47.0,140.0,131.0,-4.0,-47.0,-1708.0,1.0,0.0,-105.0,-2.0,53.0,-10.0
13.0,-9.0,13.0,-1.0,258.0,97.0,8.0,-11.0,3.0,3.0,33.0,12.0,8.0,13.0,-2.0,-13.0,-38.0,-57.0,-16.0,55.0,-1.0,-212.0,-99.0,3.0,-3.0,-2.0,7662.0,59.0,-795.0,993.0,83.0,106.0,7832.0,17.0,-3.0,39.0,0.0,-24.0,18.0
-6.0,6.0,22.0,2.0,-8.0,-22.0,-7.0,2.0,-1.0,-1.0,-10.0,-5.0,1.0,-10.0,-3.0,8.0,-29.0,-11.0,-206.0,-11.0,6.0,-73.0,15.0,0.0,2.0,2.0,-1350.0,-42.0,449.0,-343.0,132.0,20.0,-1860.0,-9.0,-1.0,50.0,0.0,-14.0,-13.0
-12.0,12.0,-3.0,5.0,-142.0,-84.0,-7.0,-3.0,-5.0,-3.0,-28.0,-3.0,-1.0,-26.0,-5.0,27.0,2.0,-6.0,-123.0,85.0,3.0,14.0,4.0,0.0,1.0,1.0,-5508.0,-145.0,629.0,-473.0,-2.0,-32.0,-5670.0,-17.0,1.0,-10.0,0.0,-23.0,8.0
11.0,-5.0,-7.0,1.0,79.0,44.0,4.0,-5.0,1.0,-1.0,26.0,0.0,0.0,29.0,5.0,-20.0,-48.0,-86.0,51.0,198.0,2.0,-583.0,-599.0,-2.0,-3.0,-1.0,4552.0,21.0,-292.0,959.0,169.0,37.0,4191.0,17.0,-4.0,77.0,-2.0,-3.0,0.0
2.0,-2.0,19.0,-3.0,59.0,-3.0,-5.0,4.0,-2.0,-4.0,0.0,1.0,1.0,-2.0,2.0,-6.0,2.0,-20.0,-104.0,-62.0,6.0,-111.0,-85.0,0.0,-1.0,1.0,3315.0,-10.0,-180.0,585.0,53.0,-14.0,3041.0,7.0,-4.0,103.0,-2.0,-9.0,3.0
8.0,-7.0,30.0,0.0,71.0,34.0,-1.0,1.0,0.0,4.0,9.0,3.0,-1.0,17.0,-1.0,-2.0,-5.0,-44.0,-76.0,24.0,1.0,-130.0,-65.0,-3.0,3.0,2.0,5979.0,47.0,-349.0,619.0,-170.0,13.0,5948.0,-5.0,-1.0,197.0,1.0,13.0,2.0
5.0,1.0,-30.0,0.0,80.0,22.0,2.0,7.0,-3.0,-1.0,10.0,3.0,-1.0,22.0,-4.0,-6.0,-11.0,-3.0,-73.0,-112.0,3.0,480.0,310.0,-3.0,1.0,-2.0,-883.0,2.0,64.0,-110.0,281.0,55.0,-244.0,14.0,0.0,-7.0,3.0,-30.0,-2.0
-2.0,4.0,2.0,-2.0,78.0,12.0,1.0,-7.0,2.0,-1.0,-11.0,1.0,0.0,-12.0,3.0,11.0,-7.0,9.0,-237.0,59.0,5.0,57.0,-10.0,1.0,-1.0,-2.0,-1937.0,14.0,-818.0,-670.0,-270.0,-16.0,-1691.0,-9.0,-2.0,75.0,1.0,5.0,34.0
-18.0,16.0,0.0,2.0,-136.0,-79.0,-4.0,0.0,-3.0,-1.0,-36.0,-4.0,1.0,-3.0,-7.0,19.0,12.0,56.0,231.0,4.0,0.0,289.0,150.0,-1.0,0.0,-2.0,-5404.0,-52.0,450.0,-1022.0,122.0,-57.0,-5397.0,-18.0,5.0,-33.0,2.0,-37.0,10.0
-4.0,9.0,9.0,1.0,51.0,-16.0,5.0,0.0,-1.0,0.0,-6.0,0.0,-4.0,-2.0,-4.0,23.0,62.0,-8.0,117.0,124.0,-2.0,165.0,147.0,2.0,0.0,-2.0,-5150.0,-47.0,441.0,-986.0,66.0,-15.0,-4822.0,7.0,3.0,7.0,2.0,-14.0,-4.0
4.0,-5.0,2.0,-1.0,20.0,35.0,1.0,5.0,1.0,2.0,18.0,1.0,0.0,-11.0,-1.0,-12.0,3.0,1.0,320.0,-59.0,-6.0,-169.0,-63.0,-1.0,0.0,2.0,1153.0,99.0,-402.0,6.0,228.0,56.0,1692.0,17.0,-1.0,8.0,-2.0,38.0,-28.0
-6.0,1.0,9.0,-1.0,-26.0,-3.0,-6.0,7.0,2.0,1.0,-10.0,4.0,5.0,-10.0,-5.0,17.0,0.0,73.0,-175.0,-156.0,3.0,405.0,337.0,2.0,2.0,2.0,625.0,26.0,-166.0,58.0,-262.0,-14.0,914.0,-12.0,-1.0,39.0,0.0,21.0,9.0
-1.0,4.0,-15.0,2.0,-32.0,-15.0,-1.0,-8.0,2.0,-1.0,3.0,-1.0,2.0,-31.0,1.0,8.0,-9.0,-4.0,245.0,144.0,-2.0,-297.0,-134.0,3.0,-1.0,1.0,-225.0,-20.0,158.0,-195.0,-56.0,-30.0,-246.0,7.0,-1.0,-49.0,-3.0,-14.0,11.0
10.0,-12.0,-6.0,-2.0,94.0,55.0,6.0,5.0,2.0,1.0,27.0,4.0,0.0,17.0,1.0,-20.0,-12.0,-39.0,192.0,116.0,-2.0,-12.0,-23.0,0.0,0.0,-1.0,4784.0,75.0,229.0,882.0,142.0,43.0,5259.0,17.0,3.0,-20.0,1.0,-44.0,-11.0
8.0,-5.0,-25.0,-1.0,-2.0,16.0,1.0,-5.0,1.0,2.0,8.0,5.0,-1.0,8.0,3.0,-2.0,39.0,-12.0,86.0,-129.0,-2.0,-113.0,-115.0,1.0,-1.0,1.0,3013.0,35.0,-435.0,681.0,-170.0,-18.0,3181.0,13.0,-4.0,-80.0,-2.0,55.0,8.0
3.0,-8.0,-11.0,0.0,-122.0,-18.0,-6.0,6.0,1.0,-1.0,1.0,-5.0,0.0,-16.0,10.0,-22.0,-11.0,-4.0,24.0,-85.0,-4.0,-361.0,-287.0,-4.0,3.0,3.0,786.0,39.0,-272.0,225.0,-44.0,-8.0,-87.0,-14.0,-2.0,39.0,-1.0,19.0,-7.0
11.0,-11.0,-9.0,3.0,64.0,74.0,6.0,-4.0,1.0,1.0,25.0,0.0,0.0,0.0,8.0,-13.0,-6.0,-32.0,-120.0,30.0,-6.0,-132.0,-83.0,1.0,-2.0,-2.0,4882.0,61.0,-153.0,942.0,-205.0,31.0,4434.0,8.0,-1.0,48.0,0.0,5.0,1.0
-12.0,7.0,-15.0,-2.0,-97.0,-46.0,2.0,0.0,-2.0,-3.0,-23.0,-7.0,-2.0,-13.0,1.0,0.0,9.0,63.0,-106.0,-200.0,-3.0,411.0,363.0,0.0,-2.0,-2.0,-5690.0,-52.0,664.0,-713.0,41.0,-53.0,-5871.0,-12.0,7.0,-207.0,1.0,2.0,-13.0
-3.0,-5.0,29.0,-5.0,-60.0,-13.0,5.0,1.0,3.0,2.0,-9.0,0.0,1.0,31.0,5.0,-10.0,46.0,68.0,-61.0,-65.0,-2.0,-26.0,-44.0,4.0,0.0,0.0,-568.0,-17.0,106.0,-30.0,-177.0,-36.0,-1338.0,-11.0,0.0,-55.0,0.0,29.0,-4.0
-11.0,9.0,-14.0,2.0,-229.0,-90.0,-4.0,5.0,-2.0,1.0,-27.0,-9.0,-9.0,-1.0,-7.0,13.0,1.0,56.0,31.0,40.0,1.0,398.0,281.0,-3.0,2.0,1.0,-10036.0,-93.0,672.0,-1408.0,39.0,-68.0,-9266.0,-17.0,6.0,-221.0,1.0,25.0,-22.0
2.0,-4.0,-5.0,4.0,-116.0,-25.0,-11.0,-3.0,-2.0,0.0,-6.0,-5.0,1.0,-11.0,4.0,-16.0,-30.0,-24.0,-74.0,-158.0,0.0,-315.0,-223.0,-3.0,0.0,2.0,2868.0,-3.0,-264.0,653.0,10.0,-8.0,1878.0,-13.0,-4.0,-55.0,-2.0,20.0,-2.0
4.0,-1.0,-18.0,3.0,-57.0,-19.0,1.0,-5.0,-2.0,1.0,-2.0,0.0,-4.0,-3.0,3.0,-1.0,61.0,-21.0,249.0,-23.0,-8.0,-77.0,-91.0,-1.0,-2.0,-2.0,-932.0,-8.0,-272.0,10.0,-56.0,-43.0,-1084.0,3.0,0.0,-98.0,0.0,20.0,7.0
10.0,-5.0,-16.0,-3.0,81.0,38.0,6.0,-7.0,1.0,0.0,20.0,1.0,-2.0,21.0,5.0,-18.0,-22.0,-64.0,12.0,50.0,3.0,-441.0,-361.0,0.0,-1.0,1.0,3320.0,17.0,3.0,613.0,148.0,39.0,3351.0,22.0,-3.0,-21.0,-2.0,14.0,-8.0
-6.0,-2.0,31.0,-2.0,-33.0,-9.0,-3.0,-2.0,-1.0,-2.0,-16.0,0.0,2.0,-8.0,6.0,2.0,50.0,14.0,-22.0,-32.0,2.0,-276.0,-254.0,5.0,-2.0,0.0,2380.0,18.0,-125.0,558.0,-147.0,-23.0,1651.0,-2.0,-4.0,86.0,-2.0,5.0,8.0
9.0,-8.0,9.0,-3.0,109.0,46.0,6.0,1.0,2.0,3.0,19.0,8.0,0.0,7.0,-1.0,-4.0,7.0,-18.0,187.0,192.0,0.0,-83.0,-25.0,1.0,3.0,1.0,2795.0,55.0,-383.0,29.0,-24.0,53.0,3710.0,13.0,-1.0,139.0,1.0,-26.0,10.0
0.0,-3.0,15.0,-1.0,-44.0,-5.0,-2.0,9.0,1.0,0.0,-3.0,-5.0,-2.0,5.0,6.0,-4.0,7.0,-6.0,-165.0,-95.0,-3.0,-93.0,-104.0,-5.0,3.0,2.0,1102.0,34.0,26.0,162.0,-200.0,-40.0,273.0,-19.0,2.0,152.0,1.0,38.0,-13.0
-3.0,1.0,-18.0,1.0,-12.0,16.0,4.0,1.0,-2.0,1.0,-6.0,2.0,0.0,16.0,0.0,2.0,37.0,31.0,9.0,-82.0,-1.0,315.0,141.0,2.0,0.0,-3.0,-1818.0,30.0,119.0,-137.0,81.0,46.0,-1634.0,5.0,0.0,-24.0,3.0,-16.0,3.0
-15.0,12.0,-4.0,0.0,-180.0,-102.0,0.0,-2.0,-5.0,-2.0,-38.0,-5.0,-2.0,0.0,-3.0,17.0,32.0,74.0,-194.0,-124.0,0.0,452.0,434.0,1.0,2.0,0.0,-6895.0,-185.0,1272.0,-902.0,-83.0,-83.0,-7421.0,-24.0,6.0,-131.0,2.0,-23.0,2.0
-18.0,21.0,2.0,-1.0,-30.0,-60.0,1.0,0.0,-1.0,0.0,-32.0,1.0,0.0,6.0,-11.0,41.0,52.0,57.0,185.0,22.0,4.0,418.0,273.0,3.0,1.0,-1.0,-6609.0,-56.0,728.0,-1337.0,74.0,-47.0,-5954.0,-1.0,4.0,-8.0,2.0,-16.0,7.0
-4.0,1.0,-13.0,3.0,-158.0,-49.0,-7.0,7.0,-4.0,-1.0,-13.0,-8.0,-7.0,9.0,-3.0,-1.0,7.0,-2.0,110.0,-12.0,3.0,246.0,140.0,-2.0,0.0,0.0,-796.0,-26.0,1032.0,317.0,113.0,-63.0,-608.0,1.0,4.0,-153.0,0.0,-19.0,-24.0
8.0,-7.0,1.0,-4.0,122.0,49.0,6.0,-2.0,4.0,1.0,10.0,2.0,1.0,37.0,6.0,-15.0,-5.0,5.0,-197.0,-26.0,3.0,155.0,59.0,1.0,-1.0,-3.0,4355.0,46.0,-227.0,467.0,-226.0,-24.0,3978.0,0.0,0.0,2.0,2.0,-15.0,20.0
2.0,0.0,-1.0,1.0,29.0,7.0,4.0,-6.0,1.0,4.0,6.0,3.0,-1.0,12.0,-9.0,0.0,-37.0,-1.0,15.0,95.0,0.0,186.0,182.0,0.0,-1.0,-1.0,-2374.0,-34.0,-123.0,-415.0,122.0,38.0,-1434.0,0.0,3.0,-182.0,1.0,1.0,-4.0
5.0,-4.0,2.0,0.0,53.0,41.0,-2.0,2.0,3.0,0.0,16.0,4.0,5.0,19.0,0.0,-3.0,-48.0,-13.0,-124.0,42.0,5.0,-178.0,-262.0,0.0,-1.0,1.0,5177.0,47.0,-458.0,1017.0,-93.0,23.0,5105.0,5.0,-5.0,116.0,-2.0,18.0,9.0
-5.0,5.0,1.0,-1.0,30.0,-10.0,0.0,2.0,1.0,-2.0,0.0,0.0,2.0,-20.0,-3.0,6.0,-17.0,15.0,57.0,157.0,5.0,-26.0,55.0,4.0,2.0,1.0,-4534.0,-34.0,415.0,-933.0,278.0,60.0,-4098.0,9.0,-1.0,-8.0,0.0,-53.0,-5.0
-3.0,0.0,25.0,-2.0,-9.0,-33.0,-8.0,11.0,1.0,0.0,-9.0,3.0,1.0,-18.0,-6.0,12.0,16.0,40.0,-123.0,-84.0,3.0,284.0,294.0,0.0,3.0,3.0,-2798.0,-26.0,-300.0,-533.0,-65.0,-13.0,-2388.0,-12.0,-1.0,6.0,0.0,18.0,-3.0
6.0,-5.0,9.0,-1.0,52.0,30.0,4.0,-2.0,1.0,-1.0,11.0,0.0,-1.0,-12.0,6.0,-5.0,-10.0,6.0,-303.0,20.0,-2.0,-91.0,-27.0,0.0,-1.0,0.0,-1043.0,-16.0,-693.0,-198.0,-226.0,12.0,-1183.0,-3.0,-3.0,83.0,-1.0,40.0,6.0
12.0,-8.0,13.0,0.0,182.0,77.0,5.0,-10.0,6.0,2.0,33.0,6.0,8.0,-13.0,5.0,-9.0,-40.0,-67.0,64.0,104.0,-6.0,-602.0,-337.0,1.0,-1.0,1.0,8539.0,73.0,-611.0,960.0,-173.0,36.0,7859.0,5.0,-2.0,142.0,-2.0,0.0,16.0
-9.0,7.0,-14.0,3.0,-59.0,-28.0,-5.0,-1.0,-2.0,-4.0,-13.0,-5.0,-1.0,-39.0,-1.0,10.0,-21.0,-17.0,-35.0,9.0,0.0,-27.0,-67.0,-1.0,-3.0,-1.0,-4303.0,-12.0,21.0,-284.0,122.0,-2.0,-4120.0,-5.0,2.0,-86.0,-1.0,2.0,-7.0
-1.0,2.0,-22.0,-1.0,-18.0,-2.0,6.0,-5.0,-1.0,-4.0,3.0,-7.0,-2.0,16.0,6.0,-20.0,-39.0,-23.0,-55.0,-2.0,-1.0,-172.0,-236.0,-2.0,-5.0,-3.0,-1138.0,-31.0,372.0,246.0,210.0,-16.0,-1680.0,5.0,3.0,-130.0,-1.0,-1.0,-13.0
-4.0,0.0,15.0,-2.0,-26.0,-12.0,1.0,1.0,-2.0,1.0,-14.0,-4.0,-3.0,4.0,0.0,-2.0,4.0,19.0,-182.0,-176.0,-2.0,281.0,298.0,-3.0,1.0,0.0,289.0,-5.0,315.0,-94.0,-129.0,-40.0,77.0,-17.0,6.0,-10.0,2.0,15.0,-11.0
5.0,-3.0,-10.0,-2.0,13.0,8.0,3.0,0.0,4.0,4.0,11.0,3.0,-2.0,5.0,-3.0,0.0,-8.0,-4.0,-7.0,28.0,0.0,-46.0,18.0,0.0,3.0,3.0,-2793.0,1.0,-117.0,-505.0,30.0,40.0,-2078.0,3.0,0.0,-118.0,0.0,41.0,-14.0
-6.0,5.0,17.0,2.0,42.0,-4.0,-6.0,2.0,-1.0,-2.0,-4.0,-2.0,0.0,-42.0,-5.0,14.0,-43.0,-46.0,-54.0,190.0,6.0,-183.0,-77.0,0.0,2.0,2.0,-2858.0,1.0,87.0,-598.0,230.0,71.0,-2270.0,-1.0,0.0,103.0,0.0,-38.0,-10.0
-4.0,9.0,11.0,1.0,46.0,-2.0,3.0,-5.0,2.0,0.0,-1.0,-1.0,0.0,-10.0,-3.0,26.0,9.0,-6.0,56.0,134.0,-1.0,-29.0,49.0,2.0,-1.0,0.0,91.0,-25.0,456.0,-258.0,-212.0,-62.0,114.0,2.0,3.0,64.0,-1.0,5.0,5.0
8.0,0.0,-12.0,-1.0,92.0,6.0,-2.0,6.0,-1.0,-2.0,16.0,1.0,-1.0,6.0,-4.0,-8.0,-48.0,-34.0,-82.0,-30.0,4.0,165.0,169.0,-5.0,1.0,1.0,935.0,-28.0,-55.0,27.0,200.0,9.0,1390.0,9.0,0.0,17.0,0.0,-14.0,-5.0
-7.0,4.0,-2.0,0.0,-178.0,-60.0,-2.0,11.0,-1.0,-1.0,-9.0,-5.0,-1.0,-10.0,2.0,3.0,38.0,50.0,143.0,-102.0,-7.0,-91.0,-31.0,-2.0,4.0,4.0,-4929.0,-47.0,581.0,-640.0,74.0,-27.0,-5533.0,-9.0,1.0,39.0,-1.0,38.0,-28.0
14.0,-13.0,7.0,-5.0,252.0,104.0,13.0,-2.0,6.0,2.0,40.0,12.0,7.0,8.0,4.0,-19.0,-19.0,-37.0,82.0,128.0,-5.0,-258.0,-163.0,2.0,0.0,-1.0,5580.0,101.0,-803.0,565.0,29.0,106.0,5867.0,16.0,-1.0,133.0,1.0,-25.0,13.0
-8.0,7.0,2.0,-3.0,-29.0,-14.0,0.0,-2.0,1.0,-1.0,-15.0,1.0,3.0,-4.0,-1.0,13.0,-20.0,71.0,-235.0,-82.0,4.0,162.0,99.0,1.0,0.0,1.0,-2502.0,-25.0,-406.0,-549.0,-218.0,-20.0,-2315.0,-11.0,-2.0,68.0,-1.0,38.0,17.0
-4.0,4.0,-5.0,-2.0,46.0,17.0,-2.0,0.0,2.0,2.0,-4.0,2.0,1.0,-11.0,-4.0,4.0,6.0,4.0,386.0,-20.0,1.0,-21.0,-46.0,0.0,0.0,0.0,259.0,129.0,-527.0,-466.0,184.0,28.0,1184.0,11.0,0.0,0.0,0.0,3.0,0.0
-10.0,7.0,7.0,3.0,-162.0,-61.0,-1.0,5.0,-4.0,-1.0,-14.0,-5.0,0.0,-3.0,-4.0,3.0,9.0,53.0,165.0,-35.0,-7.0,141.0,133.0,-2.0,0.0,0.0,-4510.0,-82.0,575.0,-550.0,166.0,-29.0,-4889.0,-12.0,4.0,-25.0,0.0,-2.0,-18.0
-15.0,16.0,-24.0,0.0,-108.0,-73.0,-3.0,-3.0,-1.0,-1.0,-28.0,1.0,2.0,-15.0,-7.0,23.0,34.0,59.0,374.0,32.0,3.0,150.0,90.0,4.0,1.0,0.0,-6925.0,-51.0,430.0,-1274.0,230.0,-15.0,-6314.0,4.0,0.0,-121.0,0.0,-35.0,13.0
1.0,0.0,-16.0,-3.0,-12.0,-6.0,6.0,0.0,2.0,0.0,4.0,2.0,2.0,22.0,2.0,-8.0,26.0,61.0,111.0,-33.0,-1.0,157.0,132.0,4.0,0.0,-1.0,-1676.0,-35.0,328.0,-335.0,48.0,-11.0,-1828.0,10.0,-1.0,-111.0,0.0,-15.0,5.0
-2.0,5.0,4.0,5.0,-65.0,-41.0,-6.0,-3.0,-3.0,0.0,-12.0,-5.0,-3.0,-13.0,0.0,7.0,32.0,-32.0,43.0,-34.0,-2.0,-150.0,-76.0,-1.0,0.0,0.0,-2282.0,-50.0,177.0,-333.0,76.0,-23.0,-2944.0,-6.0,-1.0,-48.0,0.0,6.0,-6.0
10.0,-12.0,-9.0,0.0,56.0,42.0,-4.0,-5.0,2.0,0.0,10.0,0.0,1.0,-6.0,8.0,-25.0,-49.0,-54.0,-119.0,17.0,3.0,-270.0,-256.0,-2.0,-1.0,-1.0,5715.0,86.0,-853.0,865.0,-118.0,19.0,5446.0,-5.0,-3.0,0.0,0.0,-19.0,21.0
-11.0,0.0,37.0,-1.0,-101.0,-39.0,-6.0,5.0,2.0,2.0,-25.0,2.0,2.0,-24.0,-2.0,20.0,64.0,74.0,-41.0,-54.0,-1.0,119.0,125.0,5.0,2.0,2.0,-3733.0,2.0,-245.0,-560.0,-265.0,-22.0,-3778.0,-21.0,-1.0,-11.0,0.0,32.0,2.0
1.0,0.0,-34.0,4.0,-74.0,11.0,3.0,-9.0,-1.0,2.0,-3.0,1.0,0.0,5.0,4.0,4.0,45.0,12.0,197.0,-95.0,-8.0,44.0,-48.0,1.0,-3.0,-3.0,2491.0,44.0,-138.0,601.0,-253.0,-44.0,2218.0,3.0,0.0,-65.0,0.0,23.0,19.0
5.0,-4.0,0.0,0.0,58.0,27.0,0.0,7.0,0.0,0.0,11.0,5.0,1.0,27.0,-1.0,-6.0,5.0,-15.0,-63.0,32.0,4.0,16.0,-164.0,0.0,0.0,-1.0,-64.0,25.0,-473.0,289.0,185.0,70.0,169.0,10.0,-5.0,59.0,1.0,-1.0,0.0
9.0,-8.0,0.0,2.0,100.0,48.0,1.0,-4.0,-1.0,2.0,20.0,4.0,1.0,22.0,-5.0,-14.0,-31.0,-59.0,94.0,43.0,2.0,34.0,41.0,1.0,-3.0,-2.0,6866.0,33.0,237.0,1310.0,196.0,43.0,7224.0,18.0,1.0,-114.0,0.0,-43.0,-6.0
13.0,-13.0,10.0,0.0,123.0,71.0,1.0,0.0,-1.0,-3.0,25.0,1.0,1.0,-2.0,10.0,-19.0,-4.0,-52.0,-224.0,-32.0,0.0,-243.0,-168.0,1.0,-3.0,-1.0,8197.0,51.0,-333.0,1527.0,-152.0,17.0,7475.0,15.0,-5.0,151.0,-2.0,-4.0,4.0
-5.0,5.0,2.0,2.0,-143.0,-58.0,-7.0,3.0,-4.0,1.0,-21.0,-4.0,-7.0,-1.0,-5.0,15.0,26.0,19.0,105.0,64.0,5.0,175.0,138.0,-1.0,3.0,2.0,-2785.0,-46.0,420.0,-536.0,-53.0,-53.0,-2157.0,-3.0,0.0,6.0,0.0,-1.0,-3.0
-14.0,12.0,5.0,4.0,-182.0,-96.0,-2.0,0.0,-5.0,-3.0,-32.0,-6.0,0.0,8.0,-3.0,15.0,6.0,52.0,-155.0,24.0,-1.0,310.0,196.0,-1.0,0.0,-2.0,-5663.0,-181.0,977.0,-556.0,-62.0,-85.0,-6581.0,-29.0,5.0,-33.0,2.0,-40.0,10.0
5.0,1.0,-28.0,0.0,75.0,36.0,0.0,2.0,0.0,-1.0,15.0,2.0,3.0,14.0,-3.0,-3.0,-64.0,-1.0,-134.0,-102.0,4.0,286.0,212.0,-3.0,0.0,0.0,4358.0,24.0,79.0,618.0,3.0,8.0,4692.0,9.0,0.0,50.0,0.0,-11.0,7.0
-2.0,5.0,6.0,5.0,-70.0,-27.0,-8.0,-8.0,0.0,0.0,-7.0,-6.0,1.0,-21.0,1.0,10.0,-21.0,-30.0,-18.0,-24.0,-1.0,-344.0,-174.0,-1.0,-1.0,2.0,2959.0,-28.0,192.0,395.0,-202.0,-70.0,1992.0,-11.0,-1.0,9.0,-3.0,25.0,3.0
1.0,0.0,9.0,4.0,-2.0,6.0,-2.0,2.0,0.0,-1.0,6.0,-1.0,2.0,8.0,0.0,-2.0,-26.0,-22.0,39.0,148.0,-1.0,-142.0,-238.0,-2.0,-2.0,-2.0,1232.0,4.0,-295.0,346.0,21.0,-2.0,840.0,-5.0,-1.0,98.0,0.0,-17.0,8.0
-7.0,5.0,-8.0,1.0,-53.0,-32.0,-5.0,4.0,1.0,0.0,-12.0,4.0,3.0,-33.0,-5.0,22.0,44.0,67.0,131.0,-22.0,0.0,302.0,301.0,5.0,2.0,1.0,-4841.0,-16.0,-23.0,-865.0,-40.0,3.0,-4268.0,0.0,-2.0,-67.0,0.0,-12.0,11.0
-1.0,3.0,1.0,4.0,56.0,11.0,-4.0,-9.0,-3.0,0.0,-1.0,3.0,0.0,-27.0,-8.0,12.0,-33.0,-55.0,54.0,128.0,4.0,-64.0,-28.0,1.0,-3.0,-1.0,574.0,1.0,-354.0,173.0,152.0,51.0,1555.0,9.0,-1.0,-41.0,-1.0,-23.0,8.0
-4.0,2.0,3.0,-3.0,-27.0,-35.0,-2.0,6.0,0.0,-4.0,-6.0,-4.0,-1.0,-2.0,0.0,-8.0,-23.0,17.0,-178.0,-86.0,2.0,112.0,58.0,-2.0,-2.0,0.0,-3936.0,-57.0,72.0,-287.0,145.0,-29.0,-4068.0,-7.0,2.0,-124.0,-1.0,17.0,-16.0
-7.0,8.0,-1.0,-1.0,-71.0,-41.0,3.0,-2.0,2.0,2.0,-14.0,-1.0,-2.0,-10.0,-4.0,14.0,-6.0,58.0,-79.0,52.0,-2.0,152.0,141.0,-1.0,2.0,1.0,-9240.0,-67.0,-360.0,-1725.0,-74.0,-5.0,-8658.0,-18.0,2.0,-68.0,1.0,44.0,2.0
16.0,-17.0,2.0,-1.0,136.0,79.0,2.0,-5.0,4.0,2.0,34.0,7.0,8.0,-3.0,8.0,-35.0,-49.0,-61.0,8.0,-30.0,-5.0,-573.0,-386.0,-1.0,0.0,1.0,8448.0,98.0,-1067.0,1218.0,39.0,98.0,7745.0,3.0,-5.0,78.0,-1.0,-5.0,11.0
8.0,-9.0,7.0,1.0,-26.0,18.0,3.0,5.0,-1.0,0.0,22.0,-1.0,-1.0,0.0,3.0,-16.0,-3.0,-3.0,-66.0,-39.0,-7.0,-148.0,-17.0,-1.0,0.0,2.0,894.0,-30.0,125.0,472.0,44.0,28.0,508.0,6.0,-1.0,8.0,-2.0,35.0,-28.0
6.0,-7.0,20.0,-3.0,184.0,80.0,1.0,5.0,4.0,1.0,24.0,1.0,1.0,-16.0,0.0,-13.0,-45.0,-40.0,69.0,105.0,3.0,-197.0,-81.0,0.0,1.0,1.0,2650.0,146.0,-542.0,-125.0,232.0,103.0,3400.0,16.0,-1.0,113.0,0.0,-15.0,-18.0
8.0,-6.0,-13.0,-4.0,91.0,44.0,12.0,-4.0,1.0,-1.0,22.0,1.0,-2.0,23.0,5.0,-24.0,-32.0,-41.0,132.0,190.0,-1.0,-255.0,-261.0,-1.0,-2.0,-2.0,1657.0,24.0,-11.0,275.0,186.0,37.0,2030.0,18.0,2.0,9.0,0.0,-27.0,-3.0
-8.0,5.0,-18.0,1.0,-70.0,-11.0,4.0,-6.0,-2.0,1.0,-17.0,-3.0,-1.0,-11.0,1.0,8.0,32.0,46.0,72.0,-114.0,-5.0,299.0,305.0,2.0,0.0,-2.0,-1754.0,5.0,592.0,-426.0,-104.0,-24.0,-1803.0,-5.0,5.0,-83.0,2.0,-15.0,3.0
-2.0,5.0,10.0,-4.0,66.0,7.0,10.0,3.0,2.0,1.0,0.0,2.0,0.0,43.0,-2.0,10.0,44.0,59.0,-78.0,-43.0,0.0,425.0,315.0,3.0,0.0,-2.0,-1360.0,-40.0,626.0,-398.0,-108.0,-43.0,-1468.0,5.0,3.0,2.0,2.0,4.0,-1.0
-4.0,-5.0,45.0,-2.0,-48.0,-7.0,-1.0,1.0,1.0,2.0,-13.0,-2.0,-1.0,9.0,3.0,-2.0,20.0,7.0,-172.0,-32.0,-1.0,-183.0,-176.0,0.0,0.0,1.0,1108.0,18.0,-222.0,305.0,-225.0,-25.0,490.0,-21.0,1.0,56.0,0.0,44.0,-9.0
11.0,-7.0,6.0,-2.0,99.0,40.0,0.0,-2.0,2.0,4.0,17.0,8.0,0.0,5.0,-1.0,2.0,17.0,-41.0,67.0,52.0,4.0,-269.0,-125.0,2.0,4.0,4.0,4458.0,48.0,-369.0,367.0,-62.0,55.0,5031.0,17.0,-6.0,109.0,-1.0,15.0,5.0
0.0,0.0,-2.0,0.0,5.0,-14.0,2.0,5.0,-3.0,0.0,-5.0,1.0,-4.0,8.0,-1.0,-3.0,53.0,-2.0,61.0,-10.0,-1.0,194.0,98.0,0.0,1.0,-2.0,-5241.0,-22.0,-15.0,-728.0,278.0,47.0,-4936.0,5.0,0.0,-57.0,3.0,-19.0,-9.0
5.0,-4.0,3.0,-1.0,149.0,53.0,-2.0,-5.0,0.0,-3.0,3.0,2.0,2.0,-2.0,7.0,-3.0,-1.0,-49.0,-158.0,7.0,7.0,-95.0,-151.0,2.0,-3.0,-3.0,7303.0,81.0,-458.0,1055.0,-196.0,-11.0,6967.0,9.0,-4.0,143.0,0.0,-39.0,32.0
-8.0,7.0,-29.0,3.0,-244.0,-82.0,-6.0,0.0,-5.0,-1.0,-30.0,-7.0,-8.0,2.0,-1.0,11.0,48.0,48.0,124.0,-117.0,-1.0,331.0,148.0,-2.0,-2.0,-1.0,-4230.0,-59.0,354.0,-222.0,-161.0,-126.0,-4007.0,-7.0,2.0,-183.0,-1.0,39.0,0.0
-2.0,1.0,-4.0,3.0,-98.0,-47.0,-2.0,2.0,-3.0,-1.0,-7.0,-2.0,0.0,23.0,-2.0,1.0,4.0,-10.0,-83.0,0.0,1.0,112.0,73.0,0.0,1.0,0.0,784.0,-113.0,1220.0,664.0,42.0,-40.0,-1.0,-8.0,3.0,-83.0,1.0,-43.0,-6.0
-15.0,13.0,-9.0,-1.0,-152.0,-78.0,-5.0,6.0,0.0,-1.0,-31.0,-4.0,0.0,-10.0,-1.0,19.0,41.0,53.0,209.0,-63.0,0.0,57.0,-14.0,-1.0,4.0,2.0,-5823.0,-17.0,456.0,-1112.0,30.0,-55.0,-6041.0,-15.0,2.0,31.0,1.0,3.0,0.0
15.0,-7.0,-26.0,0.0,202.0,97.0,2.0,2.0,2.0,1.0,37.0,3.0,0.0,-5.0,0.0,-17.0,-48.0,-62.0,184.0,-20.0,-1.0,12.0,40.0,-4.0,-1.0,-1.0,6076.0,162.0,-735.0,503.0,179.0,68.0,7008.0,28.0,-1.0,65.0,0.0,-6.0,-4.0
11.0,-9.0,4.0,-1.0,198.0,95.0,3.0,-6.0,2.0,3.0,27.0,6.0,1.0,-1.0,-3.0,-15.0,-35.0,-49.0,177.0,43.0,1.0,-78.0,-32.0,1.0,-4.0,-2.0,6082.0,146.0,-983.0,646.0,154.0,83.0,7225.0,26.0,-2.0,-31.0,-1.0,0.0,0.0
3.0,1.0,6.0,5.0,-12.0,0.0,-8.0,-1.0,0.0,0.0,4.0,-1.0,2.0,6.0,0.0,4.0,-16.0,-45.0,-81.0,8.0,3.0,-328.0,-338.0,-1.0,-1.0,1.0,2895.0,-3.0,-281.0,684.0,-17.0,0.0,2161.0,-1.0,-6.0,68.0,-2.0,24.0,3.0
19.0,-11.0,-21.0,2.0,156.0,80.0,4.0,2.0,0.0,-1.0,41.0,1.0,-1.0,6.0,4.0,-21.0,-54.0,-66.0,-202.0,0.0,-2.0,33.0,86.0,-4.0,-1.0,-1.0,5817.0,33.0,-208.0,969.0,-5.0,40.0,5824.0,17.0,-1.0,65.0,0.0,-9.0,-4.0
-3.0,2.0,15.0,-1.0,15.0,-8.0,2.0,5.0,3.0,2.0,3.0,-2.0,-1.0,-3.0,-6.0,2.0,-47.0,8.0,-93.0,157.0,2.0,67.0,133.0,-1.0,4.0,2.0,-5806.0,-34.0,318.0,-1186.0,200.0,58.0,-5259.0,-10.0,4.0,-38.0,2.0,-14.0,-22.0
-7.0,3.0,-13.0,-2.0,-44.0,-5.0,0.0,2.0,1.0,-3.0,-7.0,-3.0,3.0,6.0,1.0,-3.0,-39.0,50.0,-230.0,-158.0,2.0,233.0,101.0,0.0,-3.0,-1.0,-513.0,-5.0,206.0,304.0,-52.0,-30.0,-766.0,-7.0,2.0,-91.0,-1.0,20.0,-4.0
-12.0,11.0,9.0,1.0,-84.0,-49.0,0.0,-2.0,-2.0,-2.0,-25.0,-4.0,0.0,-15.0,-1.0,14.0,2.0,62.0,-72.0,24.0,-2.0,198.0,123.0,-1.0,-1.0,-2.0,-6447.0,-68.0,-243.0,-1220.0,-104.0,-45.0,-6580.0,-21.0,2.0,50.0,1.0,3.0,16.0
3.0,-5.0,-26.0,1.0,-78.0,-13.0,-4.0,-3.0,0.0,-1.0,4.0,0.0,2.0,-21.0,4.0,-18.0,-18.0,2.0,189.0,10.0,-1.0,-268.0,-183.0,1.0,0.0,1.0,-316.0,5.0,-298.0,63.0,156.0,32.0,-360.0,5.0,-4.0,-113.0,-2.0,-19.0,6.0
6.0,-7.0,20.0,-1.0,161.0,60.0,1.0,2.0,5.0,3.0,18.0,11.0,9.0,-15.0,-1.0,5.0,13.0,4.0,-50.0,-62.0,-4.0,-3.0,98.0,3.0,2.0,1.0,3923.0,77.0,-792.0,290.0,-157.0,69.0,3837.0,-2.0,-3.0,124.0,1.0,2.0,16.0
-2.0,4.0,1.0,5.0,-20.0,-9.0,-7.0,-8.0,0.0,-1.0,-1.0,-3.0,0.0,-53.0,-1.0,16.0,-35.0,-65.0,134.0,177.0,-1.0,-454.0,-266.0,-1.0,-1.0,2.0,1451.0,15.0,-170.0,140.0,-104.0,-19.0,1582.0,-3.0,0.0,62.0,-3.0,1.0,6.0
-3.0,2.0,16.0,-2.0,-90.0,-56.0,-3.0,9.0,-2.0,-1.0,-3.0,-1.0,-1.0,0.0,-5.0,-3.0,3.0,29.0,54.0,-69.0,-1.0,-16.0,66.0,-2.0,2.0,4.0,-3988.0,-91.0,278.0,-470.0,249.0,-3.0,-3926.0,-2.0,0.0,-40.0,-2.0,30.0,-29.0
0.0,4.0,-7.0,1.0,-229.0,-108.0,-10.0,-2.0,-2.0,-1.0,-15.0,-5.0,-1.0,3.0,5.0,0.0,1.0,-44.0,-51.0,-45.0,3.0,-291.0,-203.0,-1.0,0.0,0.0,1421.0,-21.0,95.0,513.0,48.0,-26.0,528.0,-19.0,2.0,-59.0,0.0,-9.0,-14.0
8.0,-9.0,-22.0,-2.0,84.0,33.0,1.0,5.0,1.0,0.0,18.0,0.0,-1.0,24.0,1.0,-9.0,-26.0,-5.0,-128.0,-22.0,-1.0,-22.0,27.0,-4.0,1.0,1.0,1962.0,21.0,-23.0,272.0,-47.0,54.0,2057.0,5.0,-3.0,72.0,1.0,-8.0,-16.0
-1.0,-4.0,-29.0,2.0,45.0,35.0,9.0,5.0,-2.0,-1.0,16.0,3.0,2.0,3.0,-1.0,5.0,6.0,49.0,-253.0,-64.0,2.0,63.0,95.0,-1.0,-2.0,1.0,3417.0,28.0,-197.0,535.0,78.0,54.0,3378.0,18.0,2.0,62.0,-3.0,-14.0,-52.0
14.0,-14.0,-16.0,1.0,83.0,38.0,1.0,9.0,7.0,-4.0,25.0,-5.0,4.0,-38.0,8.0,-26.0,-57.0,22.0,248.0,102.0,-4.0,-237.0,-64.0,-1.0,-4.0,-3.0,571.0,-3.0,60.0,129.0,173.0,44.0,1371.0,32.0,0.0,-10.0,0.0,-15.0,3.0
-2.0,4.0,1.0,1.0,-51.0,-24.0,-1.0,-4.0,-3.0,-1.0,0.0,0.0,0.0,12.0,-3.0,16.0,-19.0,-68.0,-225.0,-41.0,0.0,249.0,202.0,-2.0,6.0,5.0,698.0,1.0,-37.0,-61.0,-151.0,-31.0,75.0,-6.0,0.0,-41.0,0.0,20.0,15.0
0.0,-3.0,-2.0,4.0,85.0,37.0,-10.0,0.0,-1.0,1.0,13.0,4.0,-2.0,8.0,0.0,1.0,3.0,2.0,-161.0,152.0,0.0,-268.0,-161.0,-3.0,2.0,1.0,1495.0,28.0,-104.0,137.0,7.0,77.0,1373.0,2.0,2.0,-52.0,1.0,-31.0,-7.0
4.0,-1.0,-18.0,-1.0,13.0,26.0,2.0,-2.0,-3.0,-3.0,6.0,-6.0,1.0,4.0,7.0,-15.0,7.0,-34.0,66.0,-2.0,3.0,-154.0,-150.0,1.0,-7.0,-5.0,6218.0,136.0,-709.0,710.0,-51.0,3.0,6233.0,30.0,-5.0,122.0,-2.0,-5.0,1.0
-9.0,8.0,3.0,-1.0,-122.0,-15.0,-7.0,-3.0,0.0,0.0,-15.0,0.0,1.0,-39.0,-4.0,24.0,21.0,19.0,-63.0,79.0,1.0,-162.0,-29.0,2.0,4.0,3.0,-795.0,-18.0,69.0,-28.0,-181.0,-59.0,-723.0,-17.0,-4.0,10.0,1.0,34.0,19.0
-2.0,5.0,-10.0,1.0,-210.0,-74.0,-11.0,-3.0,3.0,-1.0,-15.0,-7.0,-1.0,12.0,-1.0,5.0,40.0,41.0,27.0,-161.0,3.0,-45.0,19.0,-1.0,2.0,3.0,-3391.0,-15.0,9.0,-402.0,-97.0,-112.0,-4227.0,-1.0,1.0,-201.0,-1.0,18.0,-3.0
-9.0,5.0,4.0,3.0,-227.0,-103.0,-5.0,-1.0,-4.0,1.0,-26.0,-11.0,-5.0,5.0,-5.0,7.0,23.0,106.0,91.0,-87.0,1.0,52.0,34.0,2.0,5.0,4.0,-8226.0,-55.0,579.0,-1257.0,-19.0,-69.0,-8574.0,-22.0,3.0,-76.0,0.0,16.0,-27.0
-16.0,17.0,10.0,2.0,-50.0,-34.0,-2.0,1.0,-1.0,-1.0,-23.0,1.0,-1.0,-33.0,-12.0,41.0,26.0,15.0,174.0,-29.0,-2.0,218.0,126.0,2.0,3.0,1.0,-4762.0,-31.0,-142.0,-952.0,10.0,-61.0,-4308.0,-8.0,1.0,-184.0,1.0,37.0,15.0
7.0,-2.0,13.0,1.0,28.0,-9.0,-5.0,5.0,-1.0,1.0,0.0,0.0,1.0,43.0,2.0,-14.0,-33.0,-24.0,198.0,-16.0,0.0,107.0,26.0,-1.0,-5.0,-4.0,-2034.0,-11.0,-233.0,-314.0,174.0,2.0,-2025.0,-6.0,2.0,-28.0,0.0,-17.0,-2.0
0.0,-5.0,3.0,-1.0,21.0,12.0,-1.0,-1.0,2.0,4.0,7.0,2.0,2.0,-5.0,2.0,-5.0,53.0,36.0,98.0,159.0,1.0,65.0,-92.0,-1.0,-2.0,-2.0,-1684.0,40.0,-87.0,-283.0,-229.0,-35.0,-1597.0,-1.0,3.0,-50.0,0.0,1.0,-1.0
3.0,-4.0,0.0,-4.0,44.0,-15.0,8.0,-6.0,2.0,2.0,-3.0,1.0,-1.0,23.0,1.0,-13.0,4.0,-21.0,33.0,-155.0,-2.0,119.0,73.0,3.0,-3.0,-2.0,3051.0,18.0,-162.0,439.0,-50.0,2.0,2996.0,5.0,0.0,30.0,-1.0,15.0,3.0
5.0,-9.0,21.0,-4.0,240.0,124.0,14.0,-2.0,0.0,2.0,26.0,2.0,3.0,-31.0,3.0,-20.0,-32.0,-9.0,69.0,95.0,-6.0,220.0,150.0,3.0,-3.0,-3.0,2307.0,4.0,175.0,268.0,55.0,101.0,3351.0,12.0,-1.0,222.0,0.0,-21.0,12.0
2.0,2.0,8.0,0.0,58.0,33.0,-1.0,-7.0,5.0,0.0,6.0,0.0,0.0,-16.0,0.0,2.0,12.0,-61.0,43.0,152.0,-3.0,-61.0,-153.0,-1.0,2.0,-1.0,2268.0,0.0,278.0,526.0,-143.0,-24.0,2541.0,3.0,-3.0,-89.0,3.0,13.0,52.0
-7.0,5.0,10.0,2.0,36.0,6.0,8.0,4.0,-6.0,4.0,-10.0,7.0,-4.0,32.0,-4.0,15.0,12.0,-4.0,-151.0,-158.0,1.0,-37.0,16.0,2.0,4.0,2.0,1661.0,-22.0,-127.0,266.0,43.0,27.0,1394.0,-22.0,1.0,23.0,2.0,1.0,-3.0
-9.0,11.0,20.0,-2.0,-102.0,-58.0,-9.0,-6.0,3.0,0.0,-28.0,2.0,-3.0,-5.0,-10.0,15.0,4.0,48.0,-36.0,-60.0,-1.0,114.0,88.0,1.0,3.0,3.0,-7464.0,-152.0,900.0,-761.0,215.0,-8.0,-7476.0,-33.0,1.0,-44.0,0.0,-2.0,-15.0
7.0,-2.0,3.0,-5.0,89.0,37.0,11.0,7.0,1.0,-4.0,9.0,3.0,4.0,-27.0,7.0,-12.0,-36.0,-70.0,112.0,-61.0,1.0,150.0,115.0,-1.0,-3.0,-2.0,824.0,10.0,-230.0,-38.0,134.0,17.0,1034.0,17.0,-2.0,143.0,-1.0,-16.0,14.0
5.0,-8.0,8.0,2.0,165.0,59.0,8.0,1.0,-1.0,1.0,9.0,9.0,1.0,25.0,4.0,-17.0,-9.0,2.0,-91.0,162.0,3.0,-80.0,-119.0,1.0,-3.0,-2.0,2463.0,42.0,-114.0,301.0,31.0,44.0,2599.0,11.0,0.0,150.0,-1.0,-17.0,6.0
10.0,-9.0,5.0,-4.0,33.0,-7.0,3.0,-7.0,0.0,0.0,6.0,-1.0,-2.0,16.0,10.0,-30.0,-25.0,-59.0,-52.0,-33.0,0.0,-184.0,-113.0,0.0,-3.0,-2.0,4952.0,15.0,71.0,864.0,11.0,67.0,4549.0,2.0,2.0,87.0,-1.0,-41.0,-18.0
8.0,-9.0,-15.0,-1.0,89.0,43.0,5.0,1.0,2.0,1.0,12.0,0.0,-1.0,39.0,2.0,-25.0,6.0,65.0,-70.0,-82.0,1.0,-10.0,7.0,0.0,-1.0,1.0,-1523.0,4.0,252.0,-84.0,173.0,52.0,-1373.0,16.0,-1.0,129.0,-1.0,-23.0,-23.0
4.0,-3.0,-24.0,3.0,-137.0,-73.0,-8.0,4.0,5.0,-2.0,6.0,-7.0,3.0,-22.0,2.0,1.0,10.0,26.0,174.0,64.0,-1.0,-6.0,-24.0,-3.0,2.0,2.0,-5279.0,-10.0,141.0,-738.0,24.0,-57.0,-5304.0,14.0,5.0,-215.0,0.0,11.0,-5.0
-5.0,7.0,10.0,-1.0,-1.0,1.0,6.0,-6.0,-4.0,0.0,0.0,-2.0,0.0,-10.0,-5.0,12.0,-18.0,-41.0,-103.0,-102.0,-4.0,386.0,282.0,2.0,5.0,4.0,-1859.0,-43.0,343.0,-316.0,135.0,35.0,-1727.0,-5.0,1.0,67.0,0.0,4.0,5.0
-3.0,2.0,4.0,1.0,-2.0,5.0,-4.0,-4.0,-2.0,1.0,5.0,1.0,-1.0,6.0,-2.0,10.0,37.0,10.0,-108.0,129.0,2.0,219.0,57.0,-4.0,6.0,5.0,-5370.0,11.0,219.0,-955.0,-136.0,-10.0,-5650.0,-2.0,5.0,-89.0,0.0,-21.0,-15.0
5.0,-10.0,5.0,4.0,94.0,42.0,11.0,4.0,1.0,4.0,16.0,4.0,2.0,16.0,4.0,-16.0,21.0,56.0,28.0,2.0,0.0,52.0,42.0,2.0,2.0,2.0,-2239.0,-1.0,84.0,-305.0,56.0,3.0,-2187.0,14.0,6.0,-21.0,0.0,-8.0,7.0
-2.0,3.0,7.0,-2.0,-138.0,-66.0,6.0,6.0,-3.0,-3.0,-17.0,-8.0,-1.0,-22.0,2.0,-5.0,-13.0,36.0,203.0,-148.0,2.0,202.0,149.0,1.0,2.0,2.0,-7402.0,-45.0,349.0,-1295.0,115.0,-52.0,-7540.0,-5.0,1.0,67.0,-1.0,0.0,-13.0
-8.0,3.0,-17.0,5.0,-124.0,-35.0,3.0,-3.0,-1.0,0.0,-4.0,-8.0,-3.0,-8.0,-6.0,14.0,41.0,94.0,-119.0,1.0,0.0,54.0,-24.0,0.0,5.0,4.0,-2541.0,-27.0,660.0,-196.0,-84.0,-39.0,-2655.0,-1.0,2.0,-103.0,0.0,15.0,-27.0
-6.0,6.0,16.0,-3.0,-73.0,-26.0,-4.0,-10.0,3.0,0.0,-16.0,-3.0,-3.0,-46.0,-1.0,9.0,27.0,-25.0,55.0,80.0,-2.0,-170.0,-121.0,2.0,7.0,3.0,-1383.0,-17.0,430.0,-221.0,-252.0,-56.0,-1353.0,-12.0,-4.0,-34.0,3.0,31.0,54.0
4.0,-3.0,-21.0,1.0,-58.0,9.0,5.0,1.0,-1.0,0.0,13.0,-11.0,2.0,-5.0,7.0,-14.0,37.0,20.0,185.0,-162.0,0.0,-22.0,11.0,2.0,-2.0,-1.0,1516.0,93.0,-511.0,104.0,-26.0,-38.0,1447.0,33.0,1.0,-49.0,-1.0,4.0,2.0
-11.0,12.0,20.0,1.0,-174.0,-60.0,-15.0,-1.0,2.0,0.0,-23.0,2.0,1.0,-27.0,-10.0,29.0,-3.0,27.0,-88.0,84.0,0.0,90.0,68.0,-1.0,4.0,3.0,-6131.0,-140.0,719.0,-589.0,21.0,-66.0,-6344.0,-43.0,-1.0,-76.0,1.0,25.0,11.0
-6.0,10.0,11.0,1.0,-59.0,-31.0,-3.0,4.0,-1.0,-4.0,-19.0,-2.0,-1.0,-46.0,-1.0,14.0,-40.0,-33.0,197.0,-36.0,-2.0,-304.0,-117.0,3.0,-3.0,-4.0,2509.0,-45.0,-128.0,428.0,207.0,14.0,2895.0,-9.0,-2.0,-38.0,1.0,2.0,9.0
-12.0,15.0,5.0,-2.0,-58.0,-36.0,-3.0,0.0,-7.0,0.0,-26.0,3.0,-6.0,16.0,-8.0,31.0,-9.0,-60.0,-179.0,-160.0,1.0,-89.0,-26.0,0.0,2.0,0.0,3900.0,-21.0,-211.0,571.0,-13.0,24.0,3581.0,-36.0,-5.0,44.0,2.0,9.0,-10.0
1.0,-6.0,-2.0,3.0,57.0,20.0,-8.0,-1.0,0.0,3.0,15.0,5.0,1.0,9.0,1.0,2.0,0.0,-40.0,-180.0,141.0,-1.0,-173.0,-108.0,-2.0,0.0,-1.0,5879.0,58.0,-447.0,748.0,-237.0,21.0,5501.0,-3.0,0.0,-54.0,1.0,11.0,22.0
0.0,2.0,3.0,-2.0,71.0,17.0,-3.0,-3.0,-2.0,-3.0,-7.0,5.0,-1.0,9.0,0.0,-1.0,-30.0,-54.0,-119.0,160.0,3.0,-132.0,-161.0,-1.0,-5.0,-4.0,4702.0,43.0,-198.0,606.0,-25.0,41.0,4786.0,-3.0,-6.0,171.0,-1.0,-9.0,-1.0
7.0,-7.0,-12.0,-3.0,169.0,70.0,6.0,8.0,-1.0,-1.0,20.0,11.0,5.0,11.0,5.0,-9.0,-35.0,-45.0,-134.0,-65.0,2.0,9.0,119.0,-1.0,-7.0,-3.0,5958.0,55.0,-857.0,731.0,162.0,93.0,6033.0,19.0,0.0,165.0,-3.0,-29.0,-25.0
4.0,0.0,-14.0,1.0,31.0,21.0,-5.0,-3.0,4.0,-1.0,2.0,5.0,0.0,35.0,-1.0,7.0,12.0,-23.0,-145.0,68.0,3.0,-166.0,-121.0,-3.0,-1.0,0.0,4080.0,31.0,-282.0,802.0,-164.0,-35.0,3841.0,7.0,-2.0,-121.0,0.0,5.0,1.0
8.0,-7.0,28.0,-5.0,168.0,77.0,1.0,-3.0,1.0,2.0,6.0,4.0,1.0,17.0,3.0,-20.0,-38.0,-20.0,134.0,75.0,-2.0,52.0,87.0,2.0,-4.0,-3.0,702.0,7.0,-188.0,9.0,-44.0,36.0,1273.0,-2.0,-2.0,128.0,0.0,-15.0,13.0
9.0,-11.0,-4.0,3.0,101.0,37.0,2.0,12.0,2.0,1.0,20.0,0.0,3.0,5.0,7.0,-26.0,-9.0,28.0,236.0,106.0,0.0,-111.0,-193.0,-2.0,-9.0,-8.0,1430.0,29.0,-213.0,261.0,138.0,32.0,1780.0,13.0,2.0,-1.0,0.0,-27.0,-8.0
-7.0,5.0,-5.0,0.0,11.0,-8.0,5.0,1.0,2.0,2.0,-9.0,2.0,1.0,7.0,-9.0,17.0,29.0,38.0,85.0,-122.0,-2.0,303.0,186.0,3.0,0.0,0.0,-1901.0,3.0,-233.0,-425.0,-61.0,-65.0,-1553.0,3.0,-2.0,-57.0,0.0,56.0,21.0
-1.0,1.0,-14.0,0.0,-35.0,2.0,14.0,4.0,0.0,-4.0,5.0,-5.0,1.0,-35.0,1.0,2.0,5.0,24.0,-7.0,-60.0,1.0,204.0,91.0,-1.0,2.0,2.0,-1717.0,-17.0,430.0,-234.0,50.0,-22.0,-1621.0,16.0,0.0,40.0,-1.0,-1.0,-13.0
6.0,-8.0,-11.0,0.0,152.0,83.0,16.0,4.0,-4.0,1.0,28.0,-4.0,3.0,-17.0,8.0,-19.0,-3.0,-21.0,158.0,-1.0,-3.0,23.0,-8.0,3.0,-4.0,-4.0,4907.0,108.0,-520.0,506.0,71.0,74.0,5674.0,34.0,0.0,152.0,0.0,-14.0,5.0
-8.0,8.0,-1.0,2.0,-146.0,-57.0,-3.0,-6.0,-1.0,1.0,-24.0,-8.0,-5.0,18.0,-8.0,10.0,36.0,110.0,68.0,-80.0,0.0,23.0,-7.0,3.0,3.0,3.0,-6703.0,-68.0,677.0,-710.0,103.0,-38.0,-6535.0,-14.0,2.0,-89.0,0.0,5.0,-36.0
-2.0,4.0,8.0,2.0,-46.0,-14.0,3.0,-8.0,-2.0,0.0,-6.0,0.0,0.0,27.0,-2.0,0.0,13.0,2.0,-167.0,-101.0,2.0,261.0,182.0,2.0,4.0,5.0,-2787.0,-16.0,238.0,-417.0,69.0,-33.0,-3355.0,5.0,2.0,16.0,-2.0,5.0,8.0
0.0,2.0,13.0,2.0,5.0,4.0,-5.0,-1.0,1.0,-2.0,2.0,-4.0,-3.0,-30.0,2.0,-2.0,2.0,-23.0,85.0,156.0,-1.0,-127.0,-165.0,-3.0,6.0,2.0,-3639.0,-17.0,523.0,-632.0,-21.0,1.0,-3626.0,0.0,0.0,-74.0,3.0,-18.0,32.0
-8.0,4.0,8.0,-3.0,-131.0,-59.0,-3.0,-3.0,-2.0,0.0,-22.0,-3.0,-3.0,-30.0,-1.0,7.0,15.0,36.0,12.0,-72.0,1.0,-109.0,32.0,3.0,5.0,4.0,-3651.0,-17.0,152.0,-747.0,-109.0,-32.0,-3894.0,-15.0,-1.0,55.0,0.0,18.0,2.0
3.0,0.0,4.0,-2.0,-199.0,-58.0,-7.0,-7.0,1.0,0.0,-4.0,-10.0,1.0,-16.0,7.0,-15.0,9.0,-12.0,45.0,-111.0,0.0,-116.0,-34.0,1.0,-1.0,0.0,337.0,-32.0,279.0,379.0,6.0,-37.0,-348.0,-8.0,2.0,-38.0,-1.0,-12.0,-5.0
-10.0,11.0,-8.0,2.0,-220.0,-111.0,-9.0,-5.0,-2.0,2.0,-19.0,-2.0,-1.0,16.0,-6.0,27.0,67.0,4.0,-74.0,-38.0,3.0,231.0,40.0,-2.0,6.0,5.0,-5850.0,-7.0,81.0,-867.0,-149.0,-101.0,-6675.0,-18.0,5.0,-205.0,0.0,26.0,-8.0
20.0,-24.0,-27.0,0.0,142.0,69.0,4.0,5.0,8.0,0.0,44.0,-3.0,5.0,8.0,9.0,-40.0,-17.0,55.0,51.0,138.0,-2.0,67.0,53.0,-4.0,-1.0,1.0,-1938.0,42.0,188.0,-299.0,-34.0,30.0,-1524.0,41.0,2.0,28.0,-1.0,-17.0,-6.0
7.0,-11.0,-2.0,0.0,161.0,34.0,13.0,3.0,1.0,3.0,17.0,4.0,-2.0,23.0,3.0,-14.0,-4.0,7.0,22.0,-82.0,-3.0,64.0,82.0,0.0,3.0,2.0,-87.0,4.0,-10.0,-121.0,30.0,63.0,111.0,13.0,6.0,-46.0,1.0,-20.0,-12.0
-8.0,5.0,18.0,1.0,-45.0,-38.0,-17.0,-7.0,3.0,3.0,-13.0,7.0,-2.0,4.0,-9.0,17.0,4.0,8.0,-216.0,81.0,-2.0,-59.0,-20.0,-1.0,3.0,2.0,-1585.0,-94.0,453.0,-13.0,-22.0,13.0,-1975.0,-36.0,1.0,-98.0,1.0,9.0,7.0
-7.0,12.0,10.0,0.0,-8.0,3.0,-3.0,-6.0,1.0,-1.0,-10.0,3.0,1.0,-26.0,-5.0,28.0,7.0,-61.0,47.0,89.0,-2.0,-19.0,-48.0,1.0,-1.0,-2.0,3046.0,-17.0,-154.0,631.0,-51.0,-21.0,3412.0,-8.0,0.0,-142.0,1.0,12.0,14.0
2.0,1.0,-11.0,-1.0,25.0,2.0,-2.0,9.0,0.0,-4.0,-1.0,-2.0,-2.0,-22.0,0.0,5.0,-66.0,-38.0,69.0,-58.0,-3.0,-326.0,-90.0,-1.0,-2.0,-3.0,4471.0,-24.0,-151.0,700.0,160.0,68.0,4952.0,-4.0,-5.0,34.0,2.0,-6.0,-7.0
-3.0,2.0,-13.0,2.0,-49.0,11.0,-3.0,7.0,-3.0,0.0,1.0,3.0,4.0,7.0,-3.0,15.0,-6.0,44.0,-118.0,-1.0,3.0,8.0,92.0,0.0,-3.0,0.0,588.0,-1.0,-361.0,193.0,71.0,-3.0,630.0,-5.0,0.0,44.0,-2.0,3.0,-35.0
-9.0,12.0,3.0,1.0,-103.0,-51.0,-6.0,-2.0,-5.0,0.0,-32.0,5.0,-6.0,53.0,-5.0,19.0,22.0,-17.0,-243.0,-159.0,7.0,-214.0,-126.0,0.0,1.0,1.0,2972.0,6.0,-316.0,470.0,-79.0,-44.0,1953.0,-26.0,-4.0,-7.0,0.0,10.0,-7.0
1.0,2.0,16.0,-4.0,-50.0,-39.0,-4.0,-4.0,1.0,3.0,-18.0,1.0,1.0,27.0,-1.0,-3.0,-8.0,-26.0,168.0,-92.0,-1.0,64.0,70.0,4.0,-4.0,-3.0,222.0,-11.0,-326.0,97.0,-57.0,-55.0,248.0,-18.0,-2.0,12.0,0.0,32.0,20.0
3.0,2.0,3.0,-5.0,57.0,25.0,-4.0,-2.0,1.0,-4.0,2.0,4.0,3.0,-19.0,5.0,-10.0,-25.0,-96.0,-38.0,18.0,2.0,-63.0,-55.0,-1.0,-7.0,-5.0,5457.0,52.0,-486.0,659.0,61.0,33.0,5292.0,11.0,-6.0,167.0,-2.0,-12.0,22.0
8.0,-12.0,12.0,-2.0,190.0,99.0,7.0,0.0,1.0,1.0,26.0,4.0,3.0,-9.0,5.0,-16.0,-33.0,-36.0,-53.0,156.0,-2.0,83.0,70.0,-1.0,-2.0,-2.0,4864.0,48.0,-205.0,523.0,-231.0,35.0,5153.0,11.0,-2.0,114.0,0.0,-5.0,22.0
7.0,-12.0,0.0,0.0,211.0,73.0,5.0,9.0,1.0,1.0,15.0,9.0,1.0,-2.0,6.0,-17.0,-22.0,0.0,76.0,263.0,1.0,-341.0,-301.0,-1.0,-7.0,-7.0,5250.0,58.0,-352.0,718.0,-38.0,77.0,5954.0,6.0,-2.0,134.0,1.0,-22.0,-2.0
-1.0,1.0,-8.0,5.0,89.0,22.0,4.0,10.0,0.0,0.0,9.0,1.0,1.0,23.0,-6.0,6.0,4.0,40.0,115.0,-46.0,-1.0,346.0,142.0,-2.0,-1.0,-1.0,-4157.0,3.0,-140.0,-836.0,170.0,-8.0,-3826.0,15.0,2.0,-97.0,0.0,7.0,-1.0
0.0,-4.0,11.0,0.0,44.0,42.0,4.0,-6.0,0.0,2.0,2.0,-4.0,-2.0,9.0,-3.0,-6.0,3.0,74.0,15.0,76.0,-2.0,106.0,63.0,2.0,1.0,1.0,-1839.0,-20.0,472.0,-187.0,-128.0,-3.0,-1382.0,-3.0,0.0,25.0,0.0,0.0,-14.0
3.0,-4.0,8.0,-1.0,-49.0,-32.0,-10.0,-2.0,9.0,-1.0,4.0,-1.0,3.0,-36.0,-3.0,0.0,-19.0,38.0,85.0,160.0,-4.0,191.0,134.0,-3.0,3.0,3.0,-7879.0,-114.0,836.0,-976.0,8.0,-30.0,-7627.0,-8.0,4.0,-145.0,0.0,4.0,2.0
13.0,-17.0,-14.0,0.0,249.0,92.0,9.0,6.0,0.0,1.0,27.0,9.0,0.0,49.0,5.0,-26.0,-35.0,-3.0,-219.0,140.0,2.0,-102.0,-92.0,-3.0,-2.0,-1.0,4425.0,63.0,-137.0,573.0,-16.0,98.0,4656.0,16.0,-3.0,222.0,0.0,-25.0,-10.0
10.0,-7.0,1.0,-1.0,-9.0,3.0,-1.0,3.0,0.0,-3.0,4.0,-3.0,0.0,-13.0,11.0,-27.0,-66.0,-48.0,23.0,-7.0,0.0,-522.0,-243.0,1.0,-6.0,-5.0,7271.0,-14.0,14.0,1380.0,197.0,75.0,7203.0,-1.0,-3.0,146.0,0.0,-35.0,-6.0
6.0,-4.0,-3.0,5.0,78.0,30.0,-1.0,9.0,-2.0,-2.0,18.0,-1.0,0.0,16.0,3.0,-11.0,-25.0,2.0,30.0,76.0,1.0,43.0,-44.0,-5.0,-1.0,-1.0,-2256.0,0.0,93.0,-411.0,231.0,57.0,-2273.0,12.0,4.0,-40.0,0.0,-49.0,-22.0
3.0,-3.0,-2.0,3.0,-45.0,-15.0,-3.0,-2.0,2.0,0.0,-6.0,2.0,0.0,37.0,3.0,-12.0,31.0,43.0,-64.0,1.0,6.0,-125.0,-100.0,0.0,-1.0,1.0,-928.0,27.0,-105.0,-101.0,-66.0,-68.0,-1628.0,10.0,1.0,-51.0,-2.0,1.0,3.0
7.0,-14.0,-3.0,2.0,140.0,56.0,8.0,12.0,3.0,4.0,22.0,4.0,2.0,-11.0,6.0,-16.0,8.0,54.0,195.0,103.0,-2.0,-209.0,-140.0,0.0,-2.0,-3.0,548.0,15.0,-154.0,112.0,-13.0,36.0,1168.0,9.0,4.0,-37.0,2.0,-13.0,-1.0
-3.0,7.0,2.0,0.0,-129.0,-22.0,2.0,6.0,-1.0,-3.0,-10.0,-5.0,3.0,-31.0,-1.0,12.0,-7.0,19.0,128.0,3.0,2.0,149.0,88.0,0.0,1.0,1.0,-4546.0,-46.0,266.0,-576.0,43.0,-79.0,-4369.0,-7.0,-2.0,22.0,0.0,16.0,4.0
1.0,-1.0,13.0,1.0,-23.0,-13.0,-3.0,-2.0,2.0,0.0,4.0,-3.0,0.0,-29.0,3.0,-1.0,-1.0,-65.0,66.0,145.0,-2.0,-32.0,-112.0,-2.0,4.0,0.0,745.0,13.0,180.0,-21.0,-265.0,-55.0,502.0,-5.0,-2.0,-76.0,3.0,24.0,61.0
-1.0,2.0,21.0,-2.0,-103.0,-68.0,-8.0,2.0,-3.0,1.0,-22.0,-3.0,-2.0,13.0,1.0,-7.0,-18.0,12.0,210.0,-88.0,1.0,-2.0,58.0,2.0,0.0,0.0,-5685.0,-28.0,-81.0,-1061.0,65.0,-30.0,-5919.0,-21.0,1.0,27.0,0.0,1.0,0.0
1.0,3.0,-5.0,-1.0,81.0,46.0,2.0,-5.0,3.0,0.0,2.0,3.0,0.0,13.0,-3.0,3.0,13.0,4.0,-23.0,7.0,-1.0,-29.0,-41.0,1.0,-2.0,-1.0,1523.0,-13.0,98.0,547.0,122.0,31.0,2039.0,8.0,-1.0,-13.0,0.0,-11.0,-9.0
-11.0,12.0,24.0,-1.0,-39.0,-18.0,2.0,-3.0,-3.0,0.0,-12.0,-2.0,1.0,-61.0,-4.0,21.0,-5.0,-38.0,192.0,21.0,-5.0,147.0,73.0,4.0,0.0,-2.0,-1034.0,-48.0,128.0,-171.0,113.0,14.0,-429.0,-15.0,2.0,-21.0,1.0,7.0,13.0
-1.0,1.0,-20.0,-2.0,18.0,3.0,-1.0,6.0,-3.0,-1.0,2.0,3.0,0.0,14.0,-4.0,17.0,-31.0,-5.0,-124.0,-85.0,0.0,20.0,132.0,-2.0,-2.0,0.0,2740.0,4.0,-455.0,377.0,45.0,57.0,2928.0,-6.0,0.0,19.0,-1.0,-9.0,-54.0
10.0,-9.0,1.0,-5.0,218.0,59.0,9.0,1.0,2.0,-1.0,19.0,8.0,1.0,4.0,8.0,-24.0,-29.0,-89.0,-16.0,-64.0,-1.0,1.0,27.0,-1.0,-4.0,-3.0,5370.0,56.0,-496.0,538.0,91.0,96.0,5403.0,24.0,0.0,121.0,-1.0,-32.0,10.0
-14.0,19.0,13.0,0.0,-104.0,-50.0,0.0,-8.0,-9.0,0.0,-32.0,3.0,-6.0,43.0,-10.0,31.0,4.0,-58.0,-346.0,-261.0,3.0,172.0,156.0,2.0,6.0,5.0,1113.0,-37.0,27.0,154.0,56.0,-9.0,226.0,-31.0,-3.0,60.0,0.0,14.0,-2.0
-7.0,9.0,6.0,-3.0,-119.0,-44.0,-9.0,-13.0,-1.0,0.0,-15.0,-2.0,0.0,6.0,-4.0,11.0,45.0,-18.0,-97.0,56.0,3.0,274.0,48.0,-1.0,0.0,1.0,-2232.0,25.0,67.0,-395.0,-216.0,-71.0,-2765.0,-10.0,-1.0,-13.0,-2.0,14.0,0.0
-6.0,1.0,1.0,-1.0,7.0,7.0,-9.0,-9.0,1.0,3.0,-5.0,5.0,-2.0,-8.0,-3.0,12.0,28.0,0.0,-191.0,76.0,-1.0,-311.0,-117.0,2.0,3.0,2.0,3751.0,28.0,-197.0,548.0,-224.0,20.0,3646.0,-10.0,-2.0,-12.0,1.0,18.0,15.0
-5.0,3.0,-17.0,2.0,-138.0,-27.0,2.0,-2.0,2.0,-1.0,5.0,-9.0,1.0,-36.0,-1.0,5.0,46.0,52.0,-38.0,-141.0,-1.0,123.0,82.0,0.0,3.0,3.0,-1786.0,-18.0,372.0,-143.0,2.0,-47.0,-2149.0,13.0,2.0,-107.0,-1.0,12.0,-4.0
1.0,-3.0,-25.0,3.0,141.0,67.0,12.0,8.0,-2.0,0.0,17.0,-1.0,1.0,11.0,0.0,1.0,28.0,32.0,140.0,-51.0,0.0,94.0,45.0,1.0,-1.0,-1.0,1179.0,125.0,-790.0,-275.0,-32.0,-1.0,1795.0,41.0,-1.0,-11.0,0.0,16.0,7.0
-7.0,9.0,-12.0,1.0,-218.0,-116.0,-5.0,-1.0,0.0,1.0,-24.0,-3.0,0.0,10.0,-4.0,17.0,30.0,-6.0,34.0,-167.0,1.0,12.0,-17.0,2.0,0.0,0.0,-480.0,-18.0,-138.0,88.0,-13.0,-91.0,-1025.0,-16.0,0.0,-116.0,0.0,47.0,7.0
3.0,-4.0,11.0,-3.0,30.0,50.0,3.0,-5.0,3.0,1.0,11.0,-5.0,2.0,-19.0,2.0,-15.0,8.0,32.0,96.0,-66.0,-3.0,175.0,169.0,2.0,-1.0,0.0,-1084.0,-11.0,184.0,-134.0,-42.0,-11.0,-876.0,11.0,0.0,21.0,-1.0,-3.0,9.0
9.0,-15.0,-17.0,2.0,146.0,63.0,-3.0,0.0,2.0,4.0,27.0,5.0,0.0,48.0,3.0,-23.0,6.0,25.0,-250.0,59.0,0.0,-183.0,-101.0,-2.0,-1.0,0.0,4356.0,62.0,-195.0,664.0,-64.0,73.0,4128.0,13.0,-1.0,75.0,0.0,-12.0,-1.0
-5.0,10.0,2.0,-3.0,-89.0,-32.0,-7.0,-8.0,0.0,-3.0,-22.0,-4.0,-2.0,-1.0,-3.0,0.0,11.0,14.0,30.0,-62.0,2.0,-40.0,-62.0,2.0,-4.0,-2.0,-1246.0,-16.0,191.0,-51.0,164.0,-5.0,-1243.0,-3.0,-4.0,78.0,-2.0,-7.0,-14.0
-8.0,3.0,-21.0,4.0,61.0,31.0,9.0,5.0,1.0,-1.0,9.0,1.0,0.0,-20.0,-8.0,20.0,37.0,64.0,-83.0,-30.0,-1.0,239.0,116.0,-1.0,4.0,3.0,-2123.0,14.0,93.0,-522.0,-4.0,-10.0,-1801.0,21.0,0.0,-69.0,0.0,24.0,1.0
8.0,-8.0,8.0,-1.0,151.0,67.0,7.0,2.0,2.0,0.0,18.0,8.0,5.0,-3.0,9.0,-26.0,-4.0,-40.0,-10.0,20.0,2.0,-11.0,-13.0,1.0,-5.0,-3.0,3218.0,51.0,-402.0,354.0,117.0,36.0,3105.0,25.0,0.0,146.0,-2.0,-20.0,29.0
-5.0,8.0,9.0,3.0,-3.0,-13.0,2.0,4.0,-7.0,1.0,-12.0,3.0,-3.0,48.0,-3.0,5.0,-5.0,-30.0,-110.0,-155.0,3.0,61.0,-37.0,0.0,-3.0,-3.0,2543.0,-8.0,-186.0,415.0,194.0,23.0,2006.0,-18.0,-1.0,59.0,0.0,-13.0,-10.0
1.0,-2.0,1.0,1.0,-51.0,-34.0,0.0,10.0,-2.0,-3.0,-9.0,-5.0,-2.0,-20.0,4.0,-14.0,-47.0,28.0,150.0,-125.0,0.0,-285.0,-69.0,2.0,-2.0,-2.0,-537.0,-28.0,26.0,-203.0,258.0,35.0,-517.0,-1.0,-2.0,104.0,0.0,-10.0,-5.0
-8.0,10.0,33.0,-1.0,-125.0,-71.0,-12.0,-8.0,5.0,0.0,-24.0,-1.0,-3.0,-34.0,-7.0,14.0,3.0,-17.0,30.0,85.0,-3.0,82.0,-24.0,-1.0,7.0,3.0,-6719.0,-139.0,1080.0,-782.0,-50.0,-63.0,-6974.0,-38.0,-1.0,-120.0,3.0,22.0,46.0
0.0,-3.0,-1.0,2.0,-21.0,22.0,-5.0,9.0,2.0,1.0,5.0,0.0,4.0,-34.0,3.0,-2.0,12.0,47.0,173.0,185.0,1.0,-273.0,-222.0,0.0,-5.0,-5.0,635.0,11.0,-144.0,233.0,-43.0,-27.0,1057.0,-4.0,-2.0,9.0,1.0,7.0,11.0
-2.0,0.0,9.0,-3.0,22.0,8.0,9.0,-3.0,0.0,3.0,2.0,-1.0,3.0,-21.0,-1.0,-3.0,-2.0,-15.0,103.0,-72.0,-5.0,232.0,133.0,5.0,-3.0,-3.0,1827.0,-14.0,37.0,356.0,42.0,10.0,2326.0,-4.0,-1.0,106.0,0.0,26.0,19.0
-9.0,12.0,15.0,2.0,-61.0,-26.0,-7.0,0.0,-3.0,-3.0,-14.0,-1.0,-2.0,-40.0,-3.0,24.0,-3.0,-23.0,89.0,93.0,0.0,-85.0,-60.0,-1.0,3.0,1.0,-2861.0,-34.0,91.0,-527.0,71.0,4.0,-2755.0,-11.0,3.0,-127.0,1.0,-19.0,-6.0
12.0,-15.0,-12.0,1.0,53.0,26.0,-1.0,4.0,6.0,-1.0,32.0,-3.0,6.0,-31.0,7.0,-15.0,-23.0,-10.0,121.0,220.0,-3.0,77.0,46.0,-4.0,0.0,0.0,-415.0,38.0,-64.0,-215.0,-207.0,-22.0,-151.0,25.0,3.0,-101.0,0.0,6.0,17.0
-1.0,7.0,-4.0,0.0,30.0,22.0,1.0,-9.0,0.0,-1.0,2.0,3.0,0.0,25.0,-6.0,19.0,-6.0,-64.0,-248.0,-34.0,-1.0,220.0,161.0,-1.0,4.0,4.0,2221.0,-12.0,61.0,486.0,-29.0,0.0,2114.0,2.0,-1.0,-54.0,0.0,9.0,6.0
2.0,-2.0,-22.0,1.0,-27.0,-12.0,-4.0,4.0,-1.0,-1.0,-4.0,5.0,0.0,51.0,-1.0,5.0,0.0,38.0,-188.0,-84.0,6.0,-105.0,32.0,-2.0,-3.0,1.0,1812.0,31.0,-560.0,276.0,-21.0,-11.0,1300.0,4.0,1.0,-32.0,-3.0,-8.0,-51.0
4.0,-4.0,0.0,0.0,32.0,12.0,15.0,9.0,0.0,0.0,7.0,-1.0,1.0,-8.0,2.0,-2.0,-11.0,26.0,150.0,-79.0,-1.0,213.0,170.0,0.0,4.0,3.0,-4633.0,-42.0,256.0,-697.0,73.0,-16.0,-4258.0,6.0,4.0,-24.0,1.0,-4.0,-8.0
9.0,-6.0,-4.0,-1.0,80.0,36.0,3.0,3.0,-3.0,1.0,8.0,-2.0,1.0,31.0,8.0,-19.0,-9.0,-32.0,223.0,-21.0,1.0,-145.0,-71.0,2.0,-5.0,-4.0,3302.0,111.0,-883.0,247.0,-28.0,9.0,3596.0,20.0,-1.0,58.0,0.0,-8.0,6.0
0.0,-2.0,4.0,-3.0,42.0,-10.0,4.0,-10.0,0.0,3.0,2.0,2.0,-2.0,29.0,-1.0,-3.0,41.0,-11.0,-75.0,-26.0,0.0,338.0,130.0,-1.0,3.0,3.0,-2319.0,29.0,57.0,-516.0,-186.0,-8.0,-2654.0,3.0,5.0,-59.0,-1.0,-6.0,-12.0
-8.0,12.0,-19.0,1.0,-195.0,-109.0,-11.0,4.0,-2.0,-2.0,-20.0,-4.0,-3.0,-6.0,-6.0,32.0,1.0,-34.0,-5.0,-96.0,0.0,-95.0,-50.0,-3.0,4.0,2.0,-1379.0,-31.0,-70.0,-167.0,11.0,-33.0,-1723.0,-22.0,0.0,-171.0,2.0,20.0,-15.0
0.0,0.0,4.0,1.0,-185.0,-66.0,-6.0,-8.0,-2.0,1.0,-13.0,-9.0,-3.0,12.0,2.0,-6.0,4.0,30.0,-36.0,31.0,1.0,-185.0,-140.0,1.0,1.0,1.0,-418.0,-41.0,567.0,326.0,-80.0,-29.0,-854.0,-22.0,2.0,-34.0,0.0,-9.0,-28.0
-2.0,-1.0,4.0,-3.0,110.0,36.0,3.0,-3.0,-1.0,0.0,-5.0,9.0,-2.0,-7.0,-1.0,9.0,-13.0,-28.0,-160.0,157.0,1.0,-230.0,-108.0,1.0,2.0,1.0,3820.0,29.0,-139.0,457.0,-176.0,45.0,4174.0,-7.0,-4.0,135.0,1.0,5.0,6.0
-4.0,2.0,-3.0,2.0,-103.0,-29.0,-12.0,-6.0,2.0,3.0,0.0,-4.0,0.0,-1.0,-2.0,3.0,41.0,28.0,-31.0,-81.0,-2.0,-81.0,-9.0,1.0,1.0,1.0,-69.0,-1.0,-58.0,91.0,-48.0,-25.0,-528.0,-3.0,2.0,-147.0,0.0,13.0,9.0
-8.0,8.0,-5.0,1.0,39.0,9.0,3.0,2.0,1.0,0.0,-11.0,1.0,-2.0,6.0,-10.0,16.0,32.0,80.0,104.0,-111.0,-1.0,208.0,133.0,2.0,2.0,2.0,-6285.0,-27.0,110.0,-1036.0,183.0,-9.0,-5681.0,8.0,0.0,-55.0,0.0,14.0,-8.0
10.0,-12.0,0.0,-3.0,197.0,81.0,4.0,10.0,4.0,0.0,24.0,8.0,5.0,-30.0,11.0,-26.0,-17.0,-42.0,157.0,121.0,0.0,-272.0,-195.0,-1.0,-9.0,-8.0,6005.0,67.0,-640.0,771.0,48.0,69.0,6460.0,20.0,-2.0,130.0,0.0,-25.0,21.0
-5.0,4.0,9.0,1.0,-22.0,23.0,1.0,3.0,-2.0,1.0,5.0,-2.0,4.0,-44.0,-2.0,10.0,-6.0,6.0,70.0,83.0,-3.0,113.0,60.0,2.0,0.0,-1.0,-1224.0,-32.0,199.0,-83.0,92.0,8.0,-670.0,-9.0,-1.0,76.0,1.0,11.0,16.0
-8.0,8.0,20.0,-3.0,-130.0,-75.0,-7.0,-7.0,4.0,2.0,-26.0,3.0,0.0,-4.0,-9.0,16.0,1.0,6.0,-55.0,-71.0,-2.0,209.0,141.0,2.0,1.0,1.0,-3080.0,-122.0,557.0,-150.0,-29.0,-64.0,-3348.0,-38.0,-1.0,-46.0,0.0,40.0,14.0
-4.0,9.0,15.0,-2.0,-112.0,-45.0,-10.0,-10.0,2.0,-3.0,-18.0,-7.0,-2.0,-30.0,0.0,-1.0,10.0,-51.0,96.0,83.0,0.0,-72.0,-174.0,0.0,0.0,-2.0,-501.0,-3.0,371.0,-72.0,-101.0,-60.0,-741.0,-8.0,-6.0,2.0,1.0,17.0,47.0
-13.0,12.0,17.0,0.0,-134.0,-72.0,-1.0,1.0,-9.0,1.0,-34.0,0.0,-6.0,18.0,-4.0,12.0,10.0,6.0,-98.0,-227.0,4.0,-48.0,-5.0,3.0,2.0,1.0,-1108.0,-25.0,-34.0,-332.0,85.0,-9.0,-1888.0,-33.0,-2.0,114.0,0.0,5.0,-8.0
2.0,-4.0,-20.0,3.0,52.0,34.0,8.0,8.0,1.0,-4.0,13.0,-2.0,0.0,-33.0,3.0,-7.0,-29.0,16.0,-60.0,-37.0,-1.0,-283.0,-127.0,0.0,-2.0,-2.0,5148.0,0.0,107.0,858.0,193.0,65.0,5402.0,20.0,-3.0,77.0,0.0,-11.0,-5.0
7.0,-7.0,4.0,5.0,55.0,23.0,5.0,4.0,0.0,1.0,14.0,0.0,3.0,32.0,5.0,-26.0,4.0,30.0,69.0,5.0,2.0,150.0,-11.0,0.0,-5.0,-3.0,-1357.0,13.0,25.0,-156.0,207.0,-1.0,-1575.0,18.0,4.0,15.0,-2.0,-22.0,0.0
16.0,-21.0,-3.0,-3.0,279.0,142.0,12.0,1.0,3.0,2.0,38.0,4.0,2.0,30.0,7.0,-41.0,-27.0,29.0,-123.0,74.0,-1.0,73.0,77.0,-1.0,-3.0,-1.0,3341.0,52.0,47.0,439.0,-58.0,87.0,3780.0,27.0,-3.0,243.0,-1.0,-28.0,-1.0
2.0,-1.0,-7.0,-4.0,67.0,-8.0,2.0,-1.0,0.0,-1.0,1.0,0.0,-4.0,7.0,-1.0,2.0,-25.0,-49.0,-6.0,-84.0,-3.0,12.0,40.0,-2.0,1.0,0.0,2152.0,5.0,-94.0,184.0,-26.0,60.0,2298.0,-1.0,0.0,-25.0,1.0,-12.0,-19.0
11.0,-14.0,-25.0,0.0,76.0,39.0,2.0,6.0,4.0,-1.0,28.0,0.0,6.0,-2.0,4.0,-14.0,-22.0,55.0,55.0,75.0,-1.0,109.0,158.0,-2.0,-4.0,0.0,-1160.0,25.0,-244.0,-194.0,58.0,33.0,-653.0,30.0,5.0,-25.0,-3.0,-18.0,-44.0
9.0,-5.0,0.0,-2.0,42.0,37.0,-1.0,-7.0,2.0,0.0,13.0,2.0,2.0,7.0,7.0,-13.0,-19.0,-76.0,-127.0,118.0,0.0,-237.0,-174.0,-1.0,-4.0,-3.0,7808.0,14.0,-12.0,1583.0,-61.0,40.0,7720.0,0.0,-1.0,42.0,0.0,-25.0,-1.0
-3.0,7.0,1.0,2.0,-23.0,-7.0,-3.0,-3.0,-4.0,-3.0,-2.0,-1.0,-3.0,11.0,-4.0,15.0,-16.0,-26.0,-206.0,-30.0,1.0,154.0,149.0,-3.0,8.0,7.0,-3686.0,-29.0,306.0,-672.0,93.0,25.0,-4053.0,-1.0,2.0,-39.0,0.0,-22.0,-14.0
-9.0,6.0,7.0,-4.0,-80.0,-25.0,-3.0,-13.0,0.0,3.0,-13.0,2.0,-1.0,-10.0,-5.0,21.0,62.0,8.0,-138.0,53.0,1.0,176.0,101.0,1.0,7.0,6.0,-3114.0,11.0,126.0,-544.0,-367.0,-67.0,-3377.0,-14.0,1.0,-49.0,0.0,28.0,7.0
5.0,-5.0,14.0,0.0,67.0,10.0,1.0,5.0,0.0,4.0,2.0,4.0,0.0,27.0,1.0,-4.0,-16.0,2.0,157.0,-19.0,-2.0,9.0,79.0,1.0,2.0,1.0,-2916.0,-25.0,-174.0,-463.0,23.0,6.0,-2637.0,-10.0,4.0,-64.0,2.0,-3.0,5.0
2.0,3.0,-7.0,-1.0,-107.0,-45.0,1.0,3.0,1.0,-4.0,-15.0,-3.0,-1.0,13.0,1.0,2.0,-1.0,13.0,58.0,-80.0,5.0,36.0,28.0,-2.0,1.0,2.0,-3322.0,-14.0,67.0,-493.0,-49.0,-87.0,-3699.0,2.0,-1.0,-54.0,-1.0,5.0,-12.0
-16.0,17.0,14.0,3.0,-235.0,-100.0,-8.0,-7.0,-3.0,0.0,-36.0,-8.0,-4.0,-21.0,-10.0,35.0,30.0,45.0,138.0,2.0,-1.0,33.0,-14.0,3.0,4.0,2.0,-5180.0,-72.0,425.0,-626.0,-70.0,-90.0,-5162.0,-30.0,3.0,-218.0,1.0,28.0,-13.0
1.0,1.0,-32.0,4.0,-88.0,-41.0,2.0,6.0,-4.0,-1.0,2.0,-6.0,0.0,14.0,5.0,1.0,29.0,-12.0,89.0,-96.0,3.0,-197.0,-158.0,0.0,-1.0,-1.0,2600.0,104.0,-695.0,238.0,16.0,-27.0,2323.0,22.0,1.0,-70.0,0.0,7.0,-7.0
5.0,-8.0,1.0,1.0,160.0,49.0,4.0,5.0,-2.0,0.0,15.0,9.0,1.0,10.0,3.0,-1.0,-41.0,-68.0,-149.0,222.0,1.0,-92.0,-99.0,-3.0,-1.0,-2.0,5948.0,59.0,-389.0,657.0,-189.0,46.0,6029.0,0.0,-2.0,93.0,1.0,-2.0,13.0
-7.0,7.0,8.0,2.0,16.0,-4.0,0.0,0.0,3.0,0.0,-7.0,-2.0,-2.0,-23.0,-7.0,15.0,31.0,15.0,170.0,34.0,-3.0,176.0,21.0,0.0,6.0,2.0,-5540.0,-14.0,290.0,-1057.0,-82.0,-64.0,-5179.0,3.0,-2.0,-131.0,3.0,38.0,53.0
3.0,-10.0,-3.0,2.0,108.0,44.0,-7.0,3.0,3.0,4.0,15.0,5.0,1.0,-3.0,4.0,-14.0,19.0,28.0,45.0,182.0,-1.0,-422.0,-310.0,0.0,-6.0,-6.0,5181.0,57.0,-410.0,809.0,-86.0,52.0,5426.0,3.0,0.0,-13.0,1.0,-9.0,7.0
8.0,-14.0,-31.0,2.0,111.0,65.0,11.0,4.0,2.0,0.0,32.0,0.0,1.0,13.0,4.0,-21.0,11.0,49.0,-257.0,-1.0,1.0,21.0,-10.0,-3.0,1.0,2.0,2639.0,45.0,235.0,430.0,-14.0,51.0,2507.0,29.0,-1.0,115.0,-1.0,-13.0,-14.0
-14.0,16.0,12.0,2.0,-125.0,-28.0,-5.0,1.0,-7.0,1.0,-27.0,3.0,-2.0,9.0,-7.0,29.0,16.0,-11.0,-173.0,-76.0,4.0,-101.0,-66.0,2.0,1.0,0.0,1748.0,-26.0,-117.0,387.0,13.0,-36.0,1283.0,-35.0,-5.0,69.0,1.0,21.0,9.0
4.0,-4.0,6.0,2.0,100.0,38.0,8.0,6.0,-2.0,1.0,20.0,-2.0,3.0,-5.0,2.0,-14.0,-27.0,-13.0,133.0,4.0,-4.0,275.0,89.0,0.0,-4.0,-4.0,-429.0,-14.0,130.0,-55.0,273.0,67.0,53.0,8.0,3.0,66.0,0.0,-23.0,-3.0
1.0,-3.0,7.0,0.0,-23.0,-7.0,6.0,-5.0,2.0,3.0,-4.0,1.0,3.0,16.0,2.0,-15.0,29.0,28.0,39.0,-71.0,1.0,107.0,33.0,5.0,-4.0,-2.0,899.0,13.0,-68.0,255.0,-24.0,-58.0,698.0,6.0,0.0,55.0,-2.0,27.0,22.0
-10.0,8.0,25.0,-1.0,-183.0,-104.0,-11.0,-1.0,0.0,0.0,-30.0,-1.0,-3.0,-18.0,-7.0,12.0,-9.0,44.0,-13.0,-67.0,0.0,143.0,129.0,0.0,5.0,4.0,-8987.0,-139.0,802.0,-1308.0,93.0,-39.0,-9515.0,-41.0,2.0,-31.0,0.0,9.0,-6.0
3.0,0.0,0.0,-3.0,-14.0,8.0,-1.0,1.0,3.0,-1.0,9.0,-1.0,4.0,-28.0,5.0,-9.0,5.0,-42.0,81.0,-142.0,-1.0,69.0,106.0,0.0,-2.0,-1.0,755.0,9.0,-288.0,53.0,86.0,-8.0,506.0,14.0,0.0,-4.0,-1.0,-3.0,23.0
3.0,-2.0,14.0,-5.0,101.0,67.0,0.0,-8.0,1.0,-2.0,4.0,0.0,1.0,-10.0,2.0,-16.0,-22.0,-22.0,-23.0,94.0,0.0,43.0,8.0,1.0,-6.0,-4.0,3618.0,32.0,-14.0,472.0,-67.0,30.0,3910.0,8.0,-6.0,192.0,-2.0,-12.0,8.0
2.0,1.0,-4.0,0.0,30.0,12.0,2.0,5.0,1.0,-3.0,-7.0,-2.0,-2.0,-7.0,1.0,-11.0,-34.0,32.0,127.0,-118.0,-1.0,-314.0,-110.0,3.0,-4.0,-3.0,986.0,-41.0,124.0,344.0,380.0,66.0,1522.0,7.0,-3.0,91.0,0.0,-21.0,-14.0
-9.0,10.0,2.0,0.0,-66.0,-30.0,-2.0,1.0,-4.0,-1.0,-16.0,3.0,1.0,-10.0,-5.0,26.0,-5.0,0.0,4.0,-63.0,1.0,42.0,105.0,2.0,-3.0,-1.0,778.0,-17.0,-432.0,105.0,92.0,3.0,871.0,-11.0,3.0,-53.0,-2.0,-1.0,-38.0
0.0,5.0,9.0,-4.0,-27.0,-32.0,-10.0,1.0,-1.0,0.0,-14.0,0.0,-2.0,11.0,-3.0,12.0,-37.0,-54.0,129.0,-21.0,-2.0,-43.0,37.0,-1.0,0.0,-1.0,-677.0,-24.0,-258.0,-158.0,-33.0,3.0,-450.0,-24.0,-2.0,-43.0,2.0,5.0,-2.0
2.0,-1.0,0.0,-3.0,72.0,2.0,6.0,-5.0,1.0,0.0,-5.0,0.0,-4.0,22.0,0.0,-14.0,7.0,21.0,52.0,-144.0,-1.0,24.0,20.0,2.0,-1.0,0.0,-1333.0,-12.0,181.0,-172.0,194.0,58.0,-1132.0,10.0,2.0,32.0,-1.0,-27.0,-26.0
1.0,-1.0,4.0,-6.0,96.0,44.0,2.0,-2.0,2.0,-1.0,4.0,8.0,2.0,-35.0,4.0,0.0,-8.0,-70.0,-79.0,15.0,0.0,-161.0,-2.0,1.0,0.0,0.0,4575.0,38.0,-427.0,510.0,-90.0,37.0,4680.0,7.0,-4.0,131.0,0.0,2.0,29.0
-5.0,2.0,13.0,-2.0,20.0,13.0,5.0,-7.0,-2.0,4.0,7.0,0.0,2.0,-15.0,-3.0,7.0,35.0,-5.0,-5.0,57.0,-3.0,451.0,190.0,1.0,3.0,2.0,-3543.0,-3.0,256.0,-599.0,-94.0,0.0,-3324.0,-6.0,4.0,17.0,0.0,5.0,4.0
4.0,-7.0,-17.0,2.0,92.0,35.0,2.0,6.0,7.0,-1.0,21.0,-2.0,4.0,-25.0,-3.0,1.0,9.0,70.0,225.0,109.0,-4.0,285.0,179.0,-2.0,2.0,2.0,-6700.0,11.0,46.0,-1251.0,-24.0,-31.0,-5832.0,33.0,3.0,-156.0,0.0,20.0,9.0
7.0,-6.0,14.0,-5.0,133.0,79.0,15.0,1.0,1.0,-2.0,11.0,-1.0,2.0,-18.0,4.0,-18.0,-33.0,4.0,127.0,15.0,-1.0,256.0,178.0,1.0,-2.0,-1.0,-1015.0,-10.0,242.0,-225.0,6.0,14.0,-348.0,14.0,-2.0,168.0,-1.0,-16.0,0.0
6.0,-7.0,-7.0,2.0,170.0,78.0,9.0,3.0,3.0,3.0,24.0,7.0,2.0,14.0,0.0,3.0,2.0,-10.0,-53.0,69.0,-3.0,11.0,21.0,-1.0,2.0,1.0,2769.0,3.0,-93.0,598.0,-42.0,36.0,3282.0,11.0,3.0,-91.0,2.0,-4.0,5.0
4.0,-5.0,1.0,2.0,188.0,66.0,2.0,6.0,-3.0,-2.0,13.0,8.0,-2.0,9.0,2.0,-2.0,-38.0,-26.0,-130.0,233.0,2.0,-187.0,-152.0,-4.0,1.0,0.0,1564.0,29.0,-46.0,46.0,55.0,102.0,1901.0,5.0,0.0,95.0,1.0,-44.0,-16.0
-11.0,15.0,21.0,-1.0,-153.0,-82.0,-10.0,-10.0,0.0,-1.0,-28.0,2.0,-3.0,7.0,-13.0,31.0,-15.0,-20.0,-261.0,-101.0,-1.0,363.0,290.0,-1.0,9.0,8.0,-6766.0,-151.0,863.0,-822.0,64.0,-39.0,-7401.0,-39.0,1.0,-85.0,0.0,18.0,0.0
-5.0,5.0,-10.0,4.0,-196.0,-82.0,-10.0,-4.0,0.0,0.0,-24.0,-6.0,-5.0,40.0,-6.0,14.0,35.0,83.0,-54.0,-19.0,4.0,-114.0,-87.0,-1.0,4.0,4.0,-4146.0,-24.0,297.0,-455.0,-183.0,-104.0,-4733.0,-15.0,1.0,-197.0,0.0,21.0,-26.0
11.0,-10.0,-24.0,2.0,132.0,70.0,11.0,11.0,-2.0,-3.0,21.0,-4.0,1.0,-2.0,11.0,-26.0,-38.0,-16.0,163.0,-58.0,0.0,-428.0,-198.0,2.0,-7.0,-6.0,8450.0,111.0,-776.0,1105.0,165.0,74.0,8998.0,40.0,-4.0,135.0,0.0,-19.0,1.0
3.0,2.0,7.0,-4.0,-128.0,-41.0,-10.0,-10.0,-1.0,-3.0,-11.0,-5.0,0.0,-7.0,7.0,-16.0,-21.0,-66.0,-74.0,49.0,3.0,-248.0,-195.0,0.0,-6.0,-4.0,5039.0,11.0,81.0,985.0,-19.0,4.0,4438.0,-11.0,-4.0,133.0,-2.0,-21.0,-6.0
15.0,-16.0,-18.0,3.0,139.0,56.0,6.0,9.0,1.0,1.0,32.0,0.0,2.0,56.0,6.0,-35.0,-22.0,25.0,-59.0,-17.0,1.0,128.0,16.0,-4.0,-4.0,-2.0,605.0,34.0,2.0,116.0,160.0,53.0,482.0,23.0,1.0,87.0,-1.0,-30.0,-16.0
-11.0,12.0,12.0,-2.0,-81.0,-43.0,3.0,-5.0,-5.0,3.0,-30.0,4.0,-3.0,32.0,-6.0,16.0,20.0,-32.0,-140.0,-231.0,2.0,18.0,7.0,5.0,-2.0,-2.0,4799.0,-8.0,-279.0,826.0,-37.0,-34.0,4279.0,-30.0,-5.0,99.0,0.0,36.0,12.0
3.0,-5.0,12.0,0.0,28.0,11.0,-2.0,2.0,5.0,1.0,4.0,-3.0,0.0,-41.0,6.0,-17.0,18.0,3.0,291.0,186.0,-2.0,-281.0,-314.0,0.0,-2.0,-5.0,47.0,12.0,217.0,40.0,-114.0,-24.0,427.0,1.0,-2.0,-35.0,3.0,4.0,46.0
-9.0,9.0,-7.0,3.0,-271.0,-145.0,-9.0,5.0,-4.0,-1.0,-28.0,-7.0,-3.0,-4.0,-2.0,13.0,20.0,32.0,76.0,-163.0,3.0,-54.0,-29.0,0.0,4.0,3.0,-6387.0,-35.0,107.0,-1070.0,109.0,-66.0,-7192.0,-19.0,3.0,-101.0,0.0,16.0,-13.0
1.0,-6.0,5.0,4.0,62.0,30.0,-4.0,-5.0,1.0,4.0,9.0,5.0,1.0,24.0,2.0,-14.0,32.0,30.0,-122.0,81.0,1.0,-161.0,-128.0,2.0,-2.0,-1.0,2394.0,41.0,-172.0,392.0,-17.0,19.0,2071.0,8.0,2.0,3.0,-1.0,-4.0,15.0
-7.0,9.0,-1.0,2.0,-232.0,-51.0,-10.0,0.0,1.0,0.0,-10.0,-9.0,3.0,-32.0,-3.0,15.0,34.0,47.0,97.0,-78.0,0.0,68.0,79.0,1.0,2.0,2.0,-4615.0,-47.0,208.0,-485.0,-5.0,-104.0,-4897.0,-10.0,0.0,-125.0,0.0,29.0,13.0
0.0,-5.0,-16.0,3.0,22.0,22.0,6.0,3.0,0.0,-1.0,20.0,0.0,2.0,-26.0,2.0,4.0,5.0,-16.0,-187.0,81.0,0.0,31.0,-17.0,-3.0,2.0,1.0,4162.0,41.0,-17.0,514.0,-187.0,-1.0,3880.0,13.0,0.0,-14.0,0.0,10.0,9.0
-2.0,9.0,17.0,-2.0,-73.0,-46.0,-7.0,-7.0,-3.0,0.0,-20.0,0.0,-2.0,38.0,-5.0,12.0,-24.0,-52.0,-38.0,-122.0,0.0,218.0,219.0,1.0,4.0,4.0,-3464.0,-40.0,-20.0,-575.0,36.0,-30.0,-3805.0,-19.0,0.0,-27.0,0.0,10.0,6.0
-7.0,7.0,3.0,-4.0,-50.0,-13.0,-1.0,-8.0,1.0,0.0,-20.0,0.0,-3.0,-17.0,-4.0,10.0,28.0,40.0,-11.0,-65.0,0.0,-138.0,-9.0,4.0,3.0,3.0,-2128.0,-30.0,250.0,-200.0,13.0,-1.0,-1855.0,-7.0,-2.0,42.0,0.0,7.0,-7.0
7.0,-5.0,1.0,-1.0,174.0,74.0,1.0,7.0,0.0,-3.0,22.0,7.0,2.0,-19.0,7.0,-11.0,-33.0,-68.0,-49.0,91.0,1.0,-118.0,-46.0,-4.0,-1.0,-1.0,2319.0,38.0,-334.0,99.0,141.0,94.0,2407.0,19.0,0.0,91.0,0.0,-47.0,7.0
-3.0,0.0,-9.0,-1.0,-7.0,1.0,1.0,-3.0,-3.0,3.0,3.0,5.0,2.0,36.0,-4.0,12.0,35.0,33.0,-193.0,-27.0,3.0,346.0,222.0,-1.0,0.0,3.0,-1731.0,28.0,-304.0,-323.0,-115.0,-11.0,-2024.0,-2.0,5.0,-15.0,-3.0,-3.0,-47.0
2.0,-7.0,7.0,1.0,139.0,57.0,14.0,6.0,-1.0,4.0,22.0,2.0,2.0,-21.0,1.0,-4.0,-10.0,13.0,92.0,1.0,-6.0,177.0,142.0,2.0,3.0,1.0,-1311.0,-28.0,189.0,-204.0,122.0,71.0,-559.0,4.0,5.0,30.0,2.0,-9.0,4.0
-8.0,8.0,-12.0,0.0,34.0,-1.0,-1.0,6.0,0.0,-1.0,-5.0,1.0,-2.0,-9.0,-11.0,32.0,0.0,10.0,46.0,-51.0,-3.0,196.0,153.0,-2.0,4.0,2.0,-2800.0,-10.0,-165.0,-680.0,-37.0,-7.0,-2251.0,-3.0,-2.0,-112.0,2.0,29.0,-1.0
-17.0,20.0,35.0,-1.0,-191.0,-101.0,-14.0,-7.0,1.0,-1.0,-40.0,2.0,-2.0,-44.0,-12.0,40.0,-2.0,-17.0,34.0,22.0,-2.0,124.0,81.0,1.0,4.0,2.0,-5941.0,-156.0,648.0,-677.0,42.0,-60.0,-6103.0,-49.0,2.0,-173.0,1.0,21.0,8.0
6.0,-5.0,-4.0,0.0,241.0,95.0,6.0,0.0,1.0,0.0,17.0,12.0,1.0,23.0,0.0,2.0,-28.0,-64.0,-172.0,229.0,0.0,-121.0,-140.0,-2.0,-3.0,-3.0,7471.0,46.0,-291.0,1204.0,-67.0,77.0,8068.0,8.0,-3.0,80.0,1.0,-13.0,4.0
10.0,-13.0,12.0,-5.0,262.0,101.0,13.0,-5.0,2.0,1.0,21.0,4.0,-1.0,13.0,5.0,-30.0,-26.0,-15.0,-1.0,12.0,-3.0,107.0,90.0,1.0,-3.0,-2.0,3531.0,36.0,-24.0,351.0,-37.0,93.0,4021.0,21.0,0.0,146.0,-1.0,-32.0,-4.0
11.0,-9.0,-10.0,-2.0,-4.0,6.0,7.0,5.0,6.0,-4.0,17.0,-8.0,5.0,-40.0,6.0,-17.0,-23.0,30.0,301.0,79.0,-2.0,250.0,154.0,-2.0,0.0,1.0,-6294.0,-20.0,383.0,-963.0,30.0,-43.0,-5652.0,28.0,3.0,-47.0,-1.0,-5.0,-5.0
3.0,-5.0,-6.0,3.0,87.0,32.0,-6.0,4.0,1.0,0.0,8.0,3.0,-1.0,2.0,2.0,-9.0,-34.0,-8.0,-53.0,23.0,-2.0,-487.0,-218.0,1.0,-4.0,-4.0,6865.0,17.0,-323.0,1092.0,143.0,87.0,7023.0,4.0,-3.0,37.0,1.0,-10.0,8.0
-12.0,10.0,-4.0,2.0,-31.0,-4.0,7.0,-1.0,-6.0,0.0,-12.0,3.0,-4.0,5.0,-5.0,19.0,28.0,-6.0,-308.0,-139.0,3.0,-46.0,-63.0,1.0,2.0,1.0,4577.0,3.0,47.0,729.0,20.0,21.0,4031.0,-12.0,-3.0,87.0,0.0,4.0,-8.0
10.0,-12.0,4.0,-2.0,12.0,15.0,-2.0,2.0,2.0,1.0,11.0,-1.0,2.0,-18.0,13.0,-32.0,-13.0,-12.0,121.0,152.0,1.0,-457.0,-335.0,0.0,-8.0,-7.0,5587.0,26.0,-73.0,1097.0,-32.0,40.0,5606.0,-2.0,0.0,96.0,0.0,-34.0,-7.0
-1.0,5.0,-15.0,6.0,-140.0,-86.0,-6.0,8.0,-2.0,-1.0,-6.0,-4.0,0.0,26.0,-1.0,6.0,5.0,-4.0,64.0,-91.0,2.0,55.0,-61.0,-3.0,-1.0,-1.0,-2736.0,-18.0,-45.0,-323.0,218.0,-34.0,-3298.0,-4.0,4.0,-156.0,0.0,-2.0,-15.0
3.0,-3.0,-9.0,2.0,-50.0,-25.0,-7.0,2.0,1.0,-1.0,0.0,2.0,0.0,22.0,2.0,4.0,-1.0,-27.0,-122.0,61.0,4.0,-137.0,-80.0,-4.0,1.0,1.0,2557.0,44.0,-380.0,255.0,-286.0,-66.0,1802.0,-1.0,-1.0,-108.0,0.0,16.0,10.0
-1.0,-3.0,12.0,2.0,-76.0,-36.0,2.0,1.0,-2.0,1.0,-8.0,-3.0,0.0,2.0,4.0,-19.0,19.0,66.0,81.0,-67.0,3.0,41.0,21.0,3.0,0.0,1.0,-5008.0,-4.0,177.0,-903.0,98.0,-33.0,-5469.0,3.0,3.0,70.0,-2.0,-4.0,2.0
6.0,-8.0,-15.0,2.0,17.0,41.0,-1.0,6.0,1.0,1.0,17.0,0.0,3.0,17.0,2.0,-11.0,-1.0,44.0,-122.0,62.0,2.0,-34.0,-13.0,-2.0,0.0,1.0,-190.0,16.0,71.0,88.0,-21.0,-6.0,-241.0,6.0,-3.0,97.0,0.0,4.0,3.0
-4.0,7.0,12.0,0.0,-183.0,-62.0,-7.0,-7.0,4.0,0.0,-11.0,-12.0,-1.0,-39.0,0.0,0.0,40.0,3.0,215.0,-77.0,-3.0,60.0,-13.0,1.0,5.0,2.0,-5203.0,-46.0,569.0,-678.0,-76.0,-101.0,-5527.0,-5.0,0.0,-169.0,2.0,26.0,48.0
-4.0,7.0,2.0,-4.0,-117.0,-49.0,-5.0,-9.0,1.0,-1.0,-20.0,-3.0,1.0,0.0,-2.0,1.0,8.0,-28.0,11.0,-73.0,1.0,55.0,-9.0,3.0,-6.0,-4.0,3138.0,14.0,-152.0,560.0,-80.0,-61.0,2885.0,-8.0,-6.0,76.0,-2.0,35.0,15.0
1.0,-3.0,-21.0,4.0,-44.0,1.0,6.0,0.0,-4.0,1.0,4.0,-10.0,-2.0,23.0,2.0,-5.0,32.0,62.0,104.0,-20.0,1.0,-91.0,-95.0,2.0,0.0,0.0,761.0,84.0,-223.0,51.0,-112.0,-30.0,941.0,19.0,1.0,-45.0,0.0,7.0,-21.0
-5.0,5.0,-14.0,3.0,-11.0,-16.0,-4.0,4.0,2.0,-1.0,-11.0,3.0,-2.0,28.0,-8.0,20.0,31.0,53.0,-18.0,-50.0,3.0,71.0,53.0,-2.0,3.0,3.0,-3728.0,17.0,-270.0,-781.0,-103.0,-75.0,-3879.0,7.0,-1.0,-163.0,0.0,30.0,2.0
-13.0,19.0,17.0,-2.0,-178.0,-75.0,-12.0,-9.0,-2.0,-4.0,-34.0,-4.0,-1.0,-40.0,-5.0,25.0,5.0,-51.0,100.0,20.0,1.0,-30.0,-69.0,2.0,-3.0,-3.0,277.0,-20.0,-61.0,33.0,-9.0,-57.0,130.0,-19.0,-3.0,-51.0,-1.0,16.0,9.0
0.0,0.0,-7.0,-1.0,-5.0,-10.0,-4.0,4.0,-1.0,-1.0,6.0,0.0,0.0,-15.0,-1.0,16.0,-32.0,-70.0,-58.0,60.0,-2.0,-12.0,20.0,-4.0,2.0,0.0,3485.0,17.0,-275.0,356.0,-220.0,2.0,3430.0,-11.0,-2.0,-57.0,2.0,15.0,7.0
0.0,-5.0,-15.0,2.0,80.0,33.0,-5.0,1.0,-2.0,3.0,11.0,8.0,1.0,38.0,-2.0,3.0,1.0,25.0,-246.0,-4.0,1.0,-141.0,4.0,0.0,-4.0,-1.0,5134.0,45.0,-627.0,769.0,28.0,76.0,4999.0,2.0,2.0,22.0,-2.0,-13.0,-39.0
-7.0,7.0,13.0,0.0,107.0,23.0,5.0,1.0,-8.0,1.0,-17.0,12.0,-5.0,41.0,-4.0,14.0,-18.0,-58.0,-270.0,2.0,4.0,-169.0,-145.0,1.0,-1.0,-2.0,6363.0,21.0,-325.0,872.0,18.0,68.0,6180.0,-25.0,-5.0,194.0,1.0,-8.0,-4.0
10.0,-7.0,-3.0,-2.0,176.0,69.0,5.0,11.0,2.0,-4.0,17.0,6.0,3.0,-25.0,9.0,-21.0,-70.0,-78.0,59.0,-38.0,-1.0,-337.0,-103.0,0.0,-7.0,-6.0,7689.0,27.0,-553.0,1054.0,277.0,104.0,8057.0,21.0,-5.0,180.0,0.0,-26.0,22.0
2.0,0.0,-5.0,-2.0,53.0,29.0,4.0,-6.0,4.0,2.0,4.0,4.0,3.0,14.0,-2.0,4.0,10.0,-38.0,-42.0,-4.0,-2.0,66.0,12.0,2.0,-4.0,-3.0,5907.0,17.0,-245.0,1158.0,-122.0,-25.0,6167.0,3.0,-3.0,-15.0,0.0,31.0,20.0
10.0,-16.0,11.0,-3.0,241.0,123.0,8.0,4.0,4.0,2.0,26.0,4.0,3.0,-21.0,8.0,-32.0,-14.0,32.0,172.0,197.0,-2.0,-166.0,-132.0,1.0,-8.0,-7.0,4166.0,47.0,-168.0,584.0,-80.0,66.0,5078.0,17.0,-2.0,155.0,0.0,-25.0,7.0
-2.0,6.0,16.0,0.0,-94.0,-24.0,-12.0,2.0,-1.0,1.0,-15.0,0.0,2.0,4.0,-2.0,10.0,-12.0,-5.0,135.0,63.0,1.0,-55.0,-3.0,1.0,-1.0,-1.0,-2829.0,-29.0,-164.0,-342.0,-7.0,-57.0,-2748.0,-23.0,-2.0,-18.0,1.0,17.0,17.0
-2.0,4.0,17.0,2.0,-52.0,-45.0,-8.0,2.0,2.0,0.0,-8.0,2.0,0.0,12.0,-6.0,5.0,-24.0,8.0,-25.0,5.0,-1.0,252.0,97.0,-3.0,0.0,0.0,-5336.0,-122.0,650.0,-561.0,202.0,-7.0,-5621.0,-26.0,3.0,-86.0,0.0,-9.0,-8.0
-1.0,3.0,0.0,1.0,28.0,17.0,-2.0,1.0,-1.0,-2.0,-2.0,-1.0,-3.0,-1.0,-1.0,-1.0,3.0,42.0,19.0,11.0,1.0,-95.0,-53.0,-1.0,2.0,2.0,-4384.0,-30.0,343.0,-611.0,244.0,56.0,-4128.0,5.0,2.0,2.0,0.0,-42.0,-29.0
-3.0,-2.0,-7.0,1.0,72.0,47.0,13.0,1.0,-1.0,0.0,20.0,-2.0,2.0,-48.0,0.0,0.0,6.0,11.0,-65.0,20.0,-4.0,168.0,63.0,1.0,1.0,0.0,1605.0,-3.0,363.0,259.0,99.0,65.0,2078.0,14.0,1.0,94.0,0.0,-6.0,-1.0
6.0,-5.0,-14.0,0.0,38.0,19.0,4.0,-3.0,-1.0,0.0,12.0,0.0,-1.0,51.0,-1.0,-9.0,-13.0,-3.0,-295.0,-123.0,1.0,239.0,209.0,-2.0,5.0,6.0,-825.0,5.0,215.0,-145.0,22.0,21.0,-1298.0,10.0,-1.0,88.0,-1.0,-3.0,-8.0
-7.0,11.0,1.0,3.0,-213.0,-112.0,-10.0,-2.0,1.0,-1.0,-22.0,-7.0,-3.0,-20.0,-2.0,15.0,32.0,-29.0,119.0,-11.0,0.0,-115.0,-182.0,-1.0,6.0,2.0,-4119.0,-35.0,385.0,-544.0,-34.0,-90.0,-4651.0,-16.0,0.0,-190.0,3.0,29.0,39.0
1.0,-4.0,5.0,-2.0,-9.0,-44.0,4.0,0.0,-2.0,0.0,-7.0,-3.0,-4.0,9.0,3.0,-17.0,-6.0,17.0,75.0,-151.0,0.0,53.0,61.0,1.0,1.0,1.0,-2856.0,1.0,83.0,-719.0,72.0,27.0,-3171.0,2.0,3.0,45.0,-1.0,-16.0,-17.0
9.0,-11.0,-13.0,3.0,107.0,68.0,13.0,2.0,-2.0,1.0,22.0,-2.0,3.0,20.0,11.0,-31.0,28.0,22.0,94.0,0.0,3.0,-102.0,-108.0,3.0,-5.0,-3.0,3979.0,135.0,-625.0,405.0,5.0,6.0,4046.0,44.0,1.0,101.0,-2.0,-13.0,8.0
7.0,-2.0,7.0,-4.0,-96.0,-29.0,5.0,-1.0,-1.0,-3.0,-4.0,-6.0,1.0,-15.0,9.0,-18.0,-32.0,-40.0,76.0,-30.0,2.0,-35.0,-25.0,0.0,-2.0,-1.0,406.0,-31.0,337.0,288.0,54.0,-12.0,180.0,-5.0,0.0,109.0,-1.0,-25.0,-14.0
-2.0,-3.0,1.0,-1.0,39.0,19.0,6.0,0.0,1.0,3.0,2.0,4.0,-1.0,-16.0,-1.0,10.0,17.0,26.0,-41.0,-3.0,-2.0,-98.0,53.0,2.0,7.0,5.0,-882.0,-14.0,59.0,-149.0,-151.0,4.0,-612.0,-4.0,2.0,-36.0,2.0,14.0,7.0
4.0,-7.0,-13.0,3.0,-93.0,-31.0,-4.0,-2.0,5.0,0.0,8.0,-11.0,1.0,-13.0,-1.0,-5.0,13.0,100.0,189.0,140.0,-3.0,100.0,39.0,-1.0,3.0,3.0,-7118.0,-30.0,613.0,-925.0,-104.0,-60.0,-6686.0,11.0,5.0,-190.0,0.0,11.0,-19.0
-7.0,7.0,3.0,-1.0,-190.0,-61.0,-6.0,-10.0,1.0,3.0,-8.0,-7.0,1.0,-3.0,-4.0,12.0,75.0,36.0,22.0,-104.0,0.0,406.0,209.0,0.0,5.0,5.0,-6934.0,-18.0,265.0,-1001.0,-191.0,-112.0,-7551.0,-7.0,5.0,-184.0,-1.0,23.0,1.0
0.0,-2.0,-3.0,2.0,-71.0,-17.0,3.0,3.0,2.0,3.0,7.0,-5.0,1.0,-9.0,0.0,1.0,30.0,54.0,119.0,-160.0,-3.0,132.0,161.0,1.0,5.0,4.0,-4702.0,-43.0,198.0,-606.0,25.0,-41.0,-4786.0,3.0,6.0,-171.0,1.0,9.0,1.0
11.0,-12.0,-20.0,-1.0,174.0,60.0,15.0,1.0,-2.0,0.0,23.0,-2.0,-1.0,27.0,10.0,-29.0,3.0,-27.0,88.0,-84.0,0.0,-90.0,-68.0,1.0,-4.0,-3.0,6131.0,140.0,-719.0,589.0,-21.0,66.0,6344.0,43.0,1.0,76.0,-1.0,-25.0,-11.0
12.0,-15.0,-5.0,2.0,58.0,36.0,3.0,0.0,7.0,0.0,26.0,-3.0,6.0,-16.0,8.0,-31.0,9.0,60.0,179.0,160.0,-1.0,89.0,26.0,0.0,-2.0,0.0,-3900.0,21.0,211.0,-571.0,13.0,-24.0,-3581.0,36.0,5.0,-44.0,-2.0,-9.0,10.0
7.0,-5.0,5.0,0.0,-11.0,8.0,-5.0,-1.0,-2.0,-2.0,9.0,-2.0,-1.0,-7.0,9.0,-17.0,-29.0,-38.0,-85.0,122.0,2.0,-303.0,-186.0,-3.0,0.0,0.0,1901.0,-3.0,233.0,425.0,61.0,65.0,1553.0,-3.0,2.0,57.0,0.0,-56.0,-21.0
-9.0,11.0,4.0,-3.0,-101.0,-37.0,-2.0,-12.0,-2.0,-1.0,-20.0,0.0,-3.0,-5.0,-7.0,26.0,9.0,-28.0,-236.0,-106.0,0.0,111.0,193.0,2.0,9.0,8.0,-1430.0,-29.0,213.0,-261.0,-138.0,-32.0,-1780.0,-13.0,-2.0,1.0,0.0,27.0,8.0
6.0,-10.0,-11.0,-1.0,59.0,31.0,3.0,-4.0,1.0,4.0,19.0,2.0,1.0,46.0,1.0,-14.0,40.0,33.0,-197.0,36.0,2.0,304.0,117.0,-3.0,3.0,4.0,-2509.0,45.0,128.0,-428.0,-207.0,-14.0,-2895.0,9.0,2.0,38.0,-1.0,-2.0,-9.0
-4.0,0.0,14.0,-1.0,-31.0,-21.0,5.0,3.0,-4.0,1.0,-2.0,-5.0,0.0,-35.0,1.0,-7.0,-12.0,23.0,145.0,-68.0,-3.0,166.0,121.0,3.0,1.0,0.0,-4080.0,-31.0,282.0,-802.0,164.0,35.0,-3841.0,-7.0,2.0,121.0,0.0,-5.0,-1.0
-7.0,7.0,12.0,3.0,-169.0,-70.0,-6.0,-8.0,1.0,1.0,-20.0,-11.0,-5.0,-11.0,-5.0,9.0,35.0,45.0,134.0,65.0,-2.0,-9.0,-119.0,1.0,7.0,3.0,-5958.0,-55.0,857.0,-731.0,-162.0,-93.0,-6033.0,-19.0,0.0,-165.0,3.0,29.0,25.0
-1.0,6.0,2.0,-3.0,-57.0,-20.0,8.0,1.0,0.0,-3.0,-15.0,-5.0,-1.0,-9.0,-1.0,-2.0,0.0,40.0,180.0,-141.0,1.0,173.0,108.0,2.0,0.0,1.0,-5879.0,-58.0,447.0,-748.0,237.0,-21.0,-5501.0,3.0,0.0,54.0,-1.0,-11.0,-22.0
-8.0,7.0,-28.0,5.0,-168.0,-77.0,-1.0,3.0,-1.0,-2.0,-6.0,-4.0,-1.0,-17.0,-3.0,20.0,38.0,20.0,-134.0,-75.0,2.0,-52.0,-87.0,-2.0,4.0,3.0,-702.0,-7.0,188.0,-9.0,44.0,-36.0,-1273.0,2.0,2.0,-128.0,0.0,15.0,-13.0
-8.0,9.0,15.0,1.0,-89.0,-43.0,-5.0,-1.0,-2.0,-1.0,-12.0,0.0,1.0,-39.0,-2.0,25.0,-6.0,-65.0,70.0,82.0,-1.0,10.0,-7.0,0.0,1.0,-1.0,1523.0,-4.0,-252.0,84.0,-173.0,-52.0,1373.0,-16.0,1.0,-129.0,1.0,23.0,23.0
-5.0,10.0,-5.0,-4.0,-94.0,-42.0,-11.0,-4.0,-1.0,-4.0,-16.0,-4.0,-2.0,-16.0,-4.0,16.0,-21.0,-56.0,-28.0,-2.0,0.0,-52.0,-42.0,-2.0,-2.0,-2.0,2239.0,1.0,-84.0,305.0,-56.0,-3.0,2187.0,-14.0,-6.0,21.0,0.0,8.0,-7.0
-10.0,9.0,-5.0,4.0,-33.0,7.0,-3.0,7.0,0.0,0.0,-6.0,1.0,2.0,-16.0,-10.0,30.0,25.0,59.0,52.0,33.0,0.0,184.0,113.0,0.0,3.0,2.0,-4952.0,-15.0,-71.0,-864.0,-11.0,-67.0,-4549.0,-2.0,-2.0,-87.0,1.0,41.0,18.0
2.0,-3.0,-7.0,2.0,138.0,66.0,-6.0,-6.0,3.0,3.0,17.0,8.0,1.0,22.0,-2.0,5.0,13.0,-36.0,-203.0,148.0,-2.0,-202.0,-149.0,-1.0,-2.0,-2.0,7402.0,45.0,-349.0,1295.0,-115.0,52.0,7540.0,5.0,-1.0,-67.0,1.0,0.0,13.0
8.0,-3.0,17.0,-5.0,124.0,35.0,-3.0,3.0,1.0,0.0,4.0,8.0,3.0,8.0,6.0,-14.0,-41.0,-94.0,119.0,-1.0,0.0,-54.0,24.0,0.0,-5.0,-4.0,2541.0,27.0,-660.0,196.0,84.0,39.0,2655.0,1.0,-2.0,103.0,0.0,-15.0,27.0
6.0,-6.0,-16.0,3.0,73.0,26.0,4.0,10.0,-3.0,0.0,16.0,3.0,3.0,46.0,1.0,-9.0,-27.0,25.0,-55.0,-80.0,2.0,170.0,121.0,-2.0,-7.0,-3.0,1383.0,17.0,-430.0,221.0,252.0,56.0,1353.0,12.0,4.0,34.0,-3.0,-31.0,-54.0
5.0,-7.0,-10.0,1.0,1.0,-1.0,-6.0,6.0,4.0,0.0,0.0,2.0,0.0,10.0,5.0,-12.0,18.0,41.0,103.0,102.0,4.0,-386.0,-282.0,-2.0,-5.0,-4.0,1859.0,43.0,-343.0,316.0,-135.0,-35.0,1727.0,5.0,-1.0,-67.0,0.0,-4.0,-5.0
3.0,-2.0,-4.0,-1.0,2.0,-5.0,4.0,4.0,2.0,-1.0,-5.0,-1.0,1.0,-6.0,2.0,-10.0,-37.0,-10.0,108.0,-129.0,-2.0,-219.0,-57.0,4.0,-6.0,-5.0,5370.0,-11.0,-219.0,955.0,136.0,10.0,5650.0,2.0,-5.0,89.0,0.0,21.0,15.0
-4.0,3.0,21.0,-1.0,58.0,-9.0,-5.0,-1.0,1.0,0.0,-13.0,11.0,-2.0,5.0,-7.0,14.0,-37.0,-20.0,-185.0,162.0,0.0,22.0,-11.0,-2.0,2.0,1.0,-1516.0,-93.0,511.0,-104.0,26.0,38.0,-1447.0,-33.0,-1.0,49.0,1.0,-4.0,-2.0
-4.0,3.0,24.0,-3.0,137.0,73.0,8.0,-4.0,-5.0,2.0,-6.0,7.0,-3.0,22.0,-2.0,-1.0,-10.0,-26.0,-174.0,-64.0,1.0,6.0,24.0,3.0,-2.0,-2.0,5279.0,10.0,-141.0,738.0,-24.0,57.0,5304.0,-14.0,-5.0,215.0,0.0,-11.0,5.0
10.0,-11.0,8.0,-2.0,220.0,111.0,9.0,5.0,2.0,-2.0,19.0,2.0,1.0,-16.0,6.0,-27.0,-67.0,-4.0,74.0,38.0,-3.0,-231.0,-40.0,2.0,-6.0,-5.0,5850.0,7.0,-81.0,867.0,149.0,101.0,6675.0,18.0,-5.0,205.0,0.0,-26.0,8.0
2.0,-4.0,-8.0,-2.0,46.0,14.0,-3.0,8.0,2.0,0.0,6.0,0.0,0.0,-27.0,2.0,0.0,-13.0,-2.0,167.0,101.0,-2.0,-261.0,-182.0,-2.0,-4.0,-5.0,2787.0,16.0,-238.0,417.0,-69.0,33.0,3355.0,-5.0,-2.0,-16.0,2.0,-5.0,-8.0
1.0,-1.0,14.0,0.0,35.0,-2.0,-14.0,-4.0,0.0,4.0,-5.0,5.0,-1.0,35.0,-1.0,-2.0,-5.0,-24.0,7.0,60.0,-1.0,-204.0,-91.0,1.0,-2.0,-2.0,1717.0,17.0,-430.0,234.0,-50.0,22.0,1621.0,-16.0,0.0,-40.0,1.0,1.0,13.0
8.0,-8.0,1.0,-2.0,146.0,57.0,3.0,6.0,1.0,-1.0,24.0,8.0,5.0,-18.0,8.0,-10.0,-36.0,-110.0,-68.0,80.0,0.0,-23.0,7.0,-3.0,-3.0,-3.0,6703.0,68.0,-677.0,710.0,-103.0,38.0,6535.0,14.0,-2.0,89.0,0.0,-5.0,36.0
-7.0,11.0,2.0,0.0,-161.0,-34.0,-13.0,-3.0,-1.0,-3.0,-17.0,-4.0,2.0,-23.0,-3.0,14.0,4.0,-7.0,-22.0,82.0,3.0,-64.0,-82.0,0.0,-3.0,-2.0,87.0,-4.0,10.0,121.0,-30.0,-63.0,-111.0,-13.0,-6.0,46.0,-1.0,20.0,12.0
8.0,-4.0,-8.0,3.0,131.0,59.0,3.0,3.0,2.0,0.0,22.0,3.0,3.0,30.0,1.0,-7.0,-15.0,-36.0,-12.0,72.0,-1.0,109.0,-32.0,-3.0,-5.0,-4.0,3651.0,17.0,-152.0,747.0,109.0,32.0,3894.0,15.0,1.0,-55.0,0.0,-18.0,-2.0
-20.0,24.0,27.0,0.0,-142.0,-69.0,-4.0,-5.0,-8.0,0.0,-44.0,3.0,-5.0,-8.0,-9.0,40.0,17.0,-55.0,-51.0,-138.0,2.0,-67.0,-53.0,4.0,1.0,-1.0,1938.0,-42.0,-188.0,299.0,34.0,-30.0,1524.0,-41.0,-2.0,-28.0,1.0,17.0,6.0
-3.0,0.0,-4.0,2.0,199.0,58.0,7.0,7.0,-1.0,0.0,4.0,10.0,-1.0,16.0,-7.0,15.0,-9.0,12.0,-45.0,111.0,0.0,116.0,34.0,-1.0,1.0,0.0,-337.0,32.0,-279.0,-379.0,-6.0,37.0,348.0,8.0,-2.0,38.0,1.0,12.0,5.0
-6.0,8.0,11.0,0.0,-152.0,-83.0,-16.0,-4.0,4.0,-1.0,-28.0,4.0,-3.0,17.0,-8.0,19.0,3.0,21.0,-158.0,1.0,3.0,-23.0,8.0,-3.0,4.0,4.0,-4907.0,-108.0,520.0,-506.0,-71.0,-74.0,-5674.0,-34.0,0.0,-152.0,0.0,14.0,-5.0
0.0,-2.0,-13.0,-2.0,-5.0,-4.0,5.0,1.0,-1.0,2.0,-2.0,4.0,3.0,30.0,-2.0,2.0,-2.0,23.0,-85.0,-156.0,1.0,127.0,165.0,3.0,-6.0,-2.0,3639.0,17.0,-523.0,632.0,21.0,-1.0,3626.0,0.0,0.0,74.0,-3.0,18.0,-32.0
-7.0,12.0,0.0,0.0,-211.0,-73.0,-5.0,-9.0,-1.0,-1.0,-15.0,-9.0,-1.0,2.0,-6.0,17.0,22.0,0.0,-76.0,-263.0,-1.0,341.0,301.0,1.0,7.0,7.0,-5250.0,-58.0,352.0,-718.0,38.0,-77.0,-5954.0,-6.0,2.0,-134.0,-1.0,22.0,2.0
-8.0,12.0,-12.0,2.0,-190.0,-99.0,-7.0,0.0,-1.0,-1.0,-26.0,-4.0,-3.0,9.0,-5.0,16.0,33.0,36.0,53.0,-156.0,2.0,-83.0,-70.0,1.0,2.0,2.0,-4864.0,-48.0,205.0,-523.0,231.0,-35.0,-5153.0,-11.0,2.0,-114.0,0.0,5.0,-22.0
9.0,-12.0,-3.0,-1.0,103.0,51.0,6.0,2.0,5.0,0.0,32.0,-5.0,6.0,-53.0,5.0,-19.0,-22.0,17.0,243.0,159.0,-7.0,214.0,126.0,0.0,-1.0,-1.0,-2972.0,-6.0,316.0,-470.0,79.0,44.0,-1953.0,26.0,4.0,7.0,0.0,-10.0,7.0
1.0,-1.0,8.0,-5.0,-89.0,-22.0,-4.0,-10.0,0.0,0.0,-9.0,-1.0,-1.0,-23.0,6.0,-6.0,-4.0,-40.0,-115.0,46.0,1.0,-346.0,-142.0,2.0,1.0,1.0,4157.0,-3.0,140.0,836.0,-170.0,8.0,3826.0,-15.0,-2.0,97.0,0.0,-7.0,1.0
-2.0,-1.0,11.0,1.0,-25.0,-2.0,2.0,-9.0,0.0,4.0,1.0,2.0,2.0,22.0,0.0,-5.0,66.0,38.0,-69.0,58.0,3.0,326.0,90.0,1.0,2.0,3.0,-4471.0,24.0,151.0,-700.0,-160.0,-68.0,-4952.0,4.0,5.0,-34.0,-2.0,6.0,7.0
3.0,-2.0,13.0,-2.0,49.0,-11.0,3.0,-7.0,3.0,0.0,-1.0,-3.0,-4.0,-7.0,3.0,-15.0,6.0,-44.0,118.0,1.0,-3.0,-8.0,-92.0,0.0,3.0,0.0,-588.0,1.0,361.0,-193.0,-71.0,3.0,-630.0,5.0,0.0,-44.0,2.0,-3.0,35.0
7.0,-12.0,-10.0,0.0,8.0,-3.0,3.0,6.0,-1.0,1.0,10.0,-3.0,-1.0,26.0,5.0,-28.0,-7.0,61.0,-47.0,-89.0,2.0,19.0,48.0,-1.0,1.0,2.0,-3046.0,17.0,154.0,-631.0,51.0,21.0,-3412.0,8.0,0.0,142.0,-1.0,-12.0,-14.0
-3.0,-2.0,-3.0,5.0,-57.0,-25.0,4.0,2.0,-1.0,4.0,-2.0,-4.0,-3.0,19.0,-5.0,10.0,25.0,96.0,38.0,-18.0,-2.0,63.0,55.0,1.0,7.0,5.0,-5457.0,-52.0,486.0,-659.0,-61.0,-33.0,-5292.0,-11.0,6.0,-167.0,2.0,12.0,-22.0
-1.0,-2.0,-16.0,4.0,50.0,39.0,4.0,4.0,-1.0,-3.0,18.0,-1.0,-1.0,-27.0,1.0,3.0,8.0,26.0,-168.0,92.0,1.0,-64.0,-70.0,-4.0,4.0,3.0,-222.0,11.0,326.0,-97.0,57.0,55.0,-248.0,18.0,2.0,-12.0,0.0,-32.0,-20.0
8.0,-5.0,-18.0,-1.0,45.0,38.0,17.0,7.0,-3.0,-3.0,13.0,-7.0,2.0,-4.0,9.0,-17.0,-4.0,-8.0,216.0,-81.0,2.0,59.0,20.0,1.0,-3.0,-2.0,1585.0,94.0,-453.0,13.0,22.0,-13.0,1975.0,36.0,-1.0,98.0,-1.0,-9.0,-7.0
2.0,-4.0,-17.0,-2.0,52.0,45.0,8.0,-2.0,-2.0,0.0,8.0,-2.0,0.0,-12.0,6.0,-5.0,24.0,-8.0,25.0,-5.0,1.0,-252.0,-97.0,3.0,0.0,0.0,5336.0,122.0,-650.0,561.0,-202.0,7.0,5621.0,26.0,-3.0,86.0,0.0,9.0,8.0
7.0,-7.0,-13.0,0.0,-107.0,-23.0,-5.0,-1.0,8.0,-1.0,17.0,-12.0,5.0,-41.0,4.0,-14.0,18.0,58.0,270.0,-2.0,-4.0,169.0,145.0,-1.0,1.0,2.0,-6363.0,-21.0,325.0,-872.0,-18.0,-68.0,-6180.0,25.0,5.0,-194.0,-1.0,8.0,4.0
-10.0,16.0,-11.0,3.0,-241.0,-123.0,-8.0,-4.0,-4.0,-2.0,-26.0,-4.0,-3.0,21.0,-8.0,32.0,14.0,-32.0,-172.0,-197.0,2.0,166.0,132.0,-1.0,8.0,7.0,-4166.0,-47.0,168.0,-584.0,80.0,-66.0,-5078.0,-17.0,2.0,-155.0,0.0,25.0,-7.0
-10.0,7.0,3.0,2.0,-176.0,-69.0,-5.0,-11.0,-2.0,4.0,-17.0,-6.0,-3.0,25.0,-9.0,21.0,70.0,78.0,-59.0,38.0,1.0,337.0,103.0,0.0,7.0,6.0,-7689.0,-27.0,553.0,-1054.0,-277.0,-104.0,-8057.0,-21.0,5.0,-180.0,0.0,26.0,-22.0
13.0,-19.0,-17.0,2.0,178.0,75.0,12.0,9.0,2.0,4.0,34.0,4.0,1.0,40.0,5.0,-25.0,-5.0,51.0,-100.0,-20.0,-1.0,30.0,69.0,-2.0,3.0,3.0,-277.0,20.0,61.0,-33.0,9.0,57.0,-130.0,19.0,3.0,51.0,1.0,-16.0,-9.0
0.0,0.0,7.0,1.0,5.0,10.0,4.0,-4.0,1.0,1.0,-6.0,0.0,0.0,15.0,1.0,-16.0,32.0,70.0,58.0,-60.0,2.0,12.0,-20.0,4.0,-2.0,0.0,-3485.0,-17.0,275.0,-356.0,220.0,-2.0,-3430.0,11.0,2.0,57.0,-2.0,-15.0,-7.0
5.0,-5.0,14.0,-3.0,11.0,16.0,4.0,-4.0,-2.0,1.0,11.0,-3.0,2.0,-28.0,8.0,-20.0,-31.0,-53.0,18.0,50.0,-3.0,-71.0,-53.0,2.0,-3.0,-3.0,3728.0,-17.0,270.0,781.0,103.0,75.0,3879.0,-7.0,1.0,163.0,0.0,-30.0,-2.0
-2.0,0.0,5.0,2.0,-53.0,-29.0,-4.0,6.0,-4.0,-2.0,-4.0,-4.0,-3.0,-14.0,2.0,-4.0,-10.0,38.0,42.0,4.0,2.0,-66.0,-12.0,-2.0,4.0,3.0,-5907.0,-17.0,245.0,-1158.0,122.0,25.0,-6167.0,-3.0,3.0,15.0,0.0,-31.0,-20.0
2.0,-6.0,-16.0,0.0,94.0,24.0,12.0,-2.0,1.0,-1.0,15.0,0.0,-2.0,-4.0,2.0,-10.0,12.0,5.0,-135.0,-63.0,-1.0,55.0,3.0,-1.0,1.0,1.0,2829.0,29.0,164.0,342.0,7.0,57.0,2748.0,23.0,2.0,18.0,-1.0,-17.0,-17.0
0.0,5.0,15.0,-2.0,-80.0,-33.0,5.0,-1.0,2.0,-3.0,-11.0,-8.0,-1.0,-38.0,2.0,-3.0,-1.0,-25.0,246.0,4.0,-1.0,141.0,-4.0,0.0,4.0,1.0,-5134.0,-45.0,627.0,-769.0,-28.0,-76.0,-4999.0,-2.0,-2.0,-22.0,2.0,13.0,39.0
-4.0,7.0,13.0,-3.0,93.0,31.0,4.0,2.0,-5.0,0.0,-8.0,11.0,-1.0,13.0,1.0,5.0,-13.0,-100.0,-189.0,-140.0,3.0,-100.0,-39.0,1.0,-3.0,-3.0,7118.0,30.0,-613.0,925.0,104.0,60.0,6686.0,-11.0,-5.0,190.0,0.0,-11.0,19.0
-6.0,5.0,14.0,0.0,-38.0,-19.0,-4.0,3.0,1.0,0.0,-12.0,0.0,1.0,-51.0,1.0,9.0,13.0,3.0,295.0,123.0,-1.0,-239.0,-209.0,2.0,-5.0,-6.0,825.0,-5.0,-215.0,145.0,-22.0,-21.0,1298.0,-10.0,1.0,-88.0,1.0,3.0,8.0
7.0,-7.0,-3.0,1.0,190.0,61.0,6.0,10.0,-1.0,-3.0,8.0,7.0,-1.0,3.0,4.0,-12.0,-75.0,-36.0,-22.0,104.0,0.0,-406.0,-209.0,0.0,-5.0,-5.0,6934.0,18.0,-265.0,1001.0,191.0,112.0,7551.0,7.0,-5.0,184.0,1.0,-23.0,-1.0
-1.0,4.0,-5.0,2.0,9.0,44.0,-4.0,0.0,2.0,0.0,7.0,3.0,4.0,-9.0,-3.0,17.0,6.0,-17.0,-75.0,151.0,0.0,-53.0,-61.0,-1.0,-1.0,-1.0,2856.0,-1.0,-83.0,719.0,-72.0,-27.0,3171.0,-2.0,-3.0,-45.0,1.0,16.0,17.0
3.0,2.0,7.0,-1.0,-72.0,-47.0,-13.0,-1.0,1.0,0.0,-20.0,2.0,-2.0,48.0,0.0,0.0,-6.0,-11.0,65.0,-20.0,4.0,-168.0,-63.0,-1.0,-1.0,0.0,-1605.0,3.0,-363.0,-259.0,-99.0,-65.0,-2078.0,-14.0,-1.0,-94.0,0.0,6.0,1.0
1.0,-3.0,0.0,-1.0,-28.0,-17.0,2.0,-1.0,1.0,2.0,2.0,1.0,3.0,1.0,1.0,1.0,-3.0,-42.0,-19.0,-11.0,-1.0,95.0,53.0,1.0,-2.0,-2.0,4384.0,30.0,-343.0,611.0,-244.0,-56.0,4128.0,-5.0,-2.0,-2.0,0.0,42.0,29.0
7.0,-11.0,-1.0,-3.0,213.0,112.0,10.0,2.0,-1.0,1.0,22.0,7.0,3.0,20.0,2.0,-15.0,-32.0,29.0,-119.0,11.0,0.0,115.0,182.0,1.0,-6.0,-2.0,4119.0,35.0,-385.0,544.0,34.0,90.0,4651.0,16.0,0.0,190.0,-3.0,-29.0,-39.0
2.0,3.0,-1.0,1.0,-39.0,-19.0,-6.0,0.0,-1.0,-3.0,-2.0,-4.0,1.0,16.0,1.0,-10.0,-17.0,-26.0,41.0,3.0,2.0,98.0,-53.0,-2.0,-7.0,-5.0,882.0,14.0,-59.0,149.0,151.0,-4.0,612.0,4.0,-2.0,36.0,-2.0,-14.0,-7.0
-9.0,11.0,13.0,-3.0,-107.0,-68.0,-13.0,-2.0,2.0,-1.0,-22.0,2.0,-3.0,-20.0,-11.0,31.0,-28.0,-22.0,-94.0,0.0,-3.0,102.0,108.0,-3.0,5.0,3.0,-3979.0,-135.0,625.0,-405.0,-5.0,-6.0,-4046.0,-44.0,-1.0,-101.0,2.0,13.0,-8.0
-7.0,2.0,-7.0,4.0,96.0,29.0,-5.0,1.0,1.0,3.0,4.0,6.0,-1.0,15.0,-9.0,18.0,32.0,40.0,-76.0,30.0,-2.0,35.0,25.0,0.0,2.0,1.0,-406.0,31.0,-337.0,-288.0,-54.0,12.0,-180.0,5.0,0.0,-109.0,1.0,25.0,14.0
-10.0,7.0,-1.0,1.0,9.0,-3.0,1.0,-3.0,0.0,3.0,-4.0,3.0,0.0,13.0,-11.0,27.0,66.0,48.0,-23.0,7.0,0.0,522.0,243.0,-1.0,6.0,5.0,-7271.0,14.0,-14.0,-1380.0,-197.0,-75.0,-7203.0,1.0,3.0,-146.0,0.0,35.0,6.0
-3.0,3.0,2.0,-3.0,45.0,15.0,3.0,2.0,-2.0,0.0,6.0,-2.0,0.0,-37.0,-3.0,12.0,-31.0,-43.0,64.0,-1.0,-6.0,125.0,100.0,0.0,1.0,-1.0,928.0,-27.0,105.0,101.0,66.0,68.0,1628.0,-10.0,-1.0,51.0,2.0,-1.0,-3.0
-1.0,1.0,-13.0,-1.0,23.0,13.0,3.0,2.0,-2.0,0.0,-4.0,3.0,0.0,29.0,-3.0,1.0,1.0,65.0,-66.0,-145.0,2.0,32.0,112.0,2.0,-4.0,0.0,-745.0,-13.0,-180.0,21.0,265.0,55.0,-502.0,5.0,2.0,76.0,-3.0,-24.0,-61.0
1.0,-2.0,-21.0,2.0,103.0,68.0,8.0,-2.0,3.0,-1.0,22.0,3.0,2.0,-13.0,-1.0,7.0,18.0,-12.0,-210.0,88.0,-1.0,2.0,-58.0,-2.0,0.0,0.0,5685.0,28.0,81.0,1061.0,-65.0,30.0,5919.0,21.0,-1.0,-27.0,0.0,-1.0,0.0
-7.0,14.0,3.0,-2.0,-140.0,-56.0,-8.0,-12.0,-3.0,-4.0,-22.0,-4.0,-2.0,11.0,-6.0,16.0,-8.0,-54.0,-195.0,-103.0,2.0,209.0,140.0,0.0,2.0,3.0,-548.0,-15.0,154.0,-112.0,13.0,-36.0,-1168.0,-9.0,-4.0,37.0,-2.0,13.0,1.0
-6.0,4.0,3.0,-5.0,-78.0,-30.0,1.0,-9.0,2.0,2.0,-18.0,1.0,0.0,-16.0,-3.0,11.0,25.0,-2.0,-30.0,-76.0,-1.0,-43.0,44.0,5.0,1.0,1.0,2256.0,0.0,-93.0,411.0,-231.0,-57.0,2273.0,-12.0,-4.0,40.0,0.0,49.0,22.0
3.0,-7.0,-2.0,0.0,129.0,22.0,-2.0,-6.0,1.0,3.0,10.0,5.0,-3.0,31.0,1.0,-12.0,7.0,-19.0,-128.0,-3.0,-2.0,-149.0,-88.0,0.0,-1.0,-1.0,4546.0,46.0,-266.0,576.0,-43.0,79.0,4369.0,7.0,2.0,-22.0,0.0,-16.0,-4.0
-3.0,4.0,-8.0,1.0,49.0,32.0,10.0,2.0,-9.0,1.0,-4.0,1.0,-3.0,36.0,3.0,0.0,19.0,-38.0,-85.0,-160.0,4.0,-191.0,-134.0,3.0,-3.0,-3.0,7879.0,114.0,-836.0,976.0,-8.0,30.0,7627.0,8.0,-4.0,145.0,0.0,-4.0,-2.0
-13.0,17.0,14.0,0.0,-249.0,-92.0,-9.0,-6.0,0.0,-1.0,-27.0,-9.0,0.0,-49.0,-5.0,26.0,35.0,3.0,219.0,-140.0,-2.0,102.0,92.0,3.0,2.0,1.0,-4425.0,-63.0,137.0,-573.0,16.0,-98.0,-4656.0,-16.0,3.0,-222.0,0.0,25.0,10.0
0.0,4.0,-11.0,0.0,-44.0,-42.0,-4.0,6.0,0.0,-2.0,-2.0,4.0,2.0,-9.0,3.0,6.0,-3.0,-74.0,-15.0,-76.0,2.0,-106.0,-63.0,-2.0,-1.0,-1.0,1839.0,20.0,-472.0,187.0,128.0,3.0,1382.0,3.0,0.0,-25.0,0.0,0.0,14.0
7.0,-9.0,-6.0,3.0,119.0,44.0,9.0,13.0,1.0,0.0,15.0,2.0,0.0,-6.0,4.0,-11.0,-45.0,18.0,97.0,-56.0,-3.0,-274.0,-48.0,1.0,0.0,-1.0,2232.0,-25.0,-67.0,395.0,216.0,71.0,2765.0,10.0,1.0,13.0,2.0,-14.0,0.0
14.0,-19.0,-13.0,0.0,104.0,50.0,0.0,8.0,9.0,0.0,32.0,-3.0,6.0,-43.0,10.0,-31.0,-4.0,58.0,346.0,261.0,-3.0,-172.0,-156.0,-2.0,-6.0,-5.0,-1113.0,37.0,-27.0,-154.0,-56.0,9.0,-226.0,31.0,3.0,-60.0,0.0,-14.0,2.0
6.0,-1.0,-1.0,1.0,-7.0,-7.0,9.0,9.0,-1.0,-3.0,5.0,-5.0,2.0,8.0,3.0,-12.0,-28.0,0.0,191.0,-76.0,1.0,311.0,117.0,-2.0,-3.0,-2.0,-3751.0,-28.0,197.0,-548.0,224.0,-20.0,-3646.0,10.0,2.0,12.0,-1.0,-18.0,-15.0
11.0,-12.0,-24.0,1.0,39.0,18.0,-2.0,3.0,3.0,0.0,12.0,2.0,-1.0,61.0,4.0,-21.0,5.0,38.0,-192.0,-21.0,5.0,-147.0,-73.0,-4.0,0.0,2.0,1034.0,48.0,-128.0,171.0,-113.0,-14.0,429.0,15.0,-2.0,21.0,-1.0,-7.0,-13.0
1.0,-1.0,20.0,2.0,-18.0,-3.0,1.0,-6.0,3.0,1.0,-2.0,-3.0,0.0,-14.0,4.0,-17.0,31.0,5.0,124.0,85.0,0.0,-20.0,-132.0,2.0,2.0,0.0,-2740.0,-4.0,455.0,-377.0,-45.0,-57.0,-2928.0,6.0,0.0,-19.0,1.0,9.0,54.0
-1.0,-3.0,5.0,1.0,-81.0,-46.0,-2.0,5.0,-3.0,0.0,-2.0,-3.0,0.0,-13.0,3.0,-3.0,-13.0,-4.0,23.0,-7.0,1.0,29.0,41.0,-1.0,2.0,1.0,-1523.0,13.0,-98.0,-547.0,-122.0,-31.0,-2039.0,-8.0,1.0,13.0,0.0,11.0,9.0
-1.0,3.0,25.0,-3.0,-141.0,-67.0,-12.0,-8.0,2.0,0.0,-17.0,1.0,-1.0,-11.0,0.0,-1.0,-28.0,-32.0,-140.0,51.0,0.0,-94.0,-45.0,-1.0,1.0,1.0,-1179.0,-125.0,790.0,275.0,32.0,1.0,-1795.0,-41.0,1.0,11.0,0.0,-16.0,-7.0
7.0,-9.0,12.0,-1.0,218.0,116.0,5.0,1.0,0.0,-1.0,24.0,3.0,0.0,-10.0,4.0,-17.0,-30.0,6.0,-34.0,167.0,-1.0,-12.0,17.0,-2.0,0.0,0.0,480.0,18.0,138.0,-88.0,13.0,91.0,1025.0,16.0,0.0,116.0,0.0,-47.0,-7.0
-8.0,14.0,31.0,-2.0,-111.0,-65.0,-11.0,-4.0,-2.0,0.0,-32.0,0.0,-1.0,-13.0,-4.0,21.0,-11.0,-49.0,257.0,1.0,-1.0,-21.0,10.0,3.0,-1.0,-2.0,-2639.0,-45.0,-235.0,-430.0,14.0,-51.0,-2507.0,-29.0,1.0,-115.0,1.0,13.0,14.0
-7.0,7.0,-4.0,-5.0,-55.0,-23.0,-5.0,-4.0,0.0,-1.0,-14.0,0.0,-3.0,-32.0,-5.0,26.0,-4.0,-30.0,-69.0,-5.0,-2.0,-150.0,11.0,0.0,5.0,3.0,1357.0,-13.0,-25.0,156.0,-207.0,1.0,1575.0,-18.0,-4.0,-15.0,2.0,22.0,0.0
13.0,-12.0,-17.0,0.0,134.0,72.0,1.0,-1.0,9.0,-1.0,34.0,0.0,6.0,-18.0,4.0,-12.0,-10.0,-6.0,98.0,227.0,-4.0,48.0,5.0,-3.0,-2.0,-1.0,1108.0,25.0,34.0,332.0,-85.0,9.0,1888.0,33.0,2.0,-114.0,0.0,-5.0,8.0
-3.0,10.0,3.0,-2.0,-108.0,-44.0,7.0,-3.0,-3.0,-4.0,-15.0,-5.0,-1.0,3.0,-4.0,14.0,-19.0,-28.0,-45.0,-182.0,1.0,422.0,310.0,0.0,6.0,6.0,-5181.0,-57.0,410.0,-809.0,86.0,-52.0,-5426.0,-3.0,0.0,13.0,-1.0,9.0,-7.0
-2.0,-1.0,4.0,0.0,-30.0,-12.0,-2.0,-5.0,-1.0,3.0,7.0,2.0,2.0,7.0,-1.0,11.0,34.0,-32.0,-127.0,118.0,1.0,314.0,110.0,-3.0,4.0,3.0,-986.0,41.0,-124.0,-344.0,-380.0,-66.0,-1522.0,-7.0,3.0,-91.0,0.0,21.0,14.0
8.0,-8.0,-20.0,3.0,130.0,75.0,7.0,7.0,-4.0,-2.0,26.0,-3.0,0.0,4.0,9.0,-16.0,-1.0,-6.0,55.0,71.0,2.0,-209.0,-141.0,-2.0,-1.0,-1.0,3080.0,122.0,-557.0,150.0,29.0,64.0,3348.0,38.0,1.0,46.0,0.0,-40.0,-14.0
5.0,-4.0,-9.0,-1.0,22.0,-23.0,-1.0,-3.0,2.0,-1.0,-5.0,2.0,-4.0,44.0,2.0,-10.0,6.0,-6.0,-70.0,-83.0,3.0,-113.0,-60.0,-2.0,0.0,1.0,1224.0,32.0,-199.0,83.0,-92.0,-8.0,670.0,9.0,1.0,-76.0,-1.0,-11.0,-16.0
-3.0,2.0,-14.0,5.0,-101.0,-67.0,0.0,8.0,-1.0,2.0,-4.0,0.0,-1.0,10.0,-2.0,16.0,22.0,22.0,23.0,-94.0,0.0,-43.0,-8.0,-1.0,6.0,4.0,-3618.0,-32.0,14.0,-472.0,67.0,-30.0,-3910.0,-8.0,6.0,-192.0,2.0,12.0,-8.0
-3.0,0.0,0.0,3.0,14.0,-8.0,1.0,-1.0,-3.0,1.0,-9.0,1.0,-4.0,28.0,-5.0,9.0,-5.0,42.0,-81.0,142.0,1.0,-69.0,-106.0,0.0,2.0,1.0,-755.0,-9.0,288.0,-53.0,-86.0,8.0,-506.0,-14.0,0.0,4.0,1.0,3.0,-23.0
7.0,-7.0,-8.0,-2.0,-16.0,4.0,0.0,0.0,-3.0,0.0,7.0,2.0,2.0,23.0,7.0,-15.0,-31.0,-15.0,-170.0,-34.0,3.0,-176.0,-21.0,0.0,-6.0,-2.0,5540.0,14.0,-290.0,1057.0,82.0,64.0,5179.0,-3.0,2.0,131.0,-3.0,-38.0,-53.0
-1.0,-1.0,32.0,-4.0,88.0,41.0,-2.0,-6.0,4.0,1.0,-2.0,6.0,0.0,-14.0,-5.0,-1.0,-29.0,12.0,-89.0,96.0,-3.0,197.0,158.0,0.0,1.0,1.0,-2600.0,-104.0,695.0,-238.0,-16.0,27.0,-2323.0,-22.0,-1.0,70.0,0.0,-7.0,7.0
-2.0,-3.0,7.0,1.0,107.0,45.0,-1.0,-3.0,-1.0,4.0,15.0,3.0,1.0,-13.0,-1.0,-2.0,1.0,-13.0,-58.0,80.0,-5.0,-36.0,-28.0,2.0,-1.0,-2.0,3322.0,14.0,-67.0,493.0,49.0,87.0,3699.0,-2.0,1.0,54.0,1.0,-5.0,12.0
-5.0,5.0,-14.0,0.0,-67.0,-10.0,-1.0,-5.0,0.0,-4.0,-2.0,-4.0,0.0,-27.0,-1.0,4.0,16.0,-2.0,-157.0,19.0,2.0,-9.0,-79.0,-1.0,-2.0,-1.0,2916.0,25.0,174.0,463.0,-23.0,-6.0,2637.0,10.0,-4.0,64.0,-2.0,3.0,-5.0
16.0,-17.0,-14.0,-3.0,235.0,100.0,8.0,7.0,3.0,0.0,36.0,8.0,4.0,21.0,10.0,-35.0,-30.0,-45.0,-138.0,-2.0,1.0,-33.0,14.0,-3.0,-4.0,-2.0,5180.0,72.0,-425.0,626.0,70.0,90.0,5162.0,30.0,-3.0,218.0,-1.0,-28.0,13.0
-2.0,1.0,7.0,4.0,-67.0,8.0,-2.0,1.0,0.0,1.0,-1.0,0.0,4.0,-7.0,1.0,-2.0,25.0,49.0,6.0,84.0,3.0,-12.0,-40.0,2.0,-1.0,0.0,-2152.0,-5.0,94.0,-184.0,26.0,-60.0,-2298.0,1.0,0.0,25.0,-1.0,12.0,19.0
9.0,-6.0,-7.0,4.0,80.0,25.0,3.0,13.0,0.0,-3.0,13.0,-2.0,1.0,10.0,5.0,-21.0,-62.0,-8.0,138.0,-53.0,-1.0,-176.0,-101.0,-1.0,-7.0,-6.0,3114.0,-11.0,-126.0,544.0,367.0,67.0,3377.0,14.0,-1.0,49.0,0.0,-28.0,-7.0
3.0,-7.0,-1.0,-2.0,23.0,7.0,3.0,3.0,4.0,3.0,2.0,1.0,3.0,-11.0,4.0,-15.0,16.0,26.0,206.0,30.0,-1.0,-154.0,-149.0,3.0,-8.0,-7.0,3686.0,29.0,-306.0,672.0,-93.0,-25.0,4053.0,1.0,-2.0,39.0,0.0,22.0,14.0
-11.0,14.0,25.0,0.0,-76.0,-39.0,-2.0,-6.0,-4.0,1.0,-28.0,0.0,-6.0,2.0,-4.0,14.0,22.0,-55.0,-55.0,-75.0,1.0,-109.0,-158.0,2.0,4.0,0.0,1160.0,-25.0,244.0,194.0,-58.0,-33.0,653.0,-30.0,-5.0,25.0,3.0,18.0,44.0
-5.0,8.0,-1.0,-1.0,-160.0,-49.0,-4.0,-5.0,2.0,0.0,-15.0,-9.0,-1.0,-10.0,-3.0,1.0,41.0,68.0,149.0,-222.0,-1.0,92.0,99.0,3.0,1.0,2.0,-5948.0,-59.0,389.0,-657.0,189.0,-46.0,-6029.0,0.0,2.0,-93.0,-1.0,2.0,-13.0
-9.0,5.0,0.0,2.0,-42.0,-37.0,1.0,7.0,-2.0,0.0,-13.0,-2.0,-2.0,-7.0,-7.0,13.0,19.0,76.0,127.0,-118.0,0.0,237.0,174.0,1.0,4.0,3.0,-7808.0,-14.0,12.0,-1583.0,61.0,-40.0,-7720.0,0.0,1.0,-42.0,0.0,25.0,1.0
-10.0,12.0,0.0,3.0,-197.0,-81.0,-4.0,-10.0,-4.0,0.0,-24.0,-8.0,-5.0,30.0,-11.0,26.0,17.0,42.0,-157.0,-121.0,0.0,272.0,195.0,1.0,9.0,8.0,-6005.0,-67.0,640.0,-771.0,-48.0,-69.0,-6460.0,-20.0,2.0,-130.0,0.0,25.0,-21.0
-1.0,3.0,-7.0,0.0,23.0,7.0,-6.0,5.0,-2.0,-3.0,4.0,-1.0,-3.0,-16.0,-2.0,15.0,-29.0,-28.0,-39.0,71.0,-1.0,-107.0,-33.0,-5.0,4.0,2.0,-899.0,-13.0,68.0,-255.0,24.0,58.0,-698.0,-6.0,0.0,-55.0,2.0,-27.0,-22.0
-4.0,4.0,-6.0,-2.0,-100.0,-38.0,-8.0,-6.0,2.0,-1.0,-20.0,2.0,-3.0,5.0,-2.0,14.0,27.0,13.0,-133.0,-4.0,4.0,-275.0,-89.0,0.0,4.0,4.0,429.0,14.0,-130.0,55.0,-273.0,-67.0,-53.0,-8.0,-3.0,-66.0,0.0,23.0,3.0
-16.0,21.0,3.0,3.0,-279.0,-142.0,-12.0,-1.0,-3.0,-2.0,-38.0,-4.0,-2.0,-30.0,-7.0,41.0,27.0,-29.0,123.0,-74.0,1.0,-73.0,-77.0,1.0,3.0,1.0,-3341.0,-52.0,-47.0,-439.0,58.0,-87.0,-3780.0,-27.0,3.0,-243.0,1.0,28.0,1.0
14.0,-16.0,-12.0,-2.0,125.0,28.0,5.0,-1.0,7.0,-1.0,27.0,-3.0,2.0,-9.0,7.0,-29.0,-16.0,11.0,173.0,76.0,-4.0,101.0,66.0,-2.0,-1.0,0.0,-1748.0,26.0,117.0,-387.0,-13.0,36.0,-1283.0,35.0,5.0,-69.0,-1.0,-21.0,-9.0
-9.0,6.0,4.0,1.0,-80.0,-36.0,-3.0,-3.0,3.0,-1.0,-8.0,2.0,-1.0,-31.0,-8.0,19.0,9.0,32.0,-223.0,21.0,-1.0,145.0,71.0,-2.0,5.0,4.0,-3302.0,-111.0,883.0,-247.0,28.0,-9.0,-3596.0,-20.0,1.0,-58.0,0.0,8.0,-6.0
-4.0,4.0,0.0,0.0,-32.0,-12.0,-15.0,-9.0,0.0,0.0,-7.0,1.0,-1.0,8.0,-2.0,2.0,11.0,-26.0,-150.0,79.0,1.0,-213.0,-170.0,0.0,-4.0,-3.0,4633.0,42.0,-256.0,697.0,-73.0,16.0,4258.0,-6.0,-4.0,24.0,-1.0,4.0,8.0
-12.0,15.0,12.0,-1.0,-53.0,-26.0,1.0,-4.0,-6.0,1.0,-32.0,3.0,-6.0,31.0,-7.0,15.0,23.0,10.0,-121.0,-220.0,3.0,-77.0,-46.0,4.0,0.0,0.0,415.0,-38.0,64.0,215.0,207.0,22.0,151.0,-25.0,-3.0,101.0,0.0,-6.0,-17.0
-2.0,2.0,22.0,-1.0,27.0,12.0,4.0,-4.0,1.0,1.0,4.0,-5.0,0.0,-51.0,1.0,-5.0,0.0,-38.0,188.0,84.0,-6.0,105.0,-32.0,2.0,3.0,-1.0,-1812.0,-31.0,560.0,-276.0,21.0,11.0,-1300.0,-4.0,-1.0,32.0,3.0,8.0,51.0
1.0,-7.0,4.0,0.0,-30.0,-22.0,-1.0,9.0,0.0,1.0,-2.0,-3.0,0.0,-25.0,6.0,-19.0,6.0,64.0,248.0,34.0,1.0,-220.0,-161.0,1.0,-4.0,-4.0,-2221.0,12.0,-61.0,-486.0,29.0,0.0,-2114.0,-2.0,1.0,54.0,0.0,-9.0,-6.0
9.0,-12.0,-15.0,-2.0,61.0,26.0,7.0,0.0,3.0,3.0,14.0,1.0,2.0,40.0,3.0,-24.0,3.0,23.0,-89.0,-93.0,0.0,85.0,60.0,1.0,-3.0,-1.0,2861.0,34.0,-91.0,527.0,-71.0,-4.0,2755.0,11.0,-3.0,127.0,-1.0,19.0,6.0
0.0,2.0,-4.0,3.0,-42.0,10.0,-4.0,10.0,0.0,-3.0,-2.0,-2.0,2.0,-29.0,1.0,3.0,-41.0,11.0,75.0,26.0,0.0,-338.0,-130.0,1.0,-3.0,-3.0,2319.0,-29.0,-57.0,516.0,186.0,8.0,2654.0,-3.0,-5.0,59.0,1.0,6.0,12.0
2.0,1.0,-4.0,3.0,-110.0,-36.0,-3.0,3.0,1.0,0.0,5.0,-9.0,2.0,7.0,1.0,-9.0,13.0,28.0,160.0,-157.0,-1.0,230.0,108.0,-1.0,-2.0,-1.0,-3820.0,-29.0,139.0,-457.0,176.0,-45.0,-4174.0,7.0,4.0,-135.0,-1.0,-5.0,-6.0
0.0,0.0,-4.0,-1.0,185.0,66.0,6.0,8.0,2.0,-1.0,13.0,9.0,3.0,-12.0,-2.0,6.0,-4.0,-30.0,36.0,-31.0,-1.0,185.0,140.0,-1.0,-1.0,-1.0,418.0,41.0,-567.0,-326.0,80.0,29.0,854.0,22.0,-2.0,34.0,0.0,9.0,28.0
8.0,-12.0,19.0,-1.0,195.0,109.0,11.0,-4.0,2.0,2.0,20.0,4.0,3.0,6.0,6.0,-32.0,-1.0,34.0,5.0,96.0,0.0,95.0,50.0,3.0,-4.0,-2.0,1379.0,31.0,70.0,167.0,-11.0,33.0,1723.0,22.0,0.0,171.0,-2.0,-20.0,15.0
-9.0,15.0,17.0,-2.0,-146.0,-63.0,3.0,0.0,-2.0,-4.0,-27.0,-5.0,0.0,-48.0,-3.0,23.0,-6.0,-25.0,250.0,-59.0,0.0,183.0,101.0,2.0,1.0,0.0,-4356.0,-62.0,195.0,-664.0,64.0,-73.0,-4128.0,-13.0,1.0,-75.0,0.0,12.0,1.0
8.0,-10.0,-33.0,1.0,125.0,71.0,12.0,8.0,-5.0,0.0,24.0,1.0,3.0,34.0,7.0,-14.0,-3.0,17.0,-30.0,-85.0,3.0,-82.0,24.0,1.0,-7.0,-3.0,6719.0,139.0,-1080.0,782.0,50.0,63.0,6974.0,38.0,1.0,120.0,-3.0,-22.0,-46.0
-8.0,8.0,-8.0,1.0,-151.0,-67.0,-7.0,-2.0,-2.0,0.0,-18.0,-8.0,-5.0,3.0,-9.0,26.0,4.0,40.0,10.0,-20.0,-2.0,11.0,13.0,-1.0,5.0,3.0,-3218.0,-51.0,402.0,-354.0,-117.0,-36.0,-3105.0,-25.0,0.0,-146.0,2.0,20.0,-29.0
0.0,3.0,1.0,-2.0,21.0,-22.0,5.0,-9.0,-2.0,-1.0,-5.0,0.0,-4.0,34.0,-3.0,2.0,-12.0,-47.0,-173.0,-185.0,-1.0,273.0,222.0,0.0,5.0,5.0,-635.0,-11.0,144.0,-233.0,43.0,27.0,-1057.0,4.0,2.0,-9.0,-1.0,-7.0,-11.0
2.0,0.0,-9.0,3.0,-22.0,-8.0,-9.0,3.0,0.0,-3.0,-2.0,1.0,-3.0,21.0,1.0,3.0,2.0,15.0,-103.0,72.0,5.0,-232.0,-133.0,-5.0,3.0,3.0,-1827.0,14.0,-37.0,-356.0,-42.0,-10.0,-2326.0,4.0,1.0,-106.0,0.0,-26.0,-19.0
-1.0,2.0,-1.0,-1.0,51.0,34.0,0.0,-10.0,2.0,3.0,9.0,5.0,2.0,20.0,-4.0,14.0,47.0,-28.0,-150.0,125.0,0.0,285.0,69.0,-2.0,2.0,2.0,537.0,28.0,-26.0,203.0,-258.0,-35.0,517.0,1.0,2.0,-104.0,0.0,10.0,5.0
5.0,-10.0,-2.0,3.0,89.0,32.0,7.0,8.0,0.0,3.0,22.0,4.0,2.0,1.0,3.0,0.0,-11.0,-14.0,-30.0,62.0,-2.0,40.0,62.0,-2.0,4.0,2.0,1246.0,16.0,-191.0,51.0,-164.0,5.0,1243.0,3.0,4.0,-78.0,2.0,7.0,14.0
-3.0,4.0,-11.0,3.0,-30.0,-50.0,-3.0,5.0,-3.0,-1.0,-11.0,5.0,-2.0,19.0,-2.0,15.0,-8.0,-32.0,-96.0,66.0,3.0,-175.0,-169.0,-2.0,1.0,0.0,1084.0,11.0,-184.0,134.0,42.0,11.0,876.0,-11.0,0.0,-21.0,1.0,3.0,-9.0
5.0,-8.0,-9.0,-3.0,3.0,13.0,-2.0,-4.0,7.0,-1.0,12.0,-3.0,3.0,-48.0,3.0,-5.0,5.0,30.0,110.0,155.0,-3.0,-61.0,37.0,0.0,3.0,3.0,-2543.0,8.0,186.0,-415.0,-194.0,-23.0,-2006.0,18.0,1.0,-59.0,0.0,13.0,10.0
8.0,-3.0,21.0,-4.0,-61.0,-31.0,-9.0,-5.0,-1.0,1.0,-9.0,-1.0,0.0,20.0,8.0,-20.0,-37.0,-64.0,83.0,30.0,1.0,-239.0,-116.0,1.0,-4.0,-3.0,2123.0,-14.0,-93.0,522.0,4.0,10.0,1801.0,-21.0,0.0,69.0,0.0,-24.0,-1.0
-4.0,1.0,18.0,1.0,-13.0,-26.0,-2.0,2.0,3.0,3.0,-6.0,6.0,-1.0,-4.0,-7.0,15.0,-7.0,34.0,-66.0,2.0,-3.0,154.0,150.0,-1.0,7.0,5.0,-6218.0,-136.0,709.0,-710.0,51.0,-3.0,-6233.0,-30.0,5.0,-122.0,2.0,5.0,-1.0
-8.0,9.0,22.0,2.0,-84.0,-33.0,-1.0,-5.0,-1.0,0.0,-18.0,0.0,1.0,-24.0,-1.0,9.0,26.0,5.0,128.0,22.0,1.0,22.0,-27.0,4.0,-1.0,-1.0,-1962.0,-21.0,23.0,-272.0,47.0,-54.0,-2057.0,-5.0,3.0,-72.0,-1.0,8.0,16.0
2.0,-4.0,-1.0,-1.0,51.0,24.0,1.0,4.0,3.0,1.0,0.0,0.0,0.0,-12.0,3.0,-16.0,19.0,68.0,225.0,41.0,0.0,-249.0,-202.0,2.0,-6.0,-5.0,-698.0,-1.0,37.0,61.0,151.0,31.0,-75.0,6.0,0.0,41.0,0.0,-20.0,-15.0
9.0,-8.0,-3.0,1.0,122.0,15.0,7.0,3.0,0.0,0.0,15.0,0.0,-1.0,39.0,4.0,-24.0,-21.0,-19.0,63.0,-79.0,-1.0,162.0,29.0,-2.0,-4.0,-3.0,795.0,18.0,-69.0,28.0,181.0,59.0,723.0,17.0,4.0,-10.0,-1.0,-34.0,-19.0
0.0,3.0,2.0,-4.0,-85.0,-37.0,10.0,0.0,1.0,-1.0,-13.0,-4.0,2.0,-8.0,0.0,-1.0,-3.0,-2.0,161.0,-152.0,0.0,268.0,161.0,3.0,-2.0,-1.0,-1495.0,-28.0,104.0,-137.0,-7.0,-77.0,-1373.0,-2.0,-2.0,52.0,-1.0,31.0,7.0
1.0,4.0,29.0,-2.0,-45.0,-35.0,-9.0,-5.0,2.0,1.0,-16.0,-3.0,-2.0,-3.0,1.0,-5.0,-6.0,-49.0,253.0,64.0,-2.0,-63.0,-95.0,1.0,2.0,-1.0,-3417.0,-28.0,197.0,-535.0,-78.0,-54.0,-3378.0,-18.0,-2.0,-62.0,3.0,14.0,52.0
9.0,-5.0,-4.0,-3.0,227.0,103.0,5.0,1.0,4.0,-1.0,26.0,11.0,5.0,-5.0,5.0,-7.0,-23.0,-106.0,-91.0,87.0,-1.0,-52.0,-34.0,-2.0,-5.0,-4.0,8226.0,55.0,-579.0,1257.0,19.0,69.0,8574.0,22.0,-3.0,76.0,0.0,-16.0,27.0
-14.0,14.0,16.0,-1.0,-83.0,-38.0,-1.0,-9.0,-7.0,4.0,-25.0,5.0,-4.0,38.0,-8.0,26.0,57.0,-22.0,-248.0,-102.0,4.0,237.0,64.0,1.0,4.0,3.0,-571.0,3.0,-60.0,-129.0,-173.0,-44.0,-1371.0,-32.0,0.0,10.0,0.0,15.0,-3.0
2.0,-5.0,10.0,-1.0,210.0,74.0,11.0,3.0,-3.0,1.0,15.0,7.0,1.0,-12.0,1.0,-5.0,-40.0,-41.0,-27.0,161.0,-3.0,45.0,-19.0,1.0,-2.0,-3.0,3391.0,15.0,-9.0,402.0,97.0,112.0,4227.0,1.0,-1.0,201.0,1.0,-18.0,3.0
0.0,-4.0,7.0,-1.0,229.0,108.0,10.0,2.0,2.0,1.0,15.0,5.0,1.0,-3.0,-5.0,0.0,-1.0,44.0,51.0,45.0,-3.0,291.0,203.0,1.0,0.0,0.0,-1421.0,21.0,-95.0,-513.0,-48.0,26.0,-528.0,19.0,-2.0,59.0,0.0,9.0,14.0
0.0,5.0,16.0,-3.0,-22.0,-22.0,-6.0,-3.0,0.0,1.0,-20.0,0.0,-2.0,26.0,-2.0,-4.0,-5.0,16.0,187.0,-81.0,0.0,-31.0,17.0,3.0,-2.0,-1.0,-4162.0,-41.0,17.0,-514.0,187.0,1.0,-3880.0,-13.0,0.0,14.0,0.0,-10.0,-9.0
0.0,5.0,-3.0,1.0,-21.0,-12.0,1.0,1.0,-2.0,-4.0,-7.0,-2.0,-2.0,5.0,-2.0,5.0,-53.0,-36.0,-98.0,-159.0,-1.0,-65.0,92.0,1.0,2.0,2.0,1684.0,-40.0,87.0,283.0,229.0,35.0,1597.0,1.0,-3.0,50.0,0.0,-1.0,1.0
-7.0,2.0,-13.0,-1.0,-28.0,9.0,5.0,-5.0,1.0,-1.0,0.0,0.0,-1.0,-43.0,-2.0,14.0,33.0,24.0,-198.0,16.0,0.0,-107.0,-26.0,1.0,5.0,4.0,2034.0,11.0,233.0,314.0,-174.0,-2.0,2025.0,6.0,-2.0,28.0,0.0,17.0,2.0
16.0,-17.0,-10.0,-2.0,50.0,34.0,2.0,-1.0,1.0,1.0,23.0,-1.0,1.0,33.0,12.0,-41.0,-26.0,-15.0,-174.0,29.0,2.0,-218.0,-126.0,-2.0,-3.0,-1.0,4762.0,31.0,142.0,952.0,-10.0,61.0,4308.0,8.0,-1.0,184.0,-1.0,-37.0,-15.0
-3.0,4.0,0.0,4.0,-44.0,15.0,-8.0,6.0,-2.0,-2.0,3.0,-1.0,1.0,-23.0,-1.0,13.0,-4.0,21.0,-33.0,155.0,2.0,-119.0,-73.0,-3.0,3.0,2.0,-3051.0,-18.0,162.0,-439.0,50.0,-2.0,-2996.0,-5.0,0.0,-30.0,1.0,-15.0,-3.0
-2.0,-2.0,-8.0,0.0,-58.0,-33.0,1.0,7.0,-5.0,0.0,-6.0,0.0,0.0,16.0,0.0,-2.0,-12.0,61.0,-43.0,-152.0,3.0,61.0,153.0,1.0,-2.0,1.0,-2268.0,0.0,-278.0,-526.0,143.0,24.0,-2541.0,-3.0,3.0,89.0,-3.0,-13.0,-52.0
-7.0,2.0,-3.0,5.0,-89.0,-37.0,-11.0,-7.0,-1.0,4.0,-9.0,-3.0,-4.0,27.0,-7.0,12.0,36.0,70.0,-112.0,61.0,-1.0,-150.0,-115.0,1.0,3.0,2.0,-824.0,-10.0,230.0,38.0,-134.0,-17.0,-1034.0,-17.0,2.0,-143.0,1.0,16.0,-14.0
-5.0,8.0,-8.0,-2.0,-165.0,-59.0,-8.0,-1.0,1.0,-1.0,-9.0,-9.0,-1.0,-25.0,-4.0,17.0,9.0,-2.0,91.0,-162.0,-3.0,80.0,119.0,-1.0,3.0,2.0,-2463.0,-42.0,114.0,-301.0,-31.0,-44.0,-2599.0,-11.0,0.0,-150.0,1.0,17.0,-6.0
7.0,-5.0,-10.0,-2.0,-36.0,-6.0,-8.0,-4.0,6.0,-4.0,10.0,-7.0,4.0,-32.0,4.0,-15.0,-12.0,4.0,151.0,158.0,-1.0,37.0,-16.0,-2.0,-4.0,-2.0,-1661.0,22.0,127.0,-266.0,-43.0,-27.0,-1394.0,22.0,-1.0,-23.0,-2.0,-1.0,3.0
9.0,-11.0,-20.0,2.0,102.0,58.0,9.0,6.0,-3.0,0.0,28.0,-2.0,3.0,5.0,10.0,-15.0,-4.0,-48.0,36.0,60.0,1.0,-114.0,-88.0,-1.0,-3.0,-3.0,7464.0,152.0,-900.0,761.0,-215.0,8.0,7476.0,33.0,-1.0,44.0,0.0,2.0,15.0
-5.0,9.0,-21.0,4.0,-240.0,-124.0,-14.0,2.0,0.0,-2.0,-26.0,-2.0,-3.0,31.0,-3.0,20.0,32.0,9.0,-69.0,-95.0,6.0,-220.0,-150.0,-3.0,3.0,3.0,-2307.0,-4.0,-175.0,-268.0,-55.0,-101.0,-3351.0,-12.0,1.0,-222.0,0.0,21.0,-12.0
-10.0,9.0,-1.0,5.0,-218.0,-59.0,-9.0,-1.0,-2.0,1.0,-19.0,-8.0,-1.0,-4.0,-8.0,24.0,29.0,89.0,16.0,64.0,1.0,-1.0,-27.0,1.0,4.0,3.0,-5370.0,-56.0,496.0,-538.0,-91.0,-96.0,-5403.0,-24.0,0.0,-121.0,1.0,32.0,-10.0
4.0,-9.0,-15.0,2.0,112.0,45.0,10.0,10.0,-2.0,3.0,18.0,7.0,2.0,30.0,0.0,1.0,-10.0,51.0,-96.0,-83.0,0.0,72.0,174.0,0.0,0.0,2.0,501.0,3.0,-371.0,72.0,101.0,60.0,741.0,8.0,6.0,-2.0,-1.0,-17.0,-47.0
5.0,-3.0,17.0,-2.0,138.0,27.0,-2.0,2.0,-2.0,1.0,-5.0,9.0,-1.0,36.0,1.0,-5.0,-46.0,-52.0,38.0,141.0,1.0,-123.0,-82.0,0.0,-3.0,-3.0,1786.0,18.0,-372.0,143.0,-2.0,47.0,2149.0,-13.0,-2.0,107.0,1.0,-12.0,4.0
8.0,-8.0,5.0,-1.0,-39.0,-9.0,-3.0,-2.0,-1.0,0.0,11.0,-1.0,2.0,-6.0,10.0,-16.0,-32.0,-80.0,-104.0,111.0,1.0,-208.0,-133.0,-2.0,-2.0,-2.0,6285.0,27.0,-110.0,1036.0,-183.0,9.0,5681.0,-8.0,0.0,55.0,0.0,-14.0,8.0
10.0,-8.0,-25.0,1.0,183.0,104.0,11.0,1.0,0.0,0.0,30.0,1.0,3.0,18.0,7.0,-12.0,9.0,-44.0,13.0,67.0,0.0,-143.0,-129.0,0.0,-5.0,-4.0,8987.0,139.0,-802.0,1308.0,-93.0,39.0,9515.0,41.0,-2.0,31.0,0.0,-9.0,6.0
5.0,-5.0,10.0,-4.0,196.0,82.0,10.0,4.0,0.0,0.0,24.0,6.0,5.0,-40.0,6.0,-14.0,-35.0,-83.0,54.0,19.0,-4.0,114.0,87.0,1.0,-4.0,-4.0,4146.0,24.0,-297.0,455.0,183.0,104.0,4733.0,15.0,-1.0,197.0,0.0,-21.0,26.0
-15.0,16.0,18.0,-3.0,-139.0,-56.0,-6.0,-9.0,-1.0,-1.0,-32.0,0.0,-2.0,-56.0,-6.0,35.0,22.0,-25.0,59.0,17.0,-1.0,-128.0,-16.0,4.0,4.0,2.0,-605.0,-34.0,-2.0,-116.0,-160.0,-53.0,-482.0,-23.0,-1.0,-87.0,1.0,30.0,16.0
-1.0,6.0,-5.0,-4.0,-62.0,-30.0,4.0,5.0,-1.0,-4.0,-9.0,-5.0,-1.0,-24.0,-2.0,14.0,-32.0,-30.0,122.0,-81.0,-1.0,161.0,128.0,-2.0,2.0,1.0,-2394.0,-41.0,172.0,-392.0,17.0,-19.0,-2071.0,-8.0,-2.0,-3.0,1.0,4.0,-15.0
7.0,-9.0,1.0,-2.0,232.0,51.0,10.0,0.0,-1.0,0.0,10.0,9.0,-3.0,32.0,3.0,-15.0,-34.0,-47.0,-97.0,78.0,0.0,-68.0,-79.0,-1.0,-2.0,-2.0,4615.0,47.0,-208.0,485.0,5.0,104.0,4897.0,10.0,0.0,125.0,0.0,-29.0,-13.0
-11.0,10.0,24.0,-2.0,-132.0,-70.0,-11.0,-11.0,2.0,3.0,-21.0,4.0,-1.0,2.0,-11.0,26.0,38.0,16.0,-163.0,58.0,0.0,428.0,198.0,-2.0,7.0,6.0,-8450.0,-111.0,776.0,-1105.0,-165.0,-74.0,-8998.0,-40.0,4.0,-135.0,0.0,19.0,-1.0
11.0,-12.0,-12.0,2.0,81.0,43.0,-3.0,5.0,5.0,-3.0,30.0,-4.0,3.0,-32.0,6.0,-16.0,-20.0,32.0,140.0,231.0,-2.0,-18.0,-7.0,-5.0,2.0,2.0,-4799.0,8.0,279.0,-826.0,37.0,34.0,-4279.0,30.0,5.0,-99.0,0.0,-36.0,-12.0
9.0,-9.0,7.0,-3.0,271.0,145.0,9.0,-5.0,4.0,1.0,28.0,7.0,3.0,4.0,2.0,-13.0,-20.0,-32.0,-76.0,163.0,-3.0,54.0,29.0,0.0,-4.0,-3.0,6387.0,35.0,-107.0,1070.0,-109.0,66.0,7192.0,19.0,-3.0,101.0,0.0,-16.0,13.0
0.0,-5.0,-9.0,4.0,27.0,32.0,10.0,-1.0,1.0,0.0,14.0,0.0,2.0,-11.0,3.0,-12.0,37.0,54.0,-129.0,21.0,2.0,43.0,-37.0,1.0,0.0,1.0,677.0,24.0,258.0,158.0,33.0,-3.0,450.0,24.0,2.0,43.0,-2.0,-5.0,2.0
-2.0,1.0,0.0,3.0,-72.0,-2.0,-6.0,5.0,-1.0,0.0,5.0,0.0,4.0,-22.0,0.0,14.0,-7.0,-21.0,-52.0,144.0,1.0,-24.0,-20.0,-2.0,1.0,0.0,1333.0,12.0,-181.0,172.0,-194.0,-58.0,1132.0,-10.0,-2.0,-32.0,1.0,27.0,26.0
5.0,-2.0,-13.0,2.0,-20.0,-13.0,-5.0,7.0,2.0,-4.0,-7.0,0.0,-2.0,15.0,3.0,-7.0,-35.0,5.0,5.0,-57.0,3.0,-451.0,-190.0,-1.0,-3.0,-2.0,3543.0,3.0,-256.0,599.0,94.0,0.0,3324.0,6.0,-4.0,-17.0,0.0,-5.0,-4.0
9.0,-10.0,-2.0,0.0,66.0,30.0,2.0,-1.0,4.0,1.0,16.0,-3.0,-1.0,10.0,5.0,-26.0,5.0,0.0,-4.0,63.0,-1.0,-42.0,-105.0,-2.0,3.0,1.0,-778.0,17.0,432.0,-105.0,-92.0,-3.0,-871.0,11.0,-3.0,53.0,2.0,1.0,38.0
-6.0,7.0,7.0,-2.0,-170.0,-78.0,-9.0,-3.0,-3.0,-3.0,-24.0,-7.0,-2.0,-14.0,0.0,-3.0,-2.0,10.0,53.0,-69.0,3.0,-11.0,-21.0,1.0,-2.0,-1.0,-2769.0,-3.0,93.0,-598.0,42.0,-36.0,-3282.0,-11.0,-3.0,91.0,-2.0,4.0,-5.0
11.0,-15.0,-21.0,1.0,153.0,82.0,10.0,10.0,0.0,1.0,28.0,-2.0,3.0,-7.0,13.0,-31.0,15.0,20.0,261.0,101.0,1.0,-363.0,-290.0,1.0,-9.0,-8.0,6766.0,151.0,-863.0,822.0,-64.0,39.0,7401.0,39.0,-1.0,85.0,0.0,-18.0,0.0
-4.0,5.0,-1.0,-2.0,-188.0,-66.0,-2.0,-6.0,3.0,2.0,-13.0,-8.0,2.0,-9.0,-2.0,2.0,38.0,26.0,130.0,-233.0,-2.0,187.0,152.0,4.0,-1.0,0.0,-1564.0,-29.0,46.0,-46.0,-55.0,-102.0,-1901.0,-5.0,0.0,-95.0,-1.0,44.0,16.0
-4.0,7.0,17.0,-2.0,-92.0,-35.0,-2.0,-6.0,-7.0,1.0,-21.0,2.0,-4.0,25.0,3.0,-1.0,-9.0,-70.0,-225.0,-109.0,4.0,-285.0,-179.0,2.0,-2.0,-2.0,6700.0,-11.0,-46.0,1251.0,24.0,31.0,5832.0,-33.0,-3.0,156.0,0.0,-20.0,-9.0
-1.0,1.0,-4.0,6.0,-96.0,-44.0,-2.0,2.0,-2.0,1.0,-4.0,-8.0,-2.0,35.0,-4.0,0.0,8.0,70.0,79.0,-15.0,0.0,161.0,2.0,-1.0,0.0,0.0,-4575.0,-38.0,427.0,-510.0,90.0,-37.0,-4680.0,-7.0,4.0,-131.0,0.0,-2.0,-29.0
-7.0,6.0,-14.0,5.0,-133.0,-79.0,-15.0,-1.0,-1.0,2.0,-11.0,1.0,-2.0,18.0,-4.0,18.0,33.0,-4.0,-127.0,-15.0,1.0,-256.0,-178.0,-1.0,2.0,1.0,1015.0,10.0,-242.0,225.0,-6.0,-14.0,348.0,-14.0,2.0,-168.0,1.0,16.0,0.0
-10.0,12.0,-4.0,2.0,-12.0,-15.0,2.0,-2.0,-2.0,-1.0,-11.0,1.0,-2.0,18.0,-13.0,32.0,13.0,12.0,-121.0,-152.0,-1.0,457.0,335.0,0.0,8.0,7.0,-5587.0,-26.0,73.0,-1097.0,32.0,-40.0,-5606.0,2.0,0.0,-96.0,0.0,34.0,7.0
-6.0,8.0,15.0,-2.0,-17.0,-41.0,1.0,-6.0,-1.0,-1.0,-17.0,0.0,-3.0,-17.0,-2.0,11.0,1.0,-44.0,122.0,-62.0,-2.0,34.0,13.0,2.0,0.0,-1.0,190.0,-16.0,-71.0,-88.0,21.0,6.0,241.0,-6.0,3.0,-97.0,0.0,-4.0,-3.0
1.0,3.0,-12.0,-2.0,76.0,36.0,-2.0,-1.0,2.0,-1.0,8.0,3.0,0.0,-2.0,-4.0,19.0,-19.0,-66.0,-81.0,67.0,-3.0,-41.0,-21.0,-3.0,0.0,-1.0,5008.0,4.0,-177.0,903.0,-98.0,33.0,5469.0,-3.0,-3.0,-70.0,2.0,4.0,-2.0
-3.0,3.0,9.0,-2.0,50.0,25.0,7.0,-2.0,-1.0,1.0,0.0,-2.0,0.0,-22.0,-2.0,-4.0,1.0,27.0,122.0,-61.0,-4.0,137.0,80.0,4.0,-1.0,-1.0,-2557.0,-44.0,380.0,-255.0,286.0,66.0,-1802.0,1.0,1.0,108.0,0.0,-16.0,-10.0
-3.0,5.0,6.0,-3.0,-87.0,-32.0,6.0,-4.0,-1.0,0.0,-8.0,-3.0,1.0,-2.0,-2.0,9.0,34.0,8.0,53.0,-23.0,2.0,487.0,218.0,-1.0,4.0,4.0,-6865.0,-17.0,323.0,-1092.0,-143.0,-87.0,-7023.0,-4.0,3.0,-37.0,-1.0,10.0,-8.0
4.0,-7.0,-2.0,4.0,117.0,49.0,5.0,9.0,-1.0,1.0,20.0,3.0,-1.0,0.0,2.0,-1.0,-8.0,28.0,-11.0,73.0,-1.0,-55.0,9.0,-3.0,6.0,4.0,-3138.0,-14.0,152.0,-560.0,80.0,61.0,-2885.0,8.0,6.0,-76.0,2.0,-35.0,-15.0
12.0,-10.0,4.0,-2.0,31.0,4.0,-7.0,1.0,6.0,0.0,12.0,-3.0,4.0,-5.0,5.0,-19.0,-28.0,6.0,308.0,139.0,-3.0,46.0,63.0,-1.0,-2.0,-1.0,-4577.0,-3.0,-47.0,-729.0,-20.0,-21.0,-4031.0,12.0,3.0,-87.0,0.0,-4.0,8.0
1.0,-5.0,15.0,-6.0,140.0,86.0,6.0,-8.0,2.0,1.0,6.0,4.0,0.0,-26.0,1.0,-6.0,-5.0,4.0,-64.0,91.0,-2.0,-55.0,61.0,3.0,1.0,1.0,2736.0,18.0,45.0,323.0,-218.0,34.0,3298.0,4.0,-4.0,156.0,0.0,2.0,15.0
4.0,-7.0,-12.0,0.0,183.0,62.0,7.0,7.0,-4.0,0.0,11.0,12.0,1.0,39.0,0.0,0.0,-40.0,-3.0,-215.0,77.0,3.0,-60.0,13.0,-1.0,-5.0,-2.0,5203.0,46.0,-569.0,678.0,76.0,101.0,5527.0,5.0,0.0,169.0,-2.0,-26.0,-48.0
-1.0,3.0,21.0,-4.0,44.0,-1.0,-6.0,0.0,4.0,-1.0,-4.0,10.0,2.0,-23.0,-2.0,5.0,-32.0,-62.0,-104.0,20.0,-1.0,91.0,95.0,-2.0,0.0,0.0,-761.0,-84.0,223.0,-51.0,112.0,30.0,-941.0,-19.0,-1.0,45.0,0.0,-7.0,21.0
-3.0,-2.0,-7.0,4.0,128.0,41.0,10.0,10.0,1.0,3.0,11.0,5.0,0.0,7.0,-7.0,16.0,21.0,66.0,74.0,-49.0,-3.0,248.0,195.0,0.0,6.0,4.0,-5039.0,-11.0,-81.0,-985.0,19.0,-4.0,-4438.0,11.0,4.0,-133.0,2.0,21.0,6.0
-3.0,5.0,-12.0,0.0,-28.0,-11.0,2.0,-2.0,-5.0,-1.0,-4.0,3.0,0.0,41.0,-6.0,17.0,-18.0,-3.0,-291.0,-186.0,2.0,281.0,314.0,0.0,2.0,5.0,-47.0,-12.0,-217.0,-40.0,114.0,24.0,-427.0,-1.0,2.0,35.0,-3.0,-4.0,-46.0
-2.0,4.0,20.0,-3.0,-52.0,-34.0,-8.0,-8.0,-1.0,4.0,-13.0,2.0,0.0,33.0,-3.0,7.0,29.0,-16.0,60.0,37.0,1.0,283.0,127.0,0.0,2.0,2.0,-5148.0,0.0,-107.0,-858.0,-193.0,-65.0,-5402.0,-20.0,3.0,-77.0,0.0,11.0,5.0
4.0,-2.0,3.0,-2.0,103.0,29.0,12.0,6.0,-2.0,-3.0,0.0,4.0,0.0,1.0,2.0,-3.0,-41.0,-28.0,31.0,81.0,2.0,81.0,9.0,-1.0,-1.0,-1.0,69.0,1.0,58.0,-91.0,48.0,25.0,528.0,3.0,-2.0,147.0,0.0,-13.0,-9.0
17.0,-20.0,-35.0,1.0,191.0,101.0,14.0,7.0,-1.0,1.0,40.0,-2.0,2.0,44.0,12.0,-40.0,2.0,17.0,-34.0,-22.0,2.0,-124.0,-81.0,-1.0,-4.0,-2.0,5941.0,156.0,-648.0,677.0,-42.0,60.0,6103.0,49.0,-2.0,173.0,-1.0,-21.0,-8.0
-11.0,9.0,10.0,2.0,4.0,-6.0,-7.0,-5.0,-6.0,4.0,-17.0,8.0,-5.0,40.0,-6.0,17.0,23.0,-30.0,-301.0,-79.0,2.0,-250.0,-154.0,2.0,0.0,-1.0,6294.0,20.0,-383.0,963.0,-30.0,43.0,5652.0,-28.0,-3.0,47.0,1.0,5.0,5.0
2.0,-9.0,-17.0,2.0,73.0,46.0,7.0,7.0,3.0,0.0,20.0,0.0,2.0,-38.0,5.0,-12.0,24.0,52.0,38.0,122.0,0.0,-218.0,-219.0,-1.0,-4.0,-4.0,3464.0,40.0,20.0,575.0,-36.0,30.0,3805.0,19.0,0.0,27.0,0.0,-10.0,-6.0
-10.0,13.0,-12.0,5.0,-262.0,-101.0,-13.0,5.0,-2.0,-1.0,-21.0,-4.0,1.0,-13.0,-5.0,30.0,26.0,15.0,1.0,-12.0,3.0,-107.0,-90.0,-1.0,3.0,2.0,-3531.0,-36.0,24.0,-351.0,37.0,-93.0,-4021.0,-21.0,0.0,-146.0,1.0,32.0,4.0
7.0,-7.0,-3.0,4.0,50.0,13.0,1.0,8.0,-1.0,0.0,20.0,0.0,3.0,17.0,4.0,-10.0,-28.0,-40.0,11.0,65.0,0.0,138.0,9.0,-4.0,-3.0,-3.0,2128.0,30.0,-250.0,200.0,-13.0,1.0,1855.0,7.0,2.0,-42.0,0.0,-7.0,7.0
-2.0,7.0,-7.0,-1.0,-139.0,-57.0,-14.0,-6.0,1.0,-4.0,-22.0,-2.0,-2.0,21.0,-1.0,4.0,10.0,-13.0,-92.0,-1.0,6.0,-177.0,-142.0,-2.0,-3.0,-1.0,1311.0,28.0,-189.0,204.0,-122.0,-71.0,559.0,-4.0,-5.0,-30.0,-2.0,9.0,-4.0
-7.0,5.0,-1.0,1.0,-174.0,-74.0,-1.0,-7.0,0.0,3.0,-22.0,-7.0,-2.0,19.0,-7.0,11.0,33.0,68.0,49.0,-91.0,-1.0,118.0,46.0,4.0,1.0,1.0,-2319.0,-38.0,334.0,-99.0,-141.0,-94.0,-2407.0,-19.0,0.0,-91.0,0.0,47.0,-7.0
3.0,0.0,9.0,1.0,7.0,-1.0,-1.0,3.0,3.0,-3.0,-3.0,-5.0,-2.0,-36.0,4.0,-12.0,-35.0,-33.0,193.0,27.0,-3.0,-346.0,-222.0,1.0,0.0,-3.0,1731.0,-28.0,304.0,323.0,115.0,11.0,2024.0,2.0,-5.0,15.0,3.0,3.0,47.0
-6.0,5.0,4.0,0.0,-241.0,-95.0,-6.0,0.0,-1.0,0.0,-17.0,-12.0,-1.0,-23.0,0.0,-2.0,28.0,64.0,172.0,-229.0,0.0,121.0,140.0,2.0,3.0,3.0,-7471.0,-46.0,291.0,-1204.0,67.0,-77.0,-8068.0,-8.0,3.0,-80.0,-1.0,13.0,-4.0
8.0,-8.0,12.0,0.0,-34.0,1.0,1.0,-6.0,0.0,1.0,5.0,-1.0,2.0,9.0,11.0,-32.0,0.0,-10.0,-46.0,51.0,3.0,-196.0,-153.0,2.0,-4.0,-2.0,2800.0,10.0,165.0,680.0,37.0,7.0,2251.0,3.0,2.0,112.0,-2.0,-29.0,1.0
